3658308
5082349
2709348
3628443
3628464
3628481
3628486
3628514
3628515
3628516
3628526
3628540
3628560
3628561
3628592
3628596
3628609
3628612
3628637
3628642
3628644
3628659
3628671
3628689
3628691
3628693
3628697
3628712
3628714
3628722
3628724
3628739
3628745
3628750
3628756
3628761
3628763
3628856
3628860
3628863
3628869
3628897
3628910
3628925
3628926
3628928
3628938
3628971
3629024
3629025
3629029
3629033
3629048
3629061
3629067
3629085
3629094
3629107
3629117
3629130
3629134
3629139
3629164
3629172
3629182
3629224
3629233
3629234
3629238
3634796
3634808
3634850
3634857
3634878
3634879
3634882
3634886
3634898
3634934
3634945
3634947
3634954
3634958
3634963
3634966
3634972
3634974
3634999
3635003
3635027
3635028
3635030
3635035
3635038
3635039
3635041
3635043
3635111
3635124
3635161
3635166
3635195
3635199
3635203
3635240
3635249
3635262
3635271
3635286
3635311
3635324
3635337
3635354
3635355
3635363
3635375
3635387
3635392
3635403
3635408
3635414
3635415
3635423
3635425
3635435
3635438
3635453
3635467
3635468
3635472
3635504
3635520
3635530
3635531
3635543
3635550
3635551
3635554
3635565
3635567
3635577
3635594
3635596
3635616
3635620
3635624
3635648
3635663
3635669
3635689
3635697
3635698
3635702
3635707
3635731
3635736
3635757
3635761
3635787
3635790
3635807
3635811
3635813
3635814
3635815
3635835
3635845
3635856
3635857
3635860
3635865
3635868
3635873
3635885
3635898
3635900
3635901
3635905
3635915
3635917
3635918
3635920
3635933
3635941
3635944
3635949
3635958
3635963
3635971
3635977
3635978
3635986
3635988
3635991
3635998
3636000
3636007
3636014
3636018
3636023
3636033
3636034
3636037
3636040
3636051
3636059
3636070
3636076
3636079
3636086
3636101
3636113
3636135
3636138
3636143
3636154
3636158
3636181
3636187
3636222
3636223
3636246
3636247
3636264
3636275
3636282
3636293
3636309
3636739
3636749
3636757
3636763
3636766
3636776
3636785
3636789
3636791
3636793
3636812
3636816
3636822
3636823
3636824
3636826
3636829
3636839
3636870
3636881
3636883
3637403
3637438
3637445
3637457
3649066
3649087
3649089
3649095
3649096
3649100
3649115
3649117
3649123
3649126
3649183
3649198
3649215
3649216
3649217
3649241
3649256
3649262
3649268
3649270
3649288
3649310
3649319
3649330
3649353
3649365
3649367
3649373
3649397
3649416
3649421
3649426
3649427
3649432
3649447
3649449
3649452
3649457
3649467
3649470
3649471
3649473
3649479
3649497
3649504
3649507
3649541
3649565
3649592
3649605
3649613
3649631
3649638
3649653
3649666
3649671
3649693
3649698
3649703
3649738
3649751
3649773
3649796
3649797
3649805
3649818
3649824
3649829
3649836
3649843
3649844
3649862
3649872
3649876
3649878
3649884
3649901
3649907
3649913
3649922
3649927
3649935
3649938
3649942
3649945
3649949
3649952
3649953
3649961
3649962
3649966
3650000
3650022
3650028
3650050
3650075
3650076
3650080
3650086
3650091
3650102
3650105
3650109
3650114
3650128
3650134
3650155
3650171
3650173
3650191
3650239
3650243
3650244
3650253
3650255
3650260
3650900
3650912
3650917
3650923
3659793
3659796
3659801
3659816
3659817
3659830
3659839
3659850
3659868
3659878
3659879
3659898
3659938
3660012
3660019
3660027
3660031
3660036
3660040
3660043
3660059
3660060
3660064
3660090
3660107
3660111
3660135
3660197
3660216
3660224
3660246
3660313
3660318
3660340
3660345
3660355
3660358
3660406
3660450
3660451
3660456
3660471
3660477
3660479
3660497
3660498
3660503
3660506
3660509
3660525
3660555
3660558
3660588
3660592
3660601
3660603
3660604
3660608
3660609
3660645
3660658
3660662
3660674
3660685
3660693
3660716
3660771
3660773
3660779
3660785
3660789
3660799
3660812
3660825
3660851
3660877
3660878
3660879
3660888
3660899
3660916
3660919
3660924
3660926
3660933
3660934
3660937
3660938
3660946
3660953
3660954
3660959
3660967
3660968
3660970
3660972
3660986
3660997
3660999
3661030
3661041
3661047
3661053
3661070
3661083
3661103
3661104
3661106
3661116
3661136
3661164
3661169
3661175
3661201
3661206
3661217
3661254
3661259
3661304
3661317
3661363
3661365
3661398
3661407
3661411
3661414
3661418
3661437
3661487
3661491
3661493
3661497
3661500
3661557
3661571
3661586
3661597
3661613
3661620
3661623
3661629
3661640
3661642
3661655
3661697
3661700
3661709
3661730
3661745
3661755
3661759
3661763
3661771
3661776
3661827
3661828
3661865
3661878
3661893
3661897
3661899
3661925
3661939
3661944
3661946
3661956
3661957
3661963
3661974
3661983
3662008
3662010
3662028
3662066
3662088
3662096
3662100
3662106
3662111
3662173
3662179
3662180
3662186
3662193
3662194
3662196
3662199
3662211
3662217
3662231
3662267
3662286
3662289
3662293
3662318
3662330
3662377
3662382
3662404
3662439
3662442
3662445
3662454
3662459
3662463
3662464
3662487
3662492
3662495
3662507
3662511
3662517
3662525
3662536
3662541
3662552
3662581
3662585
3662590
3662605
3662607
3662636
3662650
3662651
3662658
3662664
3662672
3662675
3662708
3662709
3662714
3662717
3662726
3662730
3662739
3662742
3662761
3662767
3662803
3662817
3662868
3662870
3662873
3662876
3662881
3662882
3662917
3662919
3662930
3662933
3662947
3662948
3662992
3663000
3663007
3663009
3663018
3663044
3663080
3663097
3663107
3663113
3663135
3663148
3663157
3663175
3663193
3663202
3663203
3663211
3663224
3663234
3663239
3663260
3663267
3663273
3663282
3663283
3663284
3663307
3663317
3663327
3663335
3663337
3663350
3663357
3663379
3663382
3663383
3663385
3663388
3663389
3663401
3663402
3663408
3663412
3663422
3663453
3663972
3663975
3663978
3663980
3663984
3663985
3663989
3677575
3677581
3677604
3677610
3677612
3677622
3677628
3677654
3677670
3677704
3677716
3677720
3677728
3677729
3677775
3677777
3677782
3677785
3677793
3677794
3677795
3677820
3677828
3677831
3677848
3677870
3677883
3677901
3677908
3677912
3677913
3677931
3677946
3687228
3687242
3687243
3687246
3687250
3687261
3687285
3687319
3687323
3687324
3687325
3687341
3687361
3687387
3687402
3687428
3687429
3687443
3687451
3687454
3687488
3687527
3687551
3687554
3687556
3687567
3687574
3687580
3687589
3687602
3687623
3687749
3687763
3687764
3687799
3687840
3687847
3687869
3687930
3687972
3688015
3688026
3688031
3688035
3688078
3688081
3688114
3688118
3688119
3688120
3688135
3688142
3688143
3688146
3688150
3688203
3688280
3688297
3688316
3688317
3688319
3688358
3688404
3688405
3688409
3688421
3688424
3688432
3688444
3688469
3688512
3688519
3688524
3688528
3688539
3688540
3688559
3688568
3688580
3688584
3688604
3688611
3688613
3688614
3688615
3688655
3688696
3688701
3688729
3688746
3688753
3688757
3688770
3688777
3688779
3688799
3688800
3688817
3688870
3688887
3688894
3688895
3688897
3688904
3688923
3688928
3688947
3688956
3688964
3688965
3688975
3688985
3688986
3688995
3688996
3689000
3689011
3689020
3689038
3689055
3689061
3689069
3689082
3689093
3689097
3689101
3689102
3689132
3689133
3689137
3689146
3689153
3689169
3689175
3689186
3689193
3689199
3689207
3689284
3689313
3689322
3689323
3689324
3689343
3689348
3689363
3689366
3689369
3689426
3689435
3689441
3689456
3689459
3689461
3689476
3689487
3689500
3689502
3689508
3689559
3689564
3689565
3689577
3689588
3689590
3689632
3689897
3689899
3689907
3689909
3689924
3705685
3705715
3705720
3705724
3705728
3705742
3705743
3705760
3705772
3705795
3705820
3705823
3705825
3705840
3705844
3705856
3705859
3705861
3705877
3705907
3705913
3705918
3705919
3705949
3705954
3705968
3705971
3705976
3705980
3705991
3705992
3706019
3706023
3706056
3706078
3706135
3706142
3706154
3706159
3706162
3706197
3706201
3706222
3706224
3706268
3706270
3706278
3706283
3706291
3706292
3706296
3706299
3706310
3706317
3706335
3706343
3706349
3706353
3706370
3706399
3706413
3706414
3706420
3706431
3706441
3706477
3706507
3706517
3706554
3706587
3706597
3706613
3706624
3706632
3706633
3706641
3706643
3706644
3706681
3706695
3706697
3706698
3706700
3706726
3706742
3706747
3706748
3706756
3706764
3706798
3706799
3706800
3706812
3706825
3706870
3706896
3706897
3706917
3706918
3706943
3706945
3706946
3706955
3706962
3707003
3707017
3707022
3707034
3707036
3707041
3707048
3707061
3707080
3707081
3707088
3707089
3707104
3707111
3707120
3707130
3707138
3707158
3707173
3707184
3707185
3707194
3707204
3707207
3707209
3707216
3707221
3707224
3707225
3707234
3707240
3707256
3707294
3707304
3707312
3707318
3707355
3707365
3707402
3707405
3707421
3707424
3707427
3707462
3707463
3707469
3707478
3707497
3707498
3707499
3707515
3707526
3707531
3707609
3707613
3707620
3707632
3707637
3707640
3707672
3707721
3707729
3707740
3707741
3707784
3707789
3707790
3707791
3707800
3707807
3707808
3707811
3707812
3707814
3707835
3707852
3707855
3707874
3707875
3707892
3707923
3707979
3707996
3707998
3708010
3708022
3708025
3708027
3708040
3708055
3708089
3708117
3708119
3708120
3708122
3708131
3708132
3708157
3708164
3708166
3708182
3708222
3708226
3708244
3708288
3708301
3708312
3708321
3708329
3708337
3708340
3708355
3708359
3708365
3708385
3708406
3708407
3708424
3708426
3708478
3708481
3708499
3708502
3708503
3708531
3708542
3708544
3708558
3708598
3708599
3708610
3708618
3708623
3708647
3708650
3708656
3708659
3708660
3708662
3723920
3723993
3723995
3724014
3724020
3724033
3724034
3724043
3724057
3724077
3724078
3724087
3724101
3724103
3724104
3724106
3724112
3724120
3724125
3724136
3724151
3724152
3724168
3724185
3724202
3724204
3724248
3724258
3724268
3724314
3724331
3724336
3724342
3724349
3724354
3724371
3724408
3724430
3724432
3724435
3724436
3724488
3724489
3724490
3724498
3724503
3724569
3724571
3724601
3724602
3724661
3724662
3724663
3724680
3724683
3724688
3724701
3724716
3724717
3724720
3724756
3724773
3724781
3724800
3724816
3724819
3724831
3724839
3724868
3724880
3724882
3724905
3724909
3724916
3724920
3724975
3724987
3725002
3725042
3725052
3725068
3725086
3725133
3725136
3725174
3725245
3725248
3725249
3725301
3725303
3725310
3725316
3725318
3725328
3725387
3725408
3725480
3725503
3725514
3725516
3725652
3725705
3725708
3725718
3725719
3725720
3725723
3725771
3725796
3725807
3725816
3725822
3725831
3725835
3725839
3725841
3725859
3725904
3725911
3725923
3725926
3725948
3725951
3725999
3726015
3726026
3726028
3726039
3726050
3726056
3726068
3726085
3726118
3726147
3726151
3726210
3726211
3726239
3726259
3726263
3726287
3726292
3726295
3726318
3726343
3726362
3726387
3726434
3726450
3726459
3726471
3726482
3726504
3726506
3726508
3726509
3726521
3726538
3726581
3726596
3726601
3726623
3726687
3726727
3726738
3726761
3726763
3726771
3726776
3726787
3726788
3726789
3726825
3726827
3726830
3726847
3726866
3726889
3726901
3726932
3726937
3726983
3726984
3727005
3727008
3727009
3727019
3727032
3727033
3727071
3727079
3727082
3727083
3727101
3727105
3727113
3727191
3727219
3727232
3727234
3727298
3727389
3727394
3727406
3727429
3727432
3727437
3727438
3727448
3727451
3727520
3727564
3727565
3727568
3727569
3727571
3727573
3727578
3727596
3727601
3727614
3727615
3727624
3727629
3727645
3727674
3727680
3727746
3727755
3727757
3727776
3727789
3727791
3727798
3727802
3727845
3727870
3727875
3727907
3727922
3727923
3727925
3727980
3727993
3727994
3727996
3728005
3728009
3728020
3728021
3728109
3728114
3729819
3729824
3729832
3729896
3729900
3729902
3729906
3729943
3729958
3729982
3729987
3730020
3730051
3730093
3730096
3730110
3757246
3757288
3757293
3757299
3757334
3757335
3757418
3757431
3757468
3757486
3757500
3757518
3757526
3757527
3757534
3757539
3757546
3757565
3757566
3757598
3757622
3757644
3757665
3757673
3757692
3757700
3757703
3757705
3757726
3757727
3757732
3757741
3757755
3757758
3757767
3757770
3757772
3757775
3757802
3757820
3757866
3757870
3757880
3757885
3757886
3757917
3757927
3757930
3757931
3757932
3757936
3757968
3757975
3757976
3757984
3757985
3758002
3758041
3758045
3758048
3758050
3758054
3758055
3758074
3758087
3758100
3758105
3758117
3758134
3758137
3758140
3758147
3758171
3758172
3758175
3758199
3758205
3758222
3758226
3758237
3758239
3758255
3758258
3758268
3758273
3758292
3758297
3758313
3758315
3758346
3758407
3758426
3758431
3758437
3758489
3758492
3758497
3758503
3758514
3758519
3758526
3758527
3758529
3758534
3758544
3758632
3758633
3758660
3758663
3758678
3758682
3758685
3758732
3758738
3758780
3758793
3758800
3758804
3758811
3758829
3758837
3758843
3758850
3758858
3758860
3758861
3758862
3758897
3758900
3758904
3758946
3758981
3758986
3758990
3758991
3759017
3759038
3759123
3759132
3759172
3759188
3759252
3759299
3759308
3759324
3759361
3759395
3759452
3759454
3759473
3759474
3759540
3759602
3759634
3759653
3759658
3759662
3759678
3759694
3759699
3759714
3759719
3759732
3759775
3759778
3759779
3759800
3759824
3759826
3759828
3759832
3759833
3759916
3759919
3759933
3759948
3760050
3760057
3760061
3760087
3760096
3760105
3760157
3760166
3760187
3760189
3760250
3760273
3760277
3760330
3760333
3760428
3760447
3760463
3760466
3760467
3760475
3760480
3760526
3760576
3760584
3760592
3760593
3760609
3760611
3760622
3760627
3760635
3760636
3760741
3760778
3760782
3760811
3760826
3760845
3760850
3760861
3760894
3760900
3760917
3760975
3761001
3761004
3761024
3761029
3761096
3761110
3761139
3761145
3761150
3761152
3761156
3761208
3761227
3761259
3761264
3761280
3761283
3761284
3761293
3761297
3772594
3781572
3781573
3781595
3781598
3781601
3781630
3781631
3781635
3781658
3781669
3781683
3781694
3781743
3781753
3781757
3781766
3781885
3781887
3781901
3781914
3781923
3781942
3781947
3781960
3781976
3781980
3781984
3781988
3782006
3782011
3782014
3782020
3782031
3782038
3782041
3782044
3782049
3782054
3782067
3782095
3782151
3782213
3782225
3782264
3782277
3782292
3782334
3782349
3782356
3782386
3782387
3782462
3782469
3782570
3782611
3782616
3782630
3782643
3782647
3782677
3782684
3782778
3782809
3782810
3782833
3782852
3782877
3782878
3782885
3782927
3782929
3782931
3782940
3782959
3783015
3783025
3783048
3783107
3783112
3783120
3783125
3783139
3783149
3783152
3783153
3783155
3783171
3783178
3783180
3783181
3783193
3783195
3783204
3783205
3783281
3783282
3783287
3783290
3783323
3783326
3783332
3783335
3783338
3783345
3783387
3783391
3783395
3783403
3783418
3783421
3783428
3783438
3783450
3783483
3783500
3783531
3783533
3783560
3783608
3783636
3783637
3783644
3783646
3783659
3783662
3783673
3783677
3783686
3783689
3783704
3783730
3783731
3783772
3783775
3783778
3783783
3783788
3783789
3783817
3783822
3783859
3784306
3784336
3784378
3784387
3784391
3784398
3784417
3784471
3784487
3784497
3784499
3784509
3784518
3784523
3784582
3785119
3786351
3810764
3810810
3810891
3811015
3811057
3811060
3811081
3811103
3811109
3811148
3811167
3811170
3811248
3811285
3811335
3811343
3811356
3811381
3811391
3811394
3811397
3811444
3811450
3811457
3811476
3811480
3811522
3811551
3811560
3811579
3811600
3811601
3811608
3811656
3811660
3811721
3811725
3811759
3811769
3811778
3811786
3811789
3811826
3811827
3811829
3811834
3811865
3811872
3811877
3811893
3811894
3811895
3811961
3811962
3811963
3811992
3811995
3812036
3812039
3812058
3812067
3812070
3812089
3812098
3812122
3812157
3812161
3812165
3812173
3812193
3812216
3812232
3812258
3812259
3812292
3812299
3812302
3812323
3812340
3812359
3812369
3812371
3812403
3812413
3812417
3812440
3812441
3812443
3812538
3812560
3812571
3812584
3812606
3812634
3812645
3812665
3812703
3812705
3812776
3812814
3812817
3812831
3812840
3812845
3812853
3812900
3812969
3812991
3812998
3813004
3813062
3813066
3813094
3813096
3813139
3813142
3813152
3813155
3813171
3813193
3813195
3813205
3813207
3813217
3813235
3813264
3813349
3813357
3813358
3813364
3813365
3813377
3813378
3813382
3813390
3813391
3813402
3813407
3813414
3813419
3813420
3813428
3813431
3813444
3813490
3813521
3813549
3813565
3813569
3813580
3813585
3813593
3813594
3813645
3813650
3813721
3813741
3813751
3813753
3813761
3813766
3813769
3813805
3813856
3813897
3813934
3813940
3813951
3813959
3813967
3814001
3814008
3814031
3814061
3814066
3814088
3814147
3814157
3814253
3814257
3814264
3814269
3814272
3814311
3814338
3814346
3814355
3814362
3814379
3814382
3814397
3814412
3815467
3815481
3815491
3815493
3815557
3815560
3815562
3815574
3841167
3841169
3841173
3841184
3841195
3841210
3841211
3841214
3841241
3841260
3841289
3841290
3841304
3841310
3841325
3841361
3841367
3841389
3841421
3841475
3841511
3841513
3841518
3841534
3841546
3841553
3841592
3841595
3841615
3841620
3841631
3841635
3841640
3841676
3841677
3841681
3841683
3841688
3841703
3841704
3841748
3841752
3841761
3841764
3841827
3841831
3841837
3841862
3841871
3841883
3841888
3841895
3841897
3841911
3841913
3841920
3841927
3841948
3841949
3841952
3841975
3841994
3842087
3842114
3842125
3842139
3842150
3842152
3842158
3842166
3842178
3842205
3842217
3842260
3842310
3842333
3842345
3842355
3842360
3842361
3842364
3842403
3842415
3842425
3842428
3842439
3842443
3842445
3842499
3842515
3842553
3842554
3842555
3842564
3842576
3842578
3842610
3842613
3842640
3842673
3842677
3842725
3842747
3842780
3842817
3842821
3842851
3842925
3842931
3842941
3842943
3842945
3842962
3842964
3842971
3843025
3843026
3843034
3843051
3843058
3843059
3843097
3843145
3843174
3843175
3843248
3843328
3843329
3843346
3843351
3843354
3843370
3843385
3843450
3843453
3843455
3843461
3843495
3843501
3843502
3843506
3843511
3843540
3843571
3843598
3843637
3843640
3843657
3843669
3843687
3843760
3843766
3843767
3843769
3843777
3843779
3843799
3843814
3843842
3843851
3843883
3843885
3843938
3843995
3843999
3844010
3844012
3844035
3844040
3844045
3844052
3844061
3844084
3844112
3844122
3844151
3844154
3844160
3844174
3844177
3844189
3844191
3844204
3844242
3844264
3844265
3844270
3844277
3844280
3844302
3844316
3844351
3844353
3844439
3844458
3844464
3844518
3844549
3844553
3844580
3844585
3844628
3844680
3844683
3844697
3844709
3844710
3844711
3844712
3844713
3844718
3844736
3844738
3844773
3844837
3844840
3844952
3844964
3844967
3844968
3844980
3844993
3844994
3845002
3845019
3845022
3845023
3845063
3845114
3845144
3845160
3845170
3845174
3845205
3845231
3845326
3845331
3845363
3845365
3845452
3845455
3845463
3845480
3845487
3845510
3845517
3845518
3845523
3845542
3845567
3845584
3845604
3845609
3845619
3845628
3845656
3845659
3845677
3845678
3845774
3845781
3845818
3845820
3845862
3845868
3845882
3845886
3845910
3845924
3845977
3845988
3846104
3846133
3846134
3846160
3846162
3846199
3846207
3846209
3846211
3846221
3846224
3846260
3846262
3846284
3846312
3846314
3846325
3846346
3846351
3846376
3846380
3846397
3846412
3846431
3846468
3846489
3848538
3867503
3867505
3867518
3867564
3867566
3867572
3867586
3867596
3867614
3867635
3867673
3867751
3867754
3867756
3867760
3867763
3867772
3867791
3867792
3867815
3867854
3867859
3867939
3867971
3868024
3868027
3868039
3868078
3868105
3868107
3868123
3868145
3868156
3868174
3868176
3868181
3868220
3868224
3868229
3868396
3868401
3868441
3868443
3868462
3868468
3868484
3868501
3868502
3868509
3868519
3868523
3868543
3868546
3868554
3868572
3868573
3868581
3868602
3868620
3868625
3868643
3868652
3868724
3868725
3868742
3868757
3868767
3868802
3868803
3868805
3868807
3868830
3868831
3868850
3868854
3868875
3868887
3868888
3868897
3868900
3868901
3868909
3868922
3868930
3868961
3868971
3868975
3869010
3869015
3869021
3869024
3869115
3869116
3869158
3869163
3869170
3869172
3869178
3869213
3869220
3869221
3869238
3869239
3869266
3869270
3869272
3869280
3869281
3869294
3869295
3869303
3869307
3869320
3869356
3869363
3869364
3869386
3869389
3869391
3869394
3869431
3869434
3869437
3869445
3869447
3869458
3869463
3869549
3869587
3869602
3869624
3869817
3869830
3869834
3869835
3869844
3869847
3869873
3869874
3869881
3869915
3869917
3869925
3869963
3869964
3869969
3869971
3870005
3870063
3870093
3870143
3870164
3870167
3870177
3870189
3870204
3870208
3870240
3870259
3870319
3870385
3870387
3870529
3870544
3870580
3870584
3870647
3870692
3870694
3870697
3870707
3870708
3870709
3870733
3870760
3870764
3870784
3870786
3870820
3870828
3870834
3870908
3870909
3870950
3870989
3870992
3871004
3871011
3871024
3871073
3871075
3871078
3871094
3871140
3871152
3871158
3871166
3871179
3871182
3871191
3871221
3871225
3871264
3871284
3871297
3871301
3871303
3871324
3871353
3871364
3871372
3871380
3871383
3871466
3871468
3871532
3871555
3871556
3871572
3871575
3871580
3871628
3871654
3871656
3871657
3871663
3871786
3871789
3871792
3871805
3871835
3871872
3871887
3871893
3871903
3871912
3871917
3871930
3871957
3871958
3871976
3871977
3872001
3872015
3872070
3872073
3872076
3872079
3872084
3872095
3872101
3872309
3872315
3872330
3872342
3872378
3872379
3872383
3872387
3872398
3872404
3872411
3872421
3872423
3872425
3872430
3872433
3872498
3872534
3872542
3872544
3872565
3872575
3872580
3872582
3872592
3872599
3872656
3872663
3872701
3872724
3872748
3872832
3872834
3872865
3872868
3872873
3872931
3872966
3872999
3873026
3873030
3873035
3873053
3873069
3873073
3873077
3873122
3873181
3873197
3873228
3873263
3873264
3873265
3873277
3873299
3873312
3873315
3873321
3873341
3873344
3873400
3873420
3873440
3873446
3873447
3873469
3873475
3873479
3873540
3873552
3873559
3873563
3873564
3873568
3873587
3873701
3873778
3873780
3873822
3873823
3873825
3873828
3873851
3873857
3873929
3873939
3873944
3873968
3873969
3873977
3873978
3874014
3874027
3874043
3874048
3874049
3874060
3874114
3874128
3874129
3874130
3874132
3874145
3874150
3874177
3874183
3874191
3874192
3874203
3874236
3874251
3874263
3874326
3874330
3874357
3874365
3874420
3874423
3874441
3874458
3874477
3874479
3874506
3874509
3874536
3874548
3874585
3874589
3874615
3874646
3874657
3874661
3874662
3874680
3874724
3874737
3874742
3874743
3874800
3874805
3874823
3874831
3874845
3874870
3874873
3874889
3874923
3874946
3874967
3874976
3874980
3874984
3874994
3875056
3875060
3875064
3875068
3875090
3875113
3875160
3875205
3875207
3875219
3875250
3875258
3875264
3875335
3875341
3875357
3875360
3875365
3875373
3875413
3875427
3875434
3875460
3875461
3875489
3875491
3875497
3875518
3875557
3875560
3875561
3875596
3875609
3875622
3875649
3875663
3875695
3875697
3875715
3875732
3875749
3875750
3875803
3875849
3875854
3875908
3875914
3875921
3875923
3875926
3875984
3875991
3875992
3876002
3925275
3925315
3925332
3925340
3925341
3925351
3925361
3925364
3925369
3925375
3925378
3925379
3925383
3925414
3925428
3925430
3925437
3925443
3925463
3925477
3925484
3925490
3925498
3925503
3925525
3925539
3925542
3925553
3925566
3925573
3925574
3925576
3925586
3925603
3925605
3925624
3925628
3925630
3925642
3925649
3925681
3925687
3925702
3925705
3925710
3925779
3925787
3925804
3925808
3925827
3925866
3925925
3925941
3925945
3925947
3925948
3925957
3925959
3925962
3926019
3926020
3926028
3926029
3926041
3926074
3926075
3926088
3926102
3926117
3926125
3926149
3926156
3926193
3926273
3926278
3926279
3926283
3926287
3926290
3926297
3926329
3926332
3926360
3926389
3926403
3926407
3926439
3926442
3926446
3926609
3926610
3926649
3926665
3926667
3926670
3926672
3926673
3926688
3926766
3926787
3926799
3926817
3926845
3926876
3926889
3926972
3926979
3926985
3926991
3926993
3926996
3926997
3927028
3927030
3927038
3927042
3927051
3927059
3927061
3927064
3927066
3927090
3927099
3927102
3927103
3927161
3927180
3927183
3927198
3927281
3927282
3927335
3927336
3927340
3927408
3927416
3927418
3927579
3927647
3927703
3927762
3927768
3927774
3927880
3927921
3927943
3927954
3927958
3927978
3933060
3933088
3933095
3933097
3933144
3933207
3933208
3933210
3933217
3933218
3933317
3933333
3933391
3933403
3933445
3933466
3933486
3933529
3933530
3933532
3933553
3933565
3933567
3933573
3933598
3933652
3933664
3933666
3933671
3933672
3933676
3933734
3933800
3933802
3933851
3933858
3933864
3933872
3933952
3934032
3934033
3934035
3934089
3934111
3934112
3934123
3934129
3934145
3934147
3934182
3934188
3934191
3934306
3934332
3934335
3934379
3934392
3934425
3934435
3934457
3934466
3934473
3934523
3934529
3934538
3934552
3934557
3934572
3934580
3934671
3934722
3934736
3934768
3934781
3934787
3934790
3934810
3934823
3934843
3934848
3934850
3934878
3934897
3934899
3934909
3934940
3934981
3934989
3934998
3935001
3935029
3935084
3935118
3935125
3935131
3935151
3935157
3935171
3935179
3935225
3935235
3935260
3935281
3935286
3935289
3935308
3935327
3935330
3935418
3935420
3935447
3935497
3935500
3935511
3935513
3935537
3935580
3935609
3935613
3935614
3935622
3935653
3935699
3935724
3935727
3935733
3935745
3935795
3935801
3935817
3935838
3935875
3935885
3935908
3935912
3935926
3935927
3935934
3935938
3935948
3935961
3935969
3936014
3936082
3936096
3936137
3936141
3936171
3936177
3936185
3936211
3936258
3936277
3936305
3936420
3936482
3936484
3936486
3936527
3936623
3936627
3936630
3936631
3936632
3936638
3936660
3936688
3936710
3936715
3936742
3936753
3936755
3936759
3936773
3936780
3936783
3936794
3936796
3936798
3936799
3936801
3936859
3936923
3936955
3936961
3936966
3936999
3937034
3937036
3937048
3937062
3937082
3937098
3937100
3937112
3937117
3937142
3937152
3937154
3937184
3937200
3937204
3937208
3937213
3937217
3937246
3937259
3937289
3937295
3937296
3937298
3937305
3937308
3937339
3937349
3937388
3937410
3937414
3937425
3937477
3937552
3937559
3937561
3937562
3937563
3937636
3937771
3937779
3937858
3937863
3937864
3937870
3937884
3937888
3937933
3937952
3937975
3938045
3938046
3938093
3938112
3938114
3938159
3938173
3938175
3938176
3938177
3938180
3938182
3938183
3938188
3938194
3938197
3938214
3938225
3938252
3938318
3938321
3938331
3938349
3938365
3938376
3938440
3938477
3938482
3938487
3938502
3938509
3938510
3938533
3938535
3938592
3938617
3938645
3938653
3938663
3938695
3938699
3938701
3938715
3938719
3938721
3938743
3938771
3938777
3938783
3938784
3938788
3938792
3938796
3938802
3938864
3938891
3938934
3939028
3939029
3939035
3939051
3939062
3939067
3939068
3939071
3939084
3939130
3939133
3939135
3939140
3939156
3939164
3939166
3939167
3939216
3939232
3939235
3939287
3939421
3939423
3939506
3939525
3939548
3939550
3939551
3939692
3939711
3939738
3939739
3939780
3939832
3939881
3939884
3939907
3939910
3939950
3939964
3939965
3939983
3940018
3940019
3940103
3940124
3940161
3940178
3940179
3940196
3940214
3940220
3940239
3940241
3940268
3940281
3940283
3940290
3940318
3948118
3948124
3948130
3970301
3970366
3970375
3970405
3970417
3970420
3970431
3970497
3970500
3970534
3970549
3970556
3970566
3970589
3970602
3970604
3970607
3970612
3970629
3970638
3970671
3970678
3970708
3970726
3970733
3970926
3970936
3971051
3971052
3971089
3971096
3971099
3971109
3971111
3971127
3971132
3971142
3971204
3971250
3971251
3971257
3971342
3971344
3971386
3971389
3971403
3971415
3971425
3971441
3971453
3971462
3971463
3971464
3971468
3971470
3971508
3971952
3971957
3972013
3972018
3972026
3972028
3972053
3972073
4013571
4013576
4013591
4013594
4013628
4013629
4013681
4013684
4013739
4013782
4013784
4013786
4013819
4013832
4013837
4013860
4013864
4013871
4013874
4013904
4013944
4013957
4013962
4014017
4014021
4014106
4014107
4014186
4014239
4014251
4014253
4014255
4014387
4014396
4014408
4014437
4014449
4014463
4014487
4014535
4014540
4014615
4014645
4014647
4014648
4014651
4014661
4014684
4014737
4014750
4014751
4014753
4014763
4014764
4014774
4014778
4014838
4014841
4014894
4014897
4014906
4014916
4014922
4014928
4014951
4014961
4014964
4014966
4015022
4015042
4015051
4015055
4015056
4015164
4015182
4015266
4015278
4015299
4015310
4015326
4015362
4015367
4015368
4015370
4015397
4015439
4015446
4015471
4015474
4015500
4015502
4015603
4015607
4015623
4015699
4015700
4015706
4015756
4015798
4015800
4015807
4015819
4015841
4015845
4015875
4015879
4015890
4015902
4015906
4015909
4015918
4015945
4015953
4016048
4016061
4016082
4016111
4016127
4016147
4016185
4016187
4016207
4016323
4016349
4016350
4016352
4016388
4016404
4016405
4016423
4016431
4016438
4016487
4016495
4016499
4016505
4016511
4016540
4016558
4016562
4016567
4016590
4016592
4016597
4016667
4016672
4016679
4016721
4016778
4016779
4016872
4016895
4016921
4016945
4016954
4016982
4016984
4016990
4017051
4017059
4017089
4017107
4017111
4017216
4017247
4017270
4017273
4017311
4017346
4017351
4017362
4017364
4017368
4017373
4017423
4017453
4017471
4017472
4017473
4017529
4017533
4017535
4017556
4017669
4017968
4017970
4017974
4018014
4018025
4018055
4018143
4018162
4018196
4018198
4018259
4018295
4018305
4018504
4018517
4018518
4018542
4018596
4018610
4018620
4018659
4018662
4018677
4018690
4018706
4018727
4018771
4018780
4018783
4018788
4018813
4018848
4018865
4018906
4018928
4018950
4018961
4018973
4019001
4019012
4019014
4019070
4019075
4019079
4019092
4019133
4019203
4019225
4019354
4019374
4019402
4019405
4019449
4019483
4019623
4019625
4019639
4019640
4019670
4019671
4019686
4019703
4019704
4019801
4019819
4019823
4019830
4019832
4019848
4019851
4019856
4019913
4019917
4019952
4019956
4019995
4020031
4020049
4020050
4020061
4020062
4020111
4020112
4020113
4020116
4020208
4020212
4020227
4020247
4020253
4020272
4020276
4020288
4020294
4020302
4020322
4020324
4020334
4020342
4020351
4020360
4020369
4020393
4020400
4020418
4020440
4020451
4020455
4020486
4050912
4050924
4050935
4050938
4050995
4051005
4051011
4051014
4051020
4051058
4051107
4051115
4051116
4051166
4051167
4051231
4051232
4051313
4051332
4051333
4051352
4051375
4051399
4051414
4051417
4051424
4051445
4051447
4051461
4051462
4051463
4051520
4051549
4051551
4051560
4051571
4051612
4051639
4051684
4051692
4051693
4051730
4051773
4051793
4051853
4051856
4051945
4051947
4051948
4051970
4051988
4052021
4052022
4052060
4052065
4052070
4052078
4052089
4052137
4052155
4052195
4052374
4052429
4052434
4052435
4052447
4052454
4052456
4052569
4052606
4052609
4052628
4052740
4052744
4052767
4052936
4052937
4052968
4052977
4053004
4053006
4053017
4053027
4053056
4053075
4053083
4053090
4053111
4053128
4053129
4053149
4053151
4053164
4053213
4053222
4053241
4053279
4053287
4053395
4053520
4053526
4053528
4053547
4053554
4053674
4053692
4053717
4053734
4053782
4053844
4053865
4053869
4053871
4053873
4053878
4053911
4053921
4053922
4053927
4053939
4053947
4053949
4053979
4054003
4054023
4054084
4054093
4054193
4054208
4054210
4054231
4054232
4054239
4054302
4054315
4054351
4054362
4054374
4054376
4054378
4054391
4054395
4054409
4054411
4054421
4054428
4054440
4054449
4054457
4054462
4054476
4054481
4054570
4054578
4054631
4054681
4054690
4054747
4054860
4054898
4054900
4054965
4054982
4055884
4056285
4056313
4056355
4056396
4056787
4056791
4056792
4056871
4056873
4056876
4056879
4056880
4056922
4056924
4056925
4056927
4056929
4056952
4056956
4056989
4056995
4056997
4057020
4057035
4074828
4074869
4074889
4074891
4074909
4074915
4074926
4074929
4074938
4074943
4074970
4074974
4074986
4074990
4074992
4075004
4075101
4075184
4075186
4075206
4075281
4075477
4075483
4075515
4075517
4075519
4075571
4075610
4075655
4075683
4075687
4075710
4075752
4075768
4075780
4075791
4075817
4075822
4075823
4075833
4075842
4075855
4075859
4075876
4075920
4075924
4075991
4075995
4076082
4076151
4076157
4076159
4076162
4076203
4076204
4076276
4076318
4076369
4076396
4076496
4076507
4076526
4076558
4076638
4076719
4076726
4076749
4076761
4076764
4076834
4076844
4076849
4076850
4076921
4076949
4076991
4077024
4077027
4077040
4077051
4077073
4077123
4077134
4077155
4077160
4077184
4077237
4077252
4077256
4077258
4077262
4077303
4077307
4077338
4077340
4077409
4077482
4077497
4077513
4077539
4077541
4077552
4077560
4077571
4077581
4077595
4077601
4077613
4077617
4077670
4077671
4077691
4077706
4077727
4077734
4077759
4077780
4077789
4077806
4077817
4077820
4077821
4077825
4077840
4077883
4077886
4077892
4077902
4077913
4077927
4077990
4077996
4078002
4078042
4078083
4078085
4078087
4078171
4078175
4078196
4078270
4078276
4078282
4078288
4078359
4078437
4078444
4078453
4078483
4078487
4078495
4078496
4078512
4078553
4078565
4078570
4078574
4078581
4078583
4078585
4078619
4078621
4078624
4078626
4078641
4078654
4078659
4078677
4078678
4078682
4078684
4078715
4078723
4078824
4078830
4078839
4078847
4078858
4078859
4078878
4078954
4078957
4078961
4078964
4079010
4079038
4079043
4079084
4079085
4079086
4079092
4079121
4079158
4079181
4079183
4079185
4079190
4079192
4079194
4079232
4079254
4079265
4079306
4079328
4079334
4079371
4079377
4079387
4079397
4079407
4079414
4079457
4079459
4079476
4079483
4079494
4079540
4079548
4079549
4079555
4079561
4079569
4079581
4079596
4079674
4079714
4079720
4079765
4079770
4079784
4079790
4079925
4079928
4079941
4079945
4079947
4079950
4079955
4080022
4080029
4080031
4080032
4080039
4080054
4080066
4080089
4080100
4080239
4080243
4080283
4080301
4080305
4080347
4080353
4080357
4080362
4080372
4080375
4080399
4080402
4080405
4080412
4080460
4080467
4080469
4080473
4080479
4080481
4080521
4080612
4080646
4080666
4080704
4080776
4080784
4080802
4080876
4080928
4080965
4080976
4080991
4081007
4081009
4081013
4081020
4081022
4081053
4081068
4081079
4081080
4081087
4081165
4081312
4081327
4081355
4081359
4081363
4081411
4081418
4081426
4081442
4081449
4081454
4081469
4081475
4081485
4081499
4081512
4081535
4081561
4081563
4081566
4081797
4081812
4081879
4081928
4081934
4081936
4081945
4082007
4082008
4082010
4082016
4082018
4082019
4082026
4082028
4082029
4082031
4082033
4082036
4082037
4082071
4082083
4082087
4082090
4082100
4082207
4082239
4082257
4082260
4082337
4082343
4082363
4082377
4082388
4082413
4082414
4082431
4082434
4082448
4082464
4082475
4082477
4082535
4082540
4082541
4082551
4082614
4082624
4082766
4082804
4082806
4082819
4082839
4082841
4082848
4082972
4083048
4083059
4083060
4083121
4083199
4083201
4083257
4083260
4083306
4083307
4083338
4083357
4083358
4083523
4083731
4084136
4296955
4296960
4316987
4316993
4317030
4317081
4317153
4317154
4317159
4317184
4317188
4317201
4317207
4317250
4317260
4317267
4317301
4317305
4317322
4317329
4317333
4317336
4317342
4317357
4317358
4317359
4317371
4317383
4317407
4317430
4317497
4317500
4317504
4317510
4317512
4317517
4317544
4317545
4317546
4317584
4317588
4317590
4317596
4317601
4317613
4317668
4317945
4322821
4322834
4322851
4322963
4323001
4323010
4323015
4323021
4323022
4323033
4323046
4323048
4323050
4323085
4323104
4323117
4323153
4323159
4323186
4323187
4323190
4323205
4323270
4323276
4323281
4323367
4323370
4323403
4323428
4323429
4323457
4323536
4323544
4323566
4323582
4323583
4323651
4323657
4323822
4323834
4323902
4323913
4323921
4323924
4324006
4324010
4324017
4324018
4324031
4324041
4324090
4324105
4324161
4324165
4324184
4324188
4324194
4324221
4324233
4324235
4324236
4324237
4324258
4324266
4324290
4324313
4324320
4324324
4324354
4324356
4324359
4324370
4324377
4324383
4324427
4324440
4324445
4324450
4324455
4324485
4324486
4324491
4324513
4324515
4324538
4324540
4324545
4324546
4324559
4324562
4324587
4324593
4324626
4324651
4324655
4324675
4329758
4329759
4329806
4329810
4329822
4329823
4329847
4329848
4329849
4329888
4329890
4329892
4329912
4329929
4329931
4329935
4329936
4329937
4329938
4329941
4329966
4329999
4330010
4330023
4331789
4331844
4332193
4332290
4332625
4333073
4335232
4335352
4335353
4335360
4335388
4335390
4335401
4335413
4335444
4335516
4335519
4335573
4335599
4335601
4335604
4335613
4335624
4335636
4335729
4335746
4335750
4335844
4335849
4335852
4335858
4335906
4335911
4335912
4335998
4336067
4336071
4336075
4336078
4336086
4336095
4336099
4336110
4336113
4336468
4336484
4336488
4336533
4336560
4402641
4402657
4403473
4403981
4403989
4403994
4403997
4404001
4404002
4404021
4404027
4404097
4404099
4404107
4404159
4404182
4404189
4404208
4430248
4430348
4430370
4430377
4430378
4430402
4430404
4430405
4430415
4430466
4430471
4430515
4430519
4430619
4430662
4430726
4430765
4430767
4430821
4430844
4430873
4430926
4430940
4430952
4430955
4431016
4431072
4431147
4431157
4431169
4431182
4431204
4431207
4431299
4431335
4431338
4431339
4431352
4431357
4431376
4431393
4431463
4431483
4431488
4431557
4431558
4431560
4431628
4431703
4431787
4431888
4431926
4431937
4431973
4431974
4432139
4432207
4432251
4432259
4432270
4432487
4432558
4432570
4432581
4432599
4432608
4432618
4432635
4432641
4432643
4432701
4432734
4432750
4432759
4432774
4432777
4432809
4432968
4433007
4433009
4433045
4433123
4433155
4433180
4433226
4433231
4433236
4433237
4433244
4433289
4433392
4433393
4433495
4433497
4433545
4433854
4433886
4433916
4433926
4433997
4434105
4434118
4434119
4434143
4434148
4434150
4434158
4434165
4434184
4434202
4434260
4434265
4434333
4434401
4434417
4434424
4434470
4434483
4434549
4434552
4434603
4434604
4434606
4434782
4434794
4434865
4434879
4434885
4434907
4434909
4434951
4434961
4434977
4434986
4434991
4435058
4435317
4435350
4435352
4435387
4435455
4435563
4435569
4435610
4435621
4435627
4435723
4435784
4435801
4435802
4435834
4435856
4435864
4435949
4435957
4435971
4436015
4436020
4436135
4436186
4436288
4436315
4436325
4436327
4436338
4436345
4436368
4436369
4436371
4436400
4436406
4436445
4436519
4436529
4436536
4463723
4463927
4463989
4464020
4464023
4464030
4464063
4464071
4464119
4464152
4464153
4464155
4464163
4464166
4464188
4464221
4464249
4464329
4464352
4464357
4464361
4464365
4464443
4464469
4464474
4506595
4506598
4506612
4506655
4506657
4506661
4506700
4506730
4506731
4506737
4506801
4506802
4506803
4506820
4506823
4506827
4527496
4527541
4527591
4527599
4527601
4527605
4527620
4527636
4527661
4527667
4527672
4527735
4527740
4527751
4527753
4527811
4527818
4527821
4527844
4527905
4527939
4527956
4527957
4527960
4527975
4528000
4528064
4528065
4528071
4528075
4528137
4528148
4528149
4528167
4528289
4528317
4528339
4528366
4528388
4528394
4528403
4528442
4528496
4528546
4528554
4528581
4528643
4528653
4528656
4528756
4528818
4528894
4529049
4529052
4529062
4529188
4529244
4529245
4529251
4529274
4529290
4529345
4529357
4529358
4529431
4529437
4529438
4529476
4529537
4529600
4529645
4529653
4529661
4529692
4529935
4529946
4529950
4529979
4529982
4530002
4530041
4530087
4530105
4530221
4530294
4530341
4530348
4530390
4530446
4530450
4530453
4530497
4530523
4530534
4530537
4530544
4530590
4530656
4530659
4530680
4530714
4530739
4530820
4530824
4530834
4530875
4530901
4530968
4531029
4531036
4531082
4531085
4531100
4531177
4531179
4531183
4531273
4531289
4531292
4531296
4531297
4531350
4531388
4531427
4531428
4531433
4531509
4531512
4531530
4531646
4531690
4531821
4531836
4531906
4531909
4531944
4531954
4531958
4531960
4532015
4532104
4532109
4532124
4532138
4532147
4532192
4532196
4532199
4532200
4532224
4532227
4532233
4532257
4532374
4532375
4532421
4532448
4532468
4532478
4532480
4532497
4532540
4532567
4532595
4532637
4532644
4532746
4532756
4532796
4532806
4532812
4532819
4532834
4532850
4532856
4532882
4532885
4532895
4532926
4532935
4532936
4533035
4533060
4533078
4533081
4533090
4533094
4533122
4533123
4533135
4533138
4533171
4533176
4533208
4533215
4533222
4533238
4533269
4533278
4533281
4533299
4533301
4533302
4533306
4533315
4533319
4533333
4533334
4533351
4533369
4533374
4533424
4533470
4533503
4533517
4533545
4533614
4533621
4533676
4533682
4533689
4533690
4533692
4533717
4533723
4533725
4533727
4533736
4533747
4533774
4533823
4533824
4533831
4533848
4533850
4533890
4533898
4533917
4533972
4533988
4566288
4566300
4566309
4566343
4566377
4566470
4566473
4566522
4566597
4566614
4566617
4566786
4566815
4566877
4567165
4567170
4568540
4568583
4568651
4568653
4568655
4568657
4586933
4586946
4586995
4587060
4587066
4587068
4587072
4587082
4587091
4587112
4587123
4587139
4587143
4587154
4587158
4587164
4587203
4587211
4587217
4587222
4587234
4587251
4587254
4587346
4587379
4587425
4587426
4587436
4587459
4587460
4587462
4587485
4587487
4587512
4587600
4587611
4587630
4587637
4587652
4587701
4587745
4587748
4587749
4587766
4587774
4587803
4587806
4587809
4587826
4587830
4587832
4587846
4587854
4587892
4587896
4587898
4587901
4587903
4587904
4587914
4587930
4587944
4587951
4587952
4587954
4587962
4587991
4588015
4588017
4588034
4588073
4588102
4588141
4588161
4588220
4588221
4588238
4588241
4588334
4588421
4588437
4588465
4588471
4588473
4588507
4588510
4588527
4588576
4588604
4588616
4588625
4588627
4588666
4588696
4588708
4588719
4588782
4588800
4588814
4588854
4588860
4588867
4588868
4588871
4588900
4588914
4588916
4588966
4588978
4588993
4588999
4589007
4589064
4589075
4589094
4589107
4589127
4589129
4589181
4589190
4589212
4589235
4589238
4589257
4589286
4589287
4589289
4589305
4589316
4589317
4589318
4589320
4589328
4589331
4589397
4589429
4589504
4589523
4589530
4589587
4589590
4589639
4589654
4589867
4589894
4589902
4589908
4589909
4590009
4590017
4617617
4617621
4617675
4617687
4617692
4617699
4617701
4617711
4617726
4617728
4617855
4617859
4617865
4617901
4617920
4617922
4617952
4617963
4617969
4618058
4618061
4618090
4618091
4618092
4618127
4618146
4618571
4618608
4618617
4618701
4618753
4618812
4618814
4618820
4618824
4618997
4619019
4619077
4619122
4619243
4619244
4619248
4619288
4619295
4619311
4619314
4619315
4619316
4619321
4619332
4619374
4619487
4619491
4619509
4619511
4619671
4619678
4619708
4619717
4619721
4619840
4619861
4619894
4619895
4620034
4620222
4620320
4620352
4620357
4620372
4620392
4620395
4620633
4620646
4620647
4620658
4620659
4620676
4620817
4620837
4620856
4620876
4620880
4620897
4620954
4620956
4621093
4637472
4637751
4637939
4637942
4637955
4637988
4638071
4638076
4638079
4638128
4638135
4638136
4638265
4638321
4638330
4638331
4638374
4638376
4638421
4638427
4639270
4639274
4639283
4639300
4639340
4639369
4639370
4639441
4639443
4639444
4639452
4639588
4639591
4639624
4639626
4639627
4639640
4639675
4639745
4639750
4639751
4639815
4639831
4639845
4639856
4639868
4639869
4639875
4639883
4639885
4639915
4639942
4639954
4640002
4640078
4640112
4640129
4640145
4640146
4640151
4640183
4640184
4640187
4640390
4640396
4640629
4640632
4640637
4640640
4640808
4640982
4640983
4640994
4641034
4641186
4641381
4641550
4641561
4641565
4641568
4641594
4641631
4641711
4641753
4641761
4641763
4641832
4641834
4641891
4641909
4702624
4702629
4702709
4702746
4702770
4702816
4702883
4702902
4702923
4702933
4702936
4702942
4702945
4702999
4703059
4703062
4703092
4703097
4703157
4703207
4703263
4703307
4703322
4703372
4703399
4703416
4703427
4703432
4703433
4703434
4703435
4703442
4703507
4703517
4703535
4703556
4703559
4703561
4703595
4703612
4703676
4703679
4703755
4703768
4703771
4703864
4703900
4704012
4704049
4704106
4704168
4704169
4704173
4704177
4704250
4704267
4704268
4704271
4704279
4704300
4704301
4704320
4704321
4704328
4704331
4704459
4704483
4704487
4704499
4704529
4704536
4704538
4704549
4704674
4704681
4704693
4704697
4704774
4704775
4704820
4704834
4704846
4704849
4704906
4704944
4704947
4704950
4704951
4705056
4705124
4705125
4705185
4705231
4705247
4705252
4705276
4705277
4705278
4705282
4705284
4705315
4705330
4705331
4705337
4705365
4705404
4705410
4705493
4705564
4705577
4705610
4705689
4705786
4705821
4705968
4706004
4706008
4706049
4706108
4706177
4706209
4706214
4706245
4706276
4706725
4706804
4706975
4706980
4706998
4707058
4707059
4708406
4708410
4708454
4708457
4708575
4708715
4708717
4708718
4708749
4730315
4730333
4730350
4730434
4730440
4730660
4730705
4730708
4730722
4730758
4730789
4730826
4730845
4730870
4730872
4730874
4730876
4731043
4731053
4731186
4731189
4731270
4731271
4731289
4731314
4731394
4731433
4731435
4731462
4731491
4731531
4731535
4731641
4731644
4731804
4731989
4756300
4756312
4756468
4756546
4756577
4756580
4756581
4756584
4756586
4756596
4756603
4756604
4756608
4756628
4756753
4756758
4756766
4756772
4756778
4756787
4756825
4756830
4756847
4756896
4756997
4757094
4757116
4757168
4757171
4757243
4757284
4757301
4757359
4757462
4757464
4757496
4757498
4757536
4757575
4757579
4757599
4757933
4757937
4757978
4757981
4757984
4758011
4758059
4758155
4758159
4758160
4758250
4758254
4758255
4758280
4759101
4759104
4759144
4759159
4759162
4759621
4790936
4791040
4791092
4791202
4791208
4791332
4791335
4791392
4791401
4791419
4791420
4791529
4791542
4791557
4791577
4791657
4791661
4791819
4791863
4830181
4830185
4830204
4830250
4830299
4830300
4830309
4830868
4830955
4831318
4831423
4831457
4831465
4831915
4831930
4831941
4831948
4832023
4832083
4832144
4832180
4832198
4832199
4832210
4832230
4832234
4832237
4832242
4832318
4832454
4832460
4832469
4832492
4832499
4832521
4832535
4832564
4832585
4832770
4832779
4832850
4832866
4832887
4832892
4832962
4833005
4833009
4833027
4833091
4833114
4833121
4833264
4833272
4833281
4833299
4833939
4833947
4833955
4833962
4834028
4834128
4834220
4834447
4834450
4834461
4834464
4834521
4834703
4834704
4834750
4862657
4862722
4862724
4862743
4862780
4862849
4862853
4862868
4862886
4863004
4863033
4863047
4863049
4863214
4863242
4863265
4863268
4863270
4863509
4863511
4863565
4863590
4863617
4863926
4864056
4864074
4864076
4864079
4864167
4864169
4864173
4864221
4864242
4864248
4864287
4864330
4864446
4864483
4864488
4864508
4864517
4864531
4864533
4864542
4864553
4864596
4864628
4864648
4864730
4864749
4864812
4865006
4865051
4865131
4865133
4865146
4865155
4865428
4865531
4865570
4865833
4865874
4865996
4866003
4866061
4866062
4866068
4866079
4866128
4866130
4866132
4866135
4866153
4866468
4866655
4866662
4866891
4867040
4867042
4867047
4867108
4867275
4867638
4867640
4867642
4867668
4867723
4868049
4868061
4868410
4868485
4868494
4868615
4868624
4869325
4869998
4870436
4870438
4870453
4870468
4870869
4870870
4870873
4870889
4870902
4870909
4870911
4870984
4870993
4871084
4871122
4871182
4871200
4871405
4871408
4871998
4872080
4872082
4872083
4872093
4872324
4872720
4872722
4872755
4872791
4872802
4872806
4872823
4873216
4873219
4873228
4873236
4873467
4873503
4873555
4873557
4873582
4873583
4873586
4873589
4873591
4873592
4873626
4874228
4926853
4926876
4926888
4926901
4926904
4926923
4927069
4927071
4927075
4927087
4927230
4927258
4927371
4927375
4927439
4927506
4927507
4927511
4927515
4927648
4927749
4927750
4927751
4927754
4928677
4928685
4928689
4928761
4928763
4928858
4929386
4929412
4929428
4929816
4929859
4929912
4929917
4929966
4930196
4931100
4931116
4931157
4931262
4931534
4931538
4932039
4932861
4933041
4933056
4933189
4933213
4933214
4933308
4933369
4933501
4934273
5011850
5011922
5011927
5011928
5011998
5012041
5012075
5012100
5012340
5012361
5012365
5012383
5012391
5013061
5013065
5013076
5013096
5013099
5013250
5013308
5013342
5013791
5013959
5014009
5014012
5014025
5014134
5014138
5014630
5014965
5015205
5015530
5015531
5015535
5015605
5015628
5015631
5016354
5016356
5016539
5016764
5016850
5017210
5017220
5017221
5017237
5017239
5017241
5017242
5017252
5017258
5017264
5017417
5017420
5017422
5017498
5017858
5017916
5017924
5018184
5018188
5018191
5018488
5018494
5018501
5018503
5018516
5018524
5019391
5019406
5019425
5019558
5019610
5019660
5019662
5019721
5019741
5019746
5019790
5019809
5019841
5020827
5021066
5021068
5021070
5021157
5021168
5021214
5022211
5132913
5132915
5133182
5133825
5133923
5133934
5134438
5134641
5134994
5135134
5135256
5135282
5135291
5135648
5135718
5135719
5135720
5135729
5135765
5136070
5136337
5136341
5136353
5136362
5136366
5136367
5136371
5136438
5136449
5136523
5136524
5136548
5136574
5136586
5136657
5136674
5136827
5136985
5136989
5136990
5137036
5137226
5137227
5137250
5137820
5137836
5138044
5138090
5138469
5138471
5138477
5138669
5138682
5138802
5138809
5138847
5138848
5138852
5138951
5139423
5139424
5139466
5139468
5139480
5139658
5139875
5139967
5140005
5140006
5140008
5140152
5140153
5140207
5140210
5140211
5140329
5140331
5140629
5140769
5140793
5140862
5140873
5140960
5141446
5141488
5141898
5141911
5142117
5142127
5142136
5142212
5142366
5142421
5145649
5145650
5146322
5146346
5146347
5146355
5146362
5146560
5304754
5304818
5304835
5304850
5304916
5304962
5304972
5305009
5305010
5305018
5305020
5305021
5305023
5305024
5305027
5305036
5305038
5305049
5305055
5305071
5305079
5305085
5305093
5305105
5305115
5305148
5305185
5305186
5305202
5305205
5305214
5305220
5305224
5305231
5305233
5305247
5305259
5305280
5305287
5305296
5305316
5305328
5305333
5305339
5305350
5305352
5305378
5305379
5305387
5305389
5305394
5305400
5305401
5305422
5305435
5305443
5305448
5305464
5305475
5305489
5305507
5305510
5305514
5305524
5305526
5305543
5305550
5305555
5305557
5305560
5305569
5305595
5305606
5305607
5305617
5305627
5305630
5305632
5305640
5305647
5305648
5305650
5305651
5305652
5305660
5305675
5305676
5305685
5305689
5305690
5305694
5305696
5305705
5305708
5305723
5305729
5305747
5305749
5305764
5305790
5305809
5305811
5305812
5305825
5305831
5305834
5305847
5305883
5305900
5305902
5305904
5305920
5305922
5305924
5305925
5305934
5305943
5305945
5305963
5305974
5305982
5305991
5305993
5305999
5306010
5306015
5306048
5306049
5306055
5306065
5306068
5306083
5306096
5306106
5306113
5306132
5306161
5306199
5306206
5306216
5306223
5306230
5306232
5306249
5306253
5306258
5306264
5306279
5306292
5306295
5306297
5306307
5306315
5306318
5306320
5306331
5306332
5306333
5306339
5306356
5306379
5306384
5306386
5306390
5306404
5306423
5306430
5306431
5306434
5306446
5306454
5306460
5306471
5306478
5306481
5306513
5306515
5306529
5306538
5306541
5306544
5306556
5306558
5306573
5306593
5306596
5306614
5306632
5306636
5306661
5306669
5306672
5306674
5306676
5306677
5306687
5306690
5306699
5306707
5306709
5306721
5306736
5306742
5306746
5306747
5306763
5306764
5306786
5306793
5306798
5306802
5306807
5306809
5306841
5306847
5306851
5306877
5306879
5306880
5306901
5306910
5306933
5306951
5306964
5306967
5306969
5306976
5306995
5307015
5307023
5307025
5307033
5307042
5307046
5307053
5307054
5307067
5307070
5307073
5307076
5307091
5307092
5307096
5307097
5307118
5307132
5307141
5307152
5307156
5307208
5307212
5307228
5307231
5307260
5307270
5307272
5307277
5307290
5307302
5307305
5307315
5307316
5307320
5307340
5307345
5307349
5307355
5307360
5307371
5307373
5307381
5307383
5307386
5307399
5307400
5307429
5307438
5307448
5307459
5307462
5307469
5307472
5307480
5307490
5307495
5307517
5307528
5307531
5307552
5307558
5307559
5307560
5307576
5307587
5307588
5307593
5307594
5307600
5307602
5307610
5307611
5307632
5307666
5307676
5307677
5307687
5307698
5307705
5307725
5307744
5307752
5307779
5307787
5307791
5307793
5307842
5307844
5307846
5307848
5307851
5307862
5307871
5307874
5307876
5307891
5307895
5307898
5307907
5307914
5307916
5307919
5307927
5307937
5307963
5308009
5308010
5308022
5308027
5308032
5308033
5308038
5308040
5308065
5308069
5308092
5308094
5308097
5308118
5308128
5308136
5308146
5308166
5308174
5308177
5308178
5308186
5308191
5308210
5308214
5308226
5308231
5308233
5308240
5308254
5308256
5308260
5308278
5308309
5308316
5308324
5308332
5308337
5308346
5308351
5308355
5308370
5308375
5308376
5308383
5308388
5308389
5308393
5308401
5308415
5308432
5308437
5308468
5308481
5308485
5308489
5308491
5308506
5308515
5308523
5308537
5308542
5308553
5308574
5308576
5308597
5308603
5308610
5308629
5308633
5308645
5308648
5308651
5308665
5308669
5308680
5308687
5308709
5308710
5308717
5308719
5308720
5308726
5308727
5308731
5308738
5308741
5308743
5308748
5308749
5308765
5308767
5308781
5308786
5308797
5308803
5308808
5308813
5308817
5308824
5308832
5308852
5308861
5308870
5308875
5308881
5308895
5308896
5308909
5308931
5308934
5308953
5308969
5308989
5308993
5308999
5309012
5309014
5309021
5309043
5309050
5309053
5309072
5309082
5309090
5309094
5309101
5309121
5309138
5309147
5309148
5309169
5309172
5309181
5309192
5309203
5309205
5309211
5309223
5309243
5309257
5309271
5309272
5309279
5309285
5309290
5309299
5309300
5309309
5309315
5309336
5309338
5309342
5309347
5309356
5309360
5309372
5309376
5309387
5309402
5309413
5309415
5309434
5309462
5309473
5309480
5309486
5309504
5309513
5309521
5309537
5309547
5309563
5309574
5309581
5309599
5309600
5309603
5309613
5309615
5309621
5309636
5309642
5309653
5309657
5309659
5309661
5309664
5309669
5309682
5309697
5309707
5309714
5309727
5309762
5309767
5309789
5309793
5309799
5309805
5309812
5309818
5309826
5309834
5309843
5309853
5309866
5309893
5309894
5309895
5309900
5309901
5309909
5309919
5309922
5309931
5309934
5309937
5309956
5309975
5309995
5309996
5310019
5310023
5310026
5310033
5310042
5310065
5310075
5310080
5310096
5310116
5310121
5310128
5310137
5310143
5310156
5310167
5310177
5310179
5310181
5310192
5310193
5310199
5310200
5310202
5310218
5310260
5310264
5310293
5310305
5310316
5310328
5310329
5310339
5310344
5310347
5310348
5310350
5310351
5310364
5310372
5310376
5310396
5310406
5310454
5310456
5310457
5310468
5310476
5310480
5310502
5310503
5310507
5310510
5310523
5310540
5310542
5310557
5310562
5310581
5310589
5310600
5310617
5310631
5310634
5310644
5310649
5310659
5310669
5310675
5310688
5310697
5310713
5310718
5310719
5310730
5310755
5310762
5310774
5310776
5310786
5310798
5310803
5310806
5310851
5310853
5310861
5310868
5310876
5310882
5310887
5310896
5310898
5310900
5310903
5310913
5310926
5310940
5310948
5310949
5310963
5310966
5310972
5310990
5310992
5311013
5311022
5311031
5311032
5311033
5311037
5311039
5311044
5311049
5311060
5311065
5311086
5311104
5311108
5311119
5311155
5311157
5311176
5311180
5311184
5311193
5311236
5311237
5311255
5311258
5311260
5311268
5311278
5311289
5311305
5311309
5311363
5311378
5311391
5311398
5311410
5311415
5311433
5311448
5311449
5311451
5311458
5311461
5311477
5311490
5311495
5311498
5311504
5311509
5311510
5311517
5311524
5311547
5311551
5311592
5311603
5311606
5311618
5311619
5311634
5311650
5311657
5311666
5311678
5311680
5311701
5311713
5311726
5311729
5311744
5311754
5311756
5311766
5311775
5311776
5311792
5311798
5311803
5311815
5311820
5311828
5311837
5311838
5311889
5311904
5311910
5311925
5311928
5311951
5311959
5311964
5311966
5311972
5311981
5311997
5311999
5312003
5312020
5312050
5312052
5312059
5312067
5312069
5312075
5312084
5312095
5312096
5312100
5312107
5312116
5312120
5312140
5312144
5312146
5312152
5312154
5312164
5312169
5312186
5312198
5312205
5312208
5312210
5312233
5312238
5312250
5312251
5312262
5312286
5312296
5312310
5312315
5312328
5312340
5312355
5312380
5312384
5312386
5312388
5312391
5312395
5312397
5312430
5312434
5312448
5312452
5312455
5312476
5312507
5312512
5312519
5312522
5312523
5312528
5312541
5312563
5312566
5312579
5312605
5312609
5312618
5312631
5312654
5312668
5312676
5312679
5312685
5312688
5312692
5312702
5312721
5312726
5312728
5312729
5312746
5312755
5312760
5312773
5312779
5312788
5312789
5312806
5312810
5312811
5312818
5312820
5312824
5312835
5312837
5312844
5312849
5312884
5312893
5312924
5312927
5312941
5312942
5312944
5312945
5312948
5312950
5312960
5312965
5313018
5313023
5313038
5313057
5313065
5313070
5313073
5313078
5313098
5313099
5313101
5313104
5313112
5313116
5313119
5313129
5313141
5313144
5313168
5313191
5313213
5313214
5313237
5313251
5313262
5313266
5313273
5313304
5313312
5313340
5313378
5313412
5313413
5313420
5313425
5313436
5313447
5313453
5313464
5313467
5313471
5313473
5313477
5313485
5313486
5313497
5313503
5313508
5313512
5313576
5313579
5313580
5313592
5313595
5313607
5313639
5313646
5313647
5313650
5313651
5313661
5313663
5313674
5313675
5313689
5313704
5313710
5313711
5313716
5313717
5313733
5313734
5313735
5313744
5313764
5313766
5313783
5313793
5313795
5313799
5313803
5313809
5313816
5313833
5313841
5313851
5313860
5313868
5313898
5313910
5313959
5313966
5314035
5314053
5314054
5314055
5314088
5314098
5314100
5314129
5314146
5314150
5314154
5314160
5314162
5314164
5314186
5314194
5314201
5314217
5314219
5314222
5314225
5314226
5314270
5314281
5314291
5314304
5314310
5314311
5314342
5314346
5314354
5314360
5314367
5314369
5314374
5314376
5314401
5314416
5314420
5314429
5314431
5314435
5314453
5314464
5314465
5314483
5314490
5314496
5314509
5314524
5314557
5314563
5314583
5314619
5314620
5314648
5314652
5314661
5314674
5314675
5314686
5314688
5314703
5314705
5314706
5314726
5314748
5314754
5314761
5314762
5314769
5314773
5314780
5314781
5314786
5314793
5314803
5314810
5314819
5314824
5314828
5314835
5314840
5314854
5314859
5314869
5314873
5314878
5314884
5314904
5314911
5314913
5314921
5314939
5314956
5314965
5314985
5314988
5314990
5315024
5315026
5315032
5315033
5315038
5315056
5315064
5315082
5315087
5315092
5315097
5315104
5315119
5315133
5315146
5315147
5315158
5315167
5315169
5315173
5315179
5315193
5315197
5315202
5315213
5315214
5315234
5315237
5315238
5315254
5315266
5315275
5315281
5315343
5315354
5315365
5315375
5315376
5315385
5315394
5315408
5315414
5315416
5315418
5315430
5315433
5315478
5315486
5315492
5315496
5315515
5315516
5315538
5315546
5315553
5315557
5315560
5315572
5315605
5315640
5315664
5315691
5315694
5315705
5315713
5315730
5315731
5315734
5315737
5315750
5315756
5315759
5315767
5315775
5315779
5315784
5315809
5315813
5315815
5315820
5315824
5315827
5315833
5315847
5315877
5315879
5315888
5315889
5315896
5315922
5315925
5315932
5315941
5315942
5315965
5315970
5315972
5315999
5316002
5316016
5316019
5316033
5316036
5316047
5316048
5316052
5316061
5316070
5316075
5316098
5316101
5316108
5316121
5316123
5316134
5316141
5316149
5316150
5316171
5316175
5316184
5316185
5316196
5316206
5316208
5316215
5316217
5316223
5316224
5316229
5316249
5316251
5316255
5316265
5316266
5316270
5316276
5316282
5316289
5316306
5316314
5316315
5316325
5316328
5316350
5316362
5316387
5316389
5316396
5316408
5316419
5316435
5316458
5316460
5316461
5316467
5316474
5316475
5316493
5316496
5316501
5316516
5316520
5316524
5316527
5316529
5316532
5316537
5316545
5316558
5316564
5316567
5316573
5316579
5316593
5316595
5316636
5316659
5316660
5316678
5316684
5316689
5316732
5316739
5316769
5316783
5316798
5316805
5316822
5316851
5316853
5316856
5316860
5316871
5316874
5316876
5316884
5316894
5316917
5316930
5316943
5316948
5316965
5316970
5316974
5316982
5316986
5316998
5317005
5317049
5317055
5317068
5317110
5317119
5317155
5317167
5317176
5317179
5317180
5317182
5317192
5317194
5317198
5317210
5317211
5317215
5317227
5317233
5317257
5317258
5317259
5317274
5317277
5317296
5317303
5317316
5317339
5317370
5317378
5317408
5317417
5317422
5317435
5317437
5317445
5317455
5317496
5317503
5317511
5317517
5317526
5317529
5317530
5317534
5317551
5317552
5317556
5317559
5317560
5317605
5317625
5317633
5317656
5317657
5317662
5317663
5317668
5317674
5317681
5317684
5317701
5317742
5317745
5317749
5317768
5317798
5317805
5317810
5317829
5317838
5317846
5317865
5317871
5317883
5317903
5317906
5317933
5317942
5317945
5317955
5317968
5317972
5317974
5317979
5317982
5318002
5318003
5318005
5318007
5318008
5318035
5318036
5318038
5318060
5318068
5318071
5318083
5318094
5318097
5318105
5318114
5318127
5318143
5318164
5318184
5318187
5318188
5318192
5318197
5318209
5318213
5318218
5318227
5318235
5318250
5318255
5318256
5318257
5318266
5318273
5318277
5318281
5318316
5318318
5318324
5318327
5318338
5318352
5318368
5318376
5318379
5318387
5318402
5318434
5318447
5318470
5318478
5318494
5318508
5318510
5318521
5318523
5318527
5318546
5318549
5318554
5318556
5318561
5318568
5318571
5318578
5318591
5318593
5318599
5318600
5318607
5318626
5318641
5318651
5318672
5318706
5318722
5318723
5318726
5318728
5318739
5318746
5318768
5318779
5318781
5318783
5318785
5318787
5318796
5318800
5318811
5318831
5318833
5318851
5318864
5318868
5318885
5318889
5318890
5318893
5318906
5318914
5318927
5318942
5318953
5318955
5318961
5318968
5318969
5318981
5318999
5319005
5319011
5319023
5319024
5319026
5319028
5319038
5319041
5319054
5319066
5319069
5319070
5319079
5319083
5319090
5319092
5319097
5319098
5319102
5319116
5319130
5319134
5319136
5319174
5319176
5319180
5319184
5319187
5319188
5319189
5319193
5319199
5319203
5319205
5319220
5319238
5319268
5319275
5319284
5319292
5319303
5319309
5319310
5319343
5319367
5319371
5319392
5319404
5319409
5319415
5319430
5319432
5319445
5319455
5319472
5319484
5319492
5319495
5319503
5319512
5319519
5319524
5319532
5319536
5319544
5319547
5319556
5319566
5319579
5319580
5319587
5319590
5319593
5319595
5319603
5319607
5319622
5319625
5319628
5319630
5319632
5319635
5319641
5319656
5319696
5319698
5319729
5319745
5319747
5319765
5319774
5319776
5319787
5319794
5319796
5319803
5319806
5319821
5319824
5319825
5319832
5319841
5319843
5319847
5319854
5319866
5319870
5319890
5319894
5319896
5319900
5319901
5319918
5319925
5319937
5319952
5319957
5319966
5319968
5319997
5320001
5320007
5320022
5320031
5320033
5320047
5320051
5320058
5320069
5320077
5320098
5320101
5320108
5320109
5320128
5320134
5320141
5320150
5320154
5320156
5320169
5320170
5320180
5320198
5320205
5320212
5320223
5320252
5320261
5320280
5320282
5320299
5320309
5320313
5320319
5320324
5320330
5320337
5320352
5320363
5320410
5320417
5320418
5320428
5320432
5320444
5320451
5320470
5320473
5320484
5320493
5320497
5320537
5320538
5320551
5320558
5320565
5320568
5320571
5320574
5320576
5320582
5320599
5320602
5320623
5320631
5320635
5320674
5320683
5320687
5320694
5320711
5320722
5320726
5320745
5320772
5320774
5320776
5320788
5320798
5320812
5320813
5320836
5320847
5320860
5320861
5320886
5320910
5320915
5320919
5320940
5320949
5320954
5320967
5320980
5320981
5320985
5321009
5321015
5321029
5321042
5321052
5321062
5321065
5321073
5321076
5321094
5321104
5321105
5321114
5321115
5321126
5321130
5321142
5321184
5321199
5321202
5321245
5321264
5321279
5321280
5321284
5321290
5321296
5321308
5321317
5321329
5321354
5321355
5321404
5321415
5321425
5321433
5321437
5321449
5321465
5321482
5321489
5321503
5321507
5321518
5321540
5321544
5321548
5321555
5321563
5321571
5321581
5321583
5321585
5321606
5321616
5321621
5321626
5321654
5321680
5321682
5321691
5321701
5321713
5321716
5321731
5321757
5321766
5321774
5321780
5321782
5321786
5321796
5321811
5321812
5321813
5321818
5321820
5321828
5321839
5321840
5321847
5321853
5321854
5321861
5321901
5321934
5321939
5321953
5321971
5321979
5321980
5321981
5322001
5322007
5322021
5322026
5322027
5322041
5322050
5322062
5322068
5322069
5322072
5322085
5322109
5322112
5322127
5322134
5322175
5322187
5322202
5322218
5322228
5322237
5322239
5322246
5322248
5322257
5322270
5322275
5322276
5322290
5322302
5322348
5322359
5322362
5322364
5322366
5322377
5322379
5322383
5322384
5322385
5322391
5322395
5322401
5322433
5322448
5322468
5322482
5322487
5322498
5322513
5322514
5322515
5322517
5322519
5322530
5322546
5322556
5322569
5322579
5322583
5322586
5322601
5322604
5322606
5322608
5322610
5322619
5322620
5322683
5322689
5322729
5322732
5322737
5322748
5322755
5322771
5322777
5322782
5322784
5322788
5322793
5322803
5322809
5322825
5322827
5322835
5322846
5322856
5322871
5322878
5322893
5322894
5322899
5322921
5322923
5322931
5322932
5322969
5322971
5322993
5322997
5323006
5323012
5323017
5323020
5323026
5323037
5323039
5323046
5323055
5323066
5323069
5323076
5323113
5323120
5323123
5323126
5323127
5323135
5323141
5323153
5323168
5323191
5323195
5323199
5323202
5323203
5323206
5323207
5323214
5323233
5323235
5323241
5323246
5323263
5323272
5323275
5323281
5323283
5323295
5323309
5323310
5323319
5323326
5323336
5323337
5323343
5323371
5323381
5323384
5323398
5323400
5323422
5323424
5323436
5323441
5323458
5323475
5323488
5323508
5323512
5323513
5323547
5323557
5323567
5323570
5323588
5323596
5323602
5323636
5323668
5323673
5323678
5323682
5323692
5323701
5323714
5323717
5323719
5323742
5323749
5323752
5323777
5323778
5323805
5323823
5323830
5323831
5323836
5323839
5323847
5323857
5323858
5323864
5323890
5323914
5323915
5323917
5323921
5323923
5323939
5323951
5323975
5323976
5323997
5324052
5324053
5324063
5324076
5324082
5324085
5324087
5324101
5324104
5324107
5324121
5324122
5324127
5324152
5324159
5324168
5324175
5324205
5324217
5324220
5324222
5324245
5324248
5324252
5324259
5324262
5324279
5324301
5324305
5324322
5324348
5324372
5324373
5324380
5324408
5324411
5324415
5324417
5324428
5324436
5324438
5324450
5324458
5324459
5324461
5324469
5324470
5324474
5324480
5324482
5324504
5324517
5324518
5324522
5324527
5324530
5324531
5324537
5324539
5324547
5324551
5324567
5324572
5324574
5324578
5324583
5324590
5324598
5324604
5324607
5324608
5324621
5324626
5324627
5324631
5324644
5324647
5324653
5324659
5324670
5324673
5324679
5324682
5324686
5324690
5324696
5324699
5324712
5324721
5324739
5324743
5324751
5324776
5324811
5324819
5324845
5324852
5324857
5324862
5324874
5324878
5324879
5324892
5324898
5324906
5324913
5324919
5324933
5324935
5324946
5324955
5324964
5324976
5324977
5324984
5325007
5325014
5325028
5325035
5325036
5325040
5325073
5325089
5325099
5325117
5325125
5325131
5325137
5325144
5325152
5325176
5325187
5325191
5325194
5325216
5325244
5325260
5325286
5325288
5325290
5325291
5325325
5325339
5325357
5325382
5325384
5325385
5325386
5325394
5325396
5325410
5325416
5325419
5325431
5325436
5325445
5325454
5325459
5325465
5325469
5325473
5325485
5325491
5325501
5325503
5325508
5325510
5325511
5325513
5325515
5325519
5325528
5325535
5325536
5325557
5325582
5325587
5325590
5325594
5325610
5325612
5325614
5325632
5325633
5325644
5325646
5325665
5325670
5325674
5325678
5325685
5325689
5325691
5325693
5325712
5325715
5325735
5325746
5325753
5325770
5325785
5325787
5325799
5325807
5325813
5325818
5325820
5325824
5325830
5325838
5325849
5325852
5325864
5325866
5325869
5325871
5325881
5325893
5325896
5325918
5325935
5325940
5325948
5325949
5325957
5325969
5325977
5325986
5326002
5326009
5326010
5326012
5326016
5326022
5326026
5326032
5326051
5326068
5326075
5326076
5326083
5326089
5326090
5326112
5326115
5326121
5326133
5326138
5326139
5326141
5326158
5326161
5326172
5326175
5326182
5326187
5326189
5326198
5326204
5326222
5326234
5326240
5326244
5326245
5326264
5326296
5326333
5326340
5326348
5326350
5326359
5326370
5326384
5326388
5326397
5326406
5326408
5326410
5326420
5326427
5326429
5326430
5326434
5326436
5326456
5326484
5326490
5326500
5326508
5326509
5326511
5326520
5326527
5326538
5326542
5326551
5326557
5326564
5326570
5326579
5326600
5326601
5326605
5326616
5326650
5326657
5326662
5326666
5326671
5326690
5326693
5326699
5326704
5326713
5326726
5326735
5326744
5326752
5326756
5326766
5326779
5326787
5326789
5326795
5326796
5326799
5326822
5326827
5326829
5326838
5326847
5326848
5326852
5326854
5326861
5326875
5326888
5326889
5326894
5326900
5326905
5326907
5326916
5326924
5326927
5326931
5326934
5326942
5326948
5326963
5326975
5326979
5327000
5327019
5327037
5327038
5327050
5327055
5327057
5327061
5327079
5327086
5327088
5327097
5327116
5327121
5327124
5327125
5327144
5327149
5327150
5327151
5327158
5327162
5327167
5327180
5327198
5327206
5327207
5327224
5327225
5327237
5327264
5327270
5327281
5327295
5327298
5327301
5327317
5327328
5327338
5327341
5327372
5327373
5327374
5327376
5327379
5327388
5327401
5327410
5327418
5327443
5327450
5327453
5327455
5327464
5327468
5327482
5327508
5327515
5327522
5327532
5327544
5327554
5327565
5327578
5327583
5327587
5327596
5327598
5327604
5327608
5327655
5327659
5327665
5327675
5327679
5327680
5327687
5327692
5327694
5327695
5327715
5327717
5327749
5327757
5327760
5327769
5327776
5327782
5327800
5327814
5327819
5327822
5327825
5327828
5327844
5327851
5327863
5327864
5327867
5327868
5327870
5327875
5327877
5327889
5327896
5327897
5327909
5327926
5327927
5327942
5327947
5327963
5327970
5328011
5328025
5328030
5328042
5328059
5328062
5328095
5328097
5328105
5328124
5328125
5328128
5328136
5328163
5328190
5328210
5328217
5328244
5328250
5328251
5328264
5328265
5328279
5328280
5328283
5328285
5328286
5328293
5328299
5328304
5328307
5328326
5328337
5328365
5328377
5328387
5328389
5328404
5328409
5328414
5328430
5328440
5328443
5328452
5328454
5328473
5328482
5328485
5328488
5328499
5328513
5328524
5328531
5328532
5328547
5328552
5328562
5328577
5328579
5328585
5328586
5328587
5328601
5328603
5328617
5328632
5328640
5328647
5328658
5328664
5328665
5328667
5328673
5328686
5328702
5328703
5328709
5328721
5328747
5328766
5328779
5328783
5328787
5328789
5328799
5328803
5328813
5328847
5328864
5328873
5328876
5328899
5328901
5328907
5328908
5328918
5328932
5328948
5328958
5328962
5328964
5328966
5328975
5328986
5328999
5329001
5329010
5329064
5329065
5329076
5329087
5329090
5329100
5329106
5329112
5329131
5329141
5329178
5329210
5329214
5329221
5329228
5329246
5329248
5329251
5329264
5329268
5329270
5329279
5329289
5329301
5329306
5329320
5329337
5329343
5329361
5329365
5329373
5329380
5329394
5329398
5329408
5329426
5329471
5329489
5329497
5329526
5329532
5329534
5329545
5329546
5329557
5329560
5329565
5329578
5329580
5329605
5329609
5329615
5329616
5329624
5329629
5329636
5329657
5329680
5329690
5329724
5329725
5329732
5329737
5329743
5329745
5329748
5329755
5329773
5329776
5329781
5329794
5329795
5329797
5329799
5329804
5329817
5329825
5329828
5329858
5329863
5329872
5329884
5329886
5329892
5329897
5329904
5329933
5329934
5329947
5329963
5329964
5329971
5329991
5329993
5330000
5330013
5330035
5330037
5330056
5330093
5330098
5330099
5330100
5330112
5330139
5330146
5330159
5330163
5330190
5330200
5330224
5330231
5330254
5330262
5330269
5330271
5330278
5330283
5330301
5330314
5330338
5330339
5330350
5330353
5330357
5330370
5330377
5330386
5330388
5330405
5330419
5330439
5330458
5330463
5330481
5330483
5330496
5330532
5330535
5330541
5330620
5330630
5330636
5330656
5330664
5330672
5330676
5330708
5330716
5330725
5330728
5330734
5330742
5330743
5330746
5330754
5330770
5330786
5330789
5330814
5330817
5330825
5330852
5330868
5330870
5330873
5330908
5330913
5330926
5330957
5330969
5330970
5330998
5331002
5331003
5331020
5331037
5331047
5331057
5331062
5331064
5331066
5331070
5331085
5331097
5331111
5331113
5331124
5331125
5331139
5331151
5331155
5331177
5331183
5331194
5331195
5331212
5331214
5331220
5331251
5331258
5331264
5331291
5331311
5331314
5331327
5331334
5331351
5331362
5331367
5331389
5331394
5331406
5331417
5331441
5331466
5331471
5331493
5331501
5331522
5331527
5331531
5331545
5331567
5331580
5331583
5331586
5331590
5331591
5331592
5331644
5331647
5331650
5331662
5331678
5331686
5331699
5331708
5331717
5331768
5331774
5331776
5331790
5331791
5331792
5331796
5331805
5331807
5331812
5331820
5331827
5331842
5331847
5331870
5331911
5331960
5331970
5331974
5331976
5331994
5332034
5332059
5332075
5332078
5332124
5332125
5332146
5332165
5332183
5332198
5332204
5332206
5332240
5332275
5332284
5332287
5332299
5332303
5332306
5332342
5332345
5332356
5332379
5332393
5332416
5332417
5332427
5332428
5332456
5332477
5332498
5332520
5332543
5332556
5332562
5332578
5332579
5332616
5332649
5332653
5332664
5332672
5332674
5332675
5332688
5332732
5332737
5332759
5332769
5332777
5332783
5332784
5332808
5332813
5332829
5332840
5332847
5332852
5332862
5332869
5332901
5332905
5332907
5332915
5332919
5332933
5332956
5332972
5332974
5332988
5332990
5332991
5333013
5333016
5333035
5333039
5333041
5333047
5333048
5333056
5333080
5333088
5333089
5333090
5333095
5333102
5333104
5333117
5333120
5333132
5333133
5333141
5333151
5333158
5333165
5333173
5333185
5333186
5333193
5333199
5333204
5333213
5333221
5333225
5333226
5333227
5333237
5333256
5333269
5333272
5333283
5333288
5333290
5333317
5333326
5333337
5333371
5333376
5333391
5333393
5333396
5333408
5333415
5333419
5333420
5333452
5333453
5333464
5333476
5333483
5333485
5333488
5333491
5333494
5333495
5333498
5333519
5333539
5333545
5333546
5333553
5333571
5333581
5333599
5333626
5333645
5333646
5333673
5333701
5333708
5333709
5333711
5333713
5333714
5333720
5333728
5333744
5333760
5333764
5333767
5333768
5333783
5333785
5333793
5333795
5333834
5333854
5333862
5333864
5333876
5333880
5333882
5333889
5333896
5333902
5333910
5333914
5333928
5333946
5333949
5333960
5333971
5333972
5333977
5333978
5333998
5334014
5334017
5334033
5334036
5334056
5334063
5334067
5334105
5334106
5334111
5334113
5334127
5334167
5334172
5334192
5334196
5334220
5334234
5334261
5334294
5334336
5334355
5334361
5334376
5334403
5334422
5334424
5334431
5334436
5334452
5334454
5334470
5334481
5334508
5334559
5334561
5334569
5334570
5334610
5334618
5334619
5334621
5334622
5334624
5334629
5334633
5334643
5334656
5334662
5334691
5334700
5334717
5334720
5334729
5334748
5334772
5334787
5334819
5334838
5334844
5334855
5334858
5334880
5334920
5334923
5334934
5334943
5334958
5335035
5335038
5335040
5335050
5335063
5335065
5335068
5335072
5335073
5335082
5335084
5335092
5335104
5335121
5335131
5335140
5335148
5335149
5335153
5335156
5335163
5335176
5335198
5335205
5335206
5335216
5335221
5335228
5335243
5335256
5335279
5335304
5335311
5335331
5335348
5335363
5335371
5335372
5335380
5335386
5335389
5335416
5335421
5335425
5335432
5335440
5335445
5335449
5335456
5335460
5335463
5335466
5335508
5335521
5335527
5335535
5335541
5335549
5335588
5335591
5335594
5335598
5335609
5335625
5335633
5335650
5335663
5335665
5335682
5335685
5335686
5335692
5335693
5335696
5335719
5335723
5335736
5335738
5335745
5335747
5335750
5335758
5335762
5335771
5335783
5335785
5335798
5335799
5335810
5335812
5335826
5335832
5335851
5335852
5335865
5335874
5335882
5335886
5335897
5335905
5335909
5335940
5335990
5335993
5336002
5336005
5336019
5336021
5336025
5336029
5336031
5336040
5336053
5336063
5336076
5336097
5336101
5336110
5336160
5336163
5336165
5336171
5336175
5336188
5336193
5336198
5336205
5336215
5336218
5336221
5336235
5336236
5336247
5336250
5336252
5336260
5336277
5336294
5336328
5336333
5336334
5336348
5336355
5336361
5336376
5336407
5336411
5336419
5336443
5336453
5336463
5336466
5336468
5336469
5336471
5336488
5336518
5336523
5336532
5336533
5336546
5336551
5336574
5336579
5336585
5336594
5336617
5336623
5336636
5336664
5336667
5336670
5336674
5336675
5336680
5336708
5336712
5336725
5336759
5336763
5336777
5336785
5336786
5336787
5336802
5336814
5336839
5336860
5336872
5336874
5336878
5336879
5336894
5336909
5336920
5336923
5336936
5336937
5336941
5336983
5337023
5337045
5337048
5337056
5337066
5337080
5337105
5337113
5337138
5337149
5337151
5337159
5337173
5337176
5337182
5337197
5337216
5337226
5337229
5337242
5337264
5337269
5337276
5337286
5337290
5337296
5337309
5337317
5337324
5337342
5337368
5337374
5337392
5337394
5337399
5337420
5337445
5337454
5337481
5337500
5337501
5337502
5337505
5337533
5337547
5337576
5337596
5337598
5337614
5337622
5337630
5337631
5337632
5337633
5337650
5337664
5337668
5337672
5337684
5337704
5337705
5337711
5337712
5337726
5337727
5337730
5337754
5337774
5337805
5337836
5337837
5337884
5337893
5337905
5337914
5337920
5337954
5337960
5337979
5338011
5338014
5338025
5338034
5338043
5338051
5338055
5338057
5338079
5338097
5338115
5338118
5338133
5338144
5338149
5338150
5338151
5338158
5338175
5338185
5338188
5338190
5338197
5338222
5338223
5338230
5338234
5338246
5338257
5338293
5338303
5338305
5338306
5338325
5338330
5338347
5338355
5338396
5338406
5338407
5338410
5338423
5338436
5338438
5338473
5338477
5338479
5338483
5338486
5338500
5338503
5338504
5338515
5338522
5338531
5338533
5338537
5338555
5338565
5338567
5338597
5338609
5338612
5338619
5338652
5338666
5338684
5338693
5338712
5338720
5338739
5338746
5338753
5338756
5338762
5338769
5338772
5338774
5338791
5338794
5338799
5338811
5338829
5338830
5338840
5338842
5338848
5338851
5338853
5338854
5338856
5338857
5338869
5338876
5338880
5338886
5338889
5338902
5338908
5338917
5338921
5338934
5338938
5338941
5338945
5338955
5338961
5338969
5338973
5338988
5338989
5338991
5339001
5339011
5339018
5339020
5339025
5339029
5339030
5339041
5339066
5339067
5339090
5339104
5339117
5339133
5339160
5339176
5339188
5339191
5339193
5339207
5339212
5339229
5339235
5339259
5339261
5339305
5339323
5339328
5339338
5339367
5339375
5339391
5339407
5339408
5339411
5339440
5339456
5339482
5339491
5339529
5339543
5339546
5339554
5339582
5339589
5339596
5339602
5339610
5339613
5339637
5339647
5339649
5339655
5339677
5339693
5339701
5339746
5339792
5339793
5339817
5339819
5339838
5339843
5339850
5339854
5339869
5339876
5339878
5339904
5339909
5339915
5339917
5339928
5339930
5339932
5339934
5339958
5339964
5339981
5339998
5340001
5340024
5340028
5340031
5340050
5340070
5340071
5340085
5340100
5340105
5340126
5340160
5340168
5340171
5340173
5340175
5340195
5340196
5340203
5340216
5340221
5340231
5340247
5340250
5340271
5340273
5340276
5340282
5340285
5340302
5340304
5340308
5340313
5340320
5340322
5340327
5340347
5340348
5340356
5340360
5340388
5340413
5340448
5340461
5340486
5340501
5340535
5340558
5340614
5340619
5340625
5340637
5340651
5340685
5340694
5340699
5340702
5340703
5340717
5340731
5340738
5340748
5340756
5340764
5340810
5340813
5340814
5340844
5340846
5340863
5340912
5340913
5340916
5340922
5340925
5340931
5340945
5340954
5341000
5341021
5341024
5341029
5341035
5341058
5341064
5341065
5341074
5341108
5341112
5341117
5341122
5341156
5341170
5341188
5341204
5341207
5341208
5341212
5341225
5341234
5341236
5341262
5341267
5341270
5341290
5341297
5341303
5341312
5341380
5341394
5341407
5341423
5341426
5341446
5341447
5341460
5341464
5341467
5341480
5341489
5341494
5341506
5341522
5341524
5341537
5341548
5341555
5341568
5341569
5341571
5341573
5341589
5341592
5341600
5341618
5341619
5341621
5341639
5341642
5341649
5341654
5341655
5341675
5341684
5341702
5341711
5341718
5341727
5341729
5341731
5341767
5341772
5341775
5341777
5341807
5341808
5341830
5341833
5341840
5341842
5341844
5341848
5341851
5341852
5341859
5341869
5341871
5341881
5341885
5341902
5341905
5341932
5341942
5341956
5341966
5341967
5341980
5342056
5342070
5342080
5342082
5342092
5342098
5342102
5342118
5342144
5342161
5342163
5342194
5342204
5342208
5342224
5342226
5342234
5342245
5342251
5342266
5342271
5342272
5342277
5342290
5342322
5342345
5342360
5342391
5342412
5342431
5342432
5342439
5342444
5342509
5342513
5342542
5342549
5342550
5342578
5342622
5342623
5342626
5342638
5342651
5342656
5342662
5342666
5342671
5342674
5342676
5342679
5342685
5342691
5342693
5342728
5342737
5342750
5342776
5342779
5342799
5342812
5342823
5342827
5342831
5342832
5342842
5342845
5342846
5342852
5342871
5342878
5342909
5342918
5342951
5342964
5342966
5342971
5342974
5342989
5342997
5343007
5343022
5343056
5343060
5343061
5343067
5343076
5343081
5343096
5343129
5343133
5343135
5343186
5343195
5343199
5343200
5343203
5343208
5343213
5343222
5343246
5343250
5343253
5343257
5343275
5343292
5343295
5343301
5343322
5343352
5343356
5343359
5343377
5343381
5343383
5343387
5343396
5343404
5343416
5343435
5343437
5343450
5343473
5343482
5343487
5343496
5343501
5343541
5343544
5343558
5343565
5343573
5343574
5343576
5343579
5343582
5343591
5343593
5343595
5343600
5343603
5343606
5343612
5343628
5343634
5343641
5343667
5343669
5343673
5343681
5343691
5343705
5343741
5343747
5343750
5343756
5343802
5343809
5343817
5343819
5343829
5343845
5343850
5343852
5343853
5343856
5343859
5343860
5343861
5343863
5343891
5343922
5343939
5343952
5343976
5343984
5343988
5343992
5343995
5344000
5344002
5344009
5344021
5344032
5344045
5344051
5344055
5344076
5344089
5344093
5344101
5344124
5344125
5344170
5344195
5344227
5344238
5344265
5344269
5344279
5344281
5344287
5344295
5344314
5344317
5344365
5344377
5344381
5344382
5344383
5344387
5344388
5344392
5344394
5344395
5344397
5344429
5344473
5344479
5344483
5344484
5344499
5344523
5344585
5344592
5344625
5344628
5344642
5344650
5344675
5344680
5344691
5344698
5344719
5344729
5344741
5344779
5344784
5344785
5344787
5344795
5344803
5344823
5344841
5344844
5344862
5344892
5344902
5344919
5344923
5344946
5349930
5349976
5349977
5349978
5350039
5350056
5350059
5350066
5350083
5350089
5350093
5350095
5350099
5350109
5350124
5350126
5350128
5350133
5350135
5350139
5350141
5350150
5350156
5350181
5350217
5350219
5350224
5350228
5350235
5350238
5350245
5350246
5350253
5350256
5350272
5350290
5350301
5350328
5350334
5350339
5350347
5350350
5350362
5350371
5350379
5350395
5350401
5350408
5350415
5350420
5350421
5350441
5350467
5350483
5350485
5350487
5350495
5350512
5350516
5350537
5350546
5350559
5350561
5350591
5350603
5350609
5350661
5350666
5350670
5350671
5350673
5350680
5350686
5350688
5350702
5350725
5350734
5350737
5350755
5350757
5350761
5350810
5350815
5350823
5350824
5350827
5350837
5350844
5350869
5350888
5350898
5350911
5350912
5350923
5350929
5350953
5350967
5350970
5350975
5350976
5350991
5350996
5351011
5351030
5351038
5351045
5351050
5351051
5351052
5351059
5351080
5351083
5351089
5351108
5351111
5351113
5351134
5351137
5351138
5351149
5351163
5351179
5351199
5351204
5351221
5351224
5351225
5351282
5351285
5351294
5351325
5351337
5351338
5351345
5351352
5351390
5351392
5351401
5351405
5351407
5351412
5351426
5351431
5351445
5351453
5351465
5351473
5351478
5351489
5351502
5351503
5351507
5351513
5351529
5351553
5351555
5351574
5351576
5351586
5351593
5351616
5351640
5351644
5351646
5351651
5351672
5351687
5351696
5351705
5351716
5351721
5351727
5351733
5351734
5351746
5351748
5351755
5351756
5351760
5351761
5351764
5351765
5351767
5351778
5351784
5351800
5351802
5351817
5351823
5351825
5351831
5351847
5351875
5351888
5351890
5351905
5351941
5351949
5351964
5351968
5351971
5351988
5351989
5352031
5352032
5352053
5352055
5352058
5352061
5352071
5352092
5352103
5352106
5352111
5352124
5352133
5352141
5352149
5352150
5352157
5352159
5352164
5352181
5352190
5352194
5352235
5352255
5352273
5352294
5352297
5352300
5352315
5352329
5352339
5352349
5352355
5352356
5352359
5352360
5352368
5352370
5352375
5352381
5352407
5352411
5352445
5352448
5352451
5352457
5352461
5352465
5352467
5352468
5352484
5352505
5352519
5352540
5352546
5352558
5352559
5352564
5352567
5352572
5352583
5352585
5352587
5352604
5352609
5352613
5352615
5352621
5352622
5352632
5352633
5352634
5352640
5352656
5352696
5352701
5352709
5352748
5352768
5352769
5352780
5352787
5352788
5352793
5352799
5352803
5352809
5352812
5352816
5352827
5352829
5352842
5352844
5352848
5352860
5352866
5352872
5352890
5352905
5352910
5352913
5352932
5352939
5352941
5352946
5352947
5352954
5352963
5352968
5352971
5353005
5353011
5353014
5353054
5353058
5353067
5353089
5353092
5353093
5353104
5353105
5353127
5353135
5353157
5353160
5353169
5353188
5353194
5353195
5353205
5353217
5353222
5353257
5353275
5353278
5353279
5353292
5353302
5353312
5353317
5353345
5353352
5353359
5353361
5353364
5353393
5353404
5353411
5353412
5353414
5353421
5353425
5353431
5353441
5353470
5353474
5353478
5353482
5353487
5353494
5353497
5353511
5353522
5353548
5353560
5353564
5353578
5353579
5353582
5353588
5353606
5353615
5353620
5353632
5353646
5353647
5353661
5353669
5353675
5353679
5353687
5353690
5353699
5353703
5353708
5353711
5353724
5353736
5353739
5353743
5353751
5353758
5353761
5353763
5353764
5353800
5353809
5353813
5353815
5353820
5353827
5353829
5353862
5353864
5353865
5353874
5353887
5353888
5353890
5353899
5353901
5353902
5353917
5353923
5353942
5353956
5353959
5353963
5353966
5353982
5353984
5353999
5354003
5354032
5354043
5354049
5354065
5354068
5354127
5354128
5354131
5354154
5354173
5354180
5354187
5354188
5354195
5354211
5354212
5354220
5354227
5354248
5354252
5354281
5354298
5354300
5354302
5354325
5354336
5354352
5354366
5354374
5354376
5354381
5354386
5354387
5354396
5354397
5354407
5354440
5354450
5354496
5354522
5354557
5354564
5354569
5354589
5354597
5354599
5354617
5354620
5354622
5354628
5354631
5354634
5354644
5354650
5354655
5354658
5354684
5354687
5354700
5354724
5354729
5354757
5354760
5354773
5354781
5354784
5354786
5354787
5354792
5354793
5354796
5354802
5354815
5354831
5354851
5354854
5354866
5354870
5354874
5354889
5354893
5354901
5354919
5354921
5354924
5354927
5354931
5354953
5354989
5354990
5355026
5355027
5355037
5355039
5355046
5355048
5355056
5355060
5355066
5355073
5355094
5355096
5355111
5355125
5355130
5355158
5355162
5355179
5355186
5355202
5355212
5355227
5355233
5355235
5355246
5355253
5355258
5355268
5355273
5355277
5355299
5355300
5355309
5355317
5355319
5355335
5355339
5355346
5355364
5355381
5355394
5355426
5355440
5355443
5355448
5355449
5355451
5355470
5355482
5355485
5355487
5355492
5355493
5355504
5355506
5355511
5355513
5355532
5355545
5355546
5355552
5355588
5355590
5355596
5355598
5355620
5355645
5355647
5355668
5355685
5355687
5355690
5355691
5355695
5355704
5355731
5355744
5355746
5355749
5355753
5355770
5355778
5355781
5355784
5355789
5355797
5355799
5355805
5355816
5355821
5355829
5355838
5355843
5355845
5355847
5355854
5355857
5355860
5355875
5355892
5355898
5355902
5355909
5355926
5355931
5355932
5355949
5355960
5355964
5355976
5355992
5355995
5356002
5356028
5356035
5356037
5356041
5356052
5356053
5356054
5356065
5356073
5356074
5356088
5356089
5356096
5356108
5356110
5356140
5356142
5356163
5356171
5356191
5356208
5356234
5356242
5356257
5356260
5356267
5356269
5356279
5356285
5356287
5356294
5356297
5356304
5356324
5356343
5356362
5356377
5356379
5356390
5356394
5356466
5356473
5356474
5356478
5356485
5356507
5356508
5356510
5356533
5356555
5356557
5356561
5356565
5356567
5356569
5356571
5356575
5356586
5356591
5356599
5356615
5356628
5356639
5356649
5356655
5356659
5356660
5356662
5356679
5356687
5356693
5356694
5356730
5356736
5356746
5356751
5356764
5356780
5356800
5356804
5356806
5356825
5356827
5356829
5356880
5356883
5356893
5356906
5356930
5356935
5356937
5356952
5356963
5356967
5356976
5356981
5356989
5356996
5356997
5357012
5357019
5357030
5357040
5357046
5357052
5357063
5357064
5357080
5357088
5357095
5357098
5357102
5357112
5357127
5357130
5357132
5357133
5357144
5357164
5357169
5357170
5357172
5357173
5357177
5357214
5357255
5357282
5357284
5357286
5357287
5357293
5357294
5357297
5357302
5357316
5357324
5357325
5357326
5357337
5357348
5357354
5357355
5357373
5357405
5357410
5357419
5357422
5357426
5357427
5357434
5357469
5357475
5357477
5357484
5357500
5357512
5357514
5357518
5357523
5357531
5357532
5357537
5357540
5357541
5357551
5357552
5357558
5357568
5357571
5357576
5357578
5357583
5357592
5357593
5357613
5357620
5357625
5357626
5357638
5357647
5357671
5357678
5357701
5357716
5357717
5357721
5357724
5357736
5357748
5357757
5357767
5357768
5357824
5357844
5357846
5357855
5357861
5357862
5357871
5357872
5357873
5357896
5357900
5357902
5357905
5357907
5357908
5357933
5357955
5357957
5357971
5357977
5357980
5357982
5357984
5358000
5358005
5358013
5358014
5358028
5358052
5358059
5358066
5358098
5358107
5358111
5358127
5358140
5358152
5358156
5358158
5358172
5358176
5358179
5358181
5358182
5358183
5358187
5358192
5358206
5358223
5358227
5358243
5358244
5358268
5358273
5358278
5358290
5358311
5358323
5358325
5358327
5358330
5358349
5358355
5358369
5358382
5358399
5358422
5358423
5358429
5358448
5358465
5358480
5358483
5358490
5358495
5358505
5358508
5358572
5358574
5358590
5358599
5358604
5358605
5358611
5358622
5358627
5358644
5358646
5358658
5358662
5358677
5358696
5358702
5358705
5358715
5358744
5358755
5358787
5358793
5358813
5358814
5358823
5358830
5358840
5358864
5358865
5358868
5358882
5358884
5358888
5358906
5358909
5358920
5358926
5358932
5358937
5358943
5358951
5358957
5358958
5358961
5358973
5358974
5358977
5358986
5358992
5358997
5359003
5359021
5359048
5359054
5359058
5359061
5359067
5359079
5359081
5359083
5359115
5359159
5359164
5359170
5359184
5359198
5359200
5359209
5359223
5359254
5359255
5359256
5359258
5359264
5359266
5359267
5359269
5359277
5359283
5359294
5359297
5359300
5359306
5359317
5359322
5359328
5359344
5359350
5359361
5359369
5359374
5359378
5359381
5359387
5359403
5359408
5359420
5359428
5359441
5359459
5359465
5359483
5359496
5359497
5359521
5359535
5359537
5359550
5359553
5359560
5359597
5359599
5359600
5359606
5359625
5359640
5359647
5359650
5359651
5359657
5359660
5359716
5359717
5359721
5359729
5359733
5359735
5359744
5359746
5359750
5359758
5359765
5359767
5359771
5359779
5359786
5359796
5359799
5359801
5359807
5359813
5359814
5359842
5359843
5359860
5359869
5359872
5359873
5359876
5359887
5359937
5359938
5359944
5359948
5359959
5359971
5359972
5359981
5359985
5359987
5359995
5359996
5359999
5360000
5360029
5360037
5360038
5360046
5360047
5360081
5360095
5360104
5360106
5360110
5360112
5360115
5360124
5360133
5360145
5360162
5360185
5360192
5360212
5360216
5360222
5360231
5360233
5360243
5360284
5360298
5360300
5360314
5360315
5360328
5360343
5360349
5360351
5360370
5360377
5360391
5360394
5360395
5360398
5360406
5360407
5360411
5360412
5360422
5360448
5360458
5360462
5360464
5360470
5360480
5360491
5360493
5360494
5360517
5360529
5360550
5360555
5360575
5360580
5360594
5360628
5360629
5360639
5360649
5360651
5360665
5360680
5360703
5360706
5360716
5360724
5360726
5360732
5360733
5360735
5360742
5360752
5360758
5360766
5360781
5360784
5360809
5360817
5360820
5360822
5360848
5360854
5360856
5360864
5360884
5360899
5360912
5360916
5360927
5360928
5360930
5360973
5360992
5360995
5361013
5361031
5361046
5361050
5361056
5361057
5361074
5361084
5361098
5361135
5361138
5361139
5361149
5361165
5361168
5361182
5361193
5361200
5361220
5361232
5361240
5361246
5361249
5361267
5361270
5361288
5361299
5361302
5361309
5361310
5361322
5361328
5361338
5361386
5361393
5361396
5361401
5361415
5361421
5361427
5361441
5361445
5361467
5361471
5361473
5361477
5361486
5361489
5361490
5361498
5361499
5361506
5361519
5361544
5361553
5361558
5361564
5361569
5361575
5361604
5361607
5361623
5361628
5361654
5361668
5361676
5361679
5361684
5361687
5361697
5361729
5361730
5361746
5361759
5361771
5361773
5361793
5361796
5361798
5361801
5361806
5361817
5361826
5361828
5361842
5361843
5361857
5361872
5361881
5361896
5361926
5361941
5361949
5361962
5361977
5361982
5361985
5361995
5362018
5362022
5362041
5362043
5362049
5362065
5362086
5362114
5362118
5362130
5362136
5362142
5362154
5362161
5362162
5362168
5362180
5362182
5362188
5362190
5362195
5362210
5362213
5362214
5362235
5362237
5362239
5362241
5362251
5362252
5362260
5362270
5362276
5362279
5362288
5362290
5362294
5362302
5362303
5362308
5362313
5362319
5362336
5362339
5362352
5362371
5362388
5362406
5362409
5362423
5362447
5362450
5362453
5362465
5362470
5362471
5362506
5362515
5362529
5362534
5362555
5362578
5362581
5362584
5362585
5362592
5362595
5362619
5362626
5362629
5362632
5362634
5362635
5362650
5362672
5362704
5362705
5362714
5362782
5362786
5362803
5362807
5362808
5362812
5362821
5362829
5362832
5362841
5362849
5362866
5362876
5362880
5362895
5362899
5362904
5362912
5362916
5362925
5362936
5362956
5362960
5362965
5362978
5362985
5362994
5363004
5363016
5363022
5363027
5363033
5363044
5363055
5363057
5363069
5363105
5363107
5363116
5363125
5363129
5363157
5363161
5363168
5363190
5363210
5363213
5363225
5363232
5363241
5363248
5363259
5363262
5363264
5363271
5363276
5363285
5363287
5363313
5363314
5363322
5363340
5363363
5363369
5363378
5363381
5363383
5363385
5363391
5363404
5363423
5363425
5363443
5363462
5363490
5363502
5363515
5363560
5363564
5363574
5363576
5363583
5363599
5363600
5363612
5363622
5363632
5363633
5363655
5363677
5363679
5363685
5363692
5363698
5363701
5363708
5363711
5363732
5363750
5363768
5363773
5363777
5363781
5363782
5363798
5363835
5363837
5363845
5363855
5363862
5363866
5363870
5363877
5363890
5363891
5363896
5363898
5363906
5363910
5363912
5363930
5363935
5363937
5363938
5363956
5363976
5363982
5363990
5363995
5363996
5364006
5364007
5364036
5364053
5364068
5364081
5364083
5364091
5364092
5364096
5364106
5364116
5364131
5364139
5364143
5364153
5364155
5364165
5364176
5364183
5364199
5364200
5364211
5364213
5364228
5364233
5364242
5364270
5364274
5364279
5364294
5364302
5364303
5364343
5364346
5364370
5364378
5364385
5364386
5364388
5364397
5364404
5364408
5364414
5364418
5364425
5364428
5364431
5364439
5364451
5364467
5364472
5364474
5364488
5364502
5364508
5364511
5364520
5364532
5364540
5364554
5364560
5364575
5364592
5364597
5364605
5364609
5364612
5364613
5364625
5364636
5364639
5364649
5364652
5364653
5364673
5364692
5364711
5364734
5364737
5364742
5364771
5364773
5364787
5364793
5364812
5364819
5364820
5364824
5364842
5364856
5364865
5364873
5364879
5364884
5364896
5364903
5369908
5369911
5369923
5369933
5369939
5369942
5369943
5369949
5369951
5369959
5369972
5369979
5369997
5370008
5370013
5370032
5370041
5370043
5370065
5370086
5370090
5370103
5370104
5370119
5370137
5370150
5370172
5370174
5370186
5370192
5370214
5370230
5370237
5370239
5370245
5370267
5370276
5370277
5370301
5370307
5370313
5370317
5370331
5370337
5370357
5370393
5370395
5370397
5370410
5370418
5370435
5370436
5370449
5370452
5370466
5370478
5370490
5370507
5370515
5370532
5370550
5370557
5370564
5370579
5370582
5370583
5370591
5370594
5370596
5370609
5370612
5370625
5370629
5370647
5370676
5370678
5370687
5370691
5370697
5370708
5370717
5370726
5370735
5370736
5370739
5370749
5370750
5370752
5370764
5370774
5370775
5370776
5370778
5370779
5370782
5370793
5370803
5370804
5370806
5370812
5370817
5370819
5370838
5370881
5370907
5370909
5370910
5370939
5370940
5370945
5370958
5370959
5370960
5370965
5370967
5370969
5370975
5370990
5370998
5371013
5371023
5371025
5371033
5371035
5371058
5371068
5371079
5371086
5371100
5371111
5371123
5371139
5371141
5371149
5371153
5371157
5371161
5371186
5371192
5371203
5371213
5371227
5371244
5371248
5371268
5371271
5371282
5371291
5371296
5371301
5371303
5371327
5371333
5371355
5371357
5371358
5371360
5371378
5371389
5371392
5371400
5371411
5371420
5371431
5371432
5371443
5371474
5371489
5371491
5371503
5371528
5371534
5371567
5371571
5371572
5371575
5371578
5371587
5371611
5371614
5371626
5371632
5371637
5371652
5371668
5371681
5371718
5371727
5371731
5371741
5371764
5371774
5371780
5371781
5371795
5371808
5371809
5371815
5371830
5371833
5371834
5371855
5371860
5371863
5371869
5371872
5371876
5371907
5371922
5371925
5371930
5371937
5371939
5371940
5371941
5371943
5371960
5371961
5371969
5371972
5371974
5371975
5371979
5371993
5371996
5372014
5372027
5372046
5372062
5372066
5372070
5372071
5372076
5372095
5372099
5372107
5372113
5372120
5372123
5372148
5372162
5372168
5372170
5372189
5372203
5372210
5372214
5372228
5372241
5372289
5372291
5372307
5372312
5372314
5372318
5372328
5372330
5372345
5372350
5372353
5372363
5372365
5372369
5372379
5372386
5372387
5372393
5372401
5372413
5372428
5372436
5372443
5372450
5372462
5372485
5372502
5372505
5372517
5372518
5372528
5372530
5372547
5372560
5372564
5372572
5372577
5372584
5372602
5372607
5372612
5372616
5372619
5372620
5372637
5372661
5372668
5372688
5372691
5372695
5372703
5372713
5372754
5372767
5372771
5372774
5372776
5372779
5372787
5372794
5372801
5372814
5372834
5372836
5372842
5372853
5372856
5372861
5372864
5372874
5372878
5372903
5372904
5372913
5372923
5372926
5372928
5372931
5372932
5372974
5372975
5372986
5373005
5373009
5373023
5373030
5373034
5373036
5373048
5373049
5373063
5373064
5373073
5373076
5373077
5373082
5373084
5373104
5373111
5373114
5373119
5373121
5373122
5373131
5373137
5373158
5373197
5373198
5373214
5373226
5373238
5373270
5373277
5373291
5373307
5373312
5373318
5373324
5373336
5373342
5373345
5373358
5373364
5373373
5373387
5373407
5373426
5373438
5373457
5373461
5373464
5373470
5373499
5373516
5373533
5373545
5373557
5373560
5373565
5373573
5373577
5373592
5373601
5373617
5373623
5373647
5373650
5373661
5373680
5373687
5373694
5373715
5373731
5373735
5373739
5373745
5373748
5373749
5373751
5373756
5373765
5373766
5373774
5373775
5373809
5373823
5373836
5373846
5373875
5373892
5373908
5373924
5373935
5373951
5373959
5373961
5373994
5374008
5374010
5374014
5374036
5374040
5374054
5374057
5374071
5374073
5374078
5374079
5374080
5374084
5374090
5374092
5374107
5374112
5374117
5374121
5374128
5374135
5374138
5374142
5374153
5374165
5374168
5374176
5374184
5374187
5374189
5374192
5374195
5374198
5374201
5374204
5374214
5374221
5374225
5374230
5374231
5374232
5374243
5374246
5374252
5374275
5374276
5374283
5374295
5374304
5374308
5374313
5374318
5374319
5374333
5374339
5374345
5374347
5374351
5374352
5374367
5374383
5374384
5374386
5374387
5374390
5374402
5374403
5374407
5374431
5374444
5374447
5374450
5374456
5374460
5374466
5374481
5374489
5374495
5374503
5374508
5374513
5374514
5374516
5374527
5374547
5374551
5374555
5374557
5374568
5374575
5374581
5374595
5374596
5374599
5374604
5374645
5374646
5374647
5374669
5374674
5374683
5374699
5374739
5374782
5374786
5374791
5374797
5374798
5374800
5374805
5374822
5374824
5374826
5374829
5374851
5374861
5374865
5374870
5374880
5374888
5374893
5374907
5374911
5374916
5374926
5374928
5374930
5374934
5374940
5374946
5374954
5374967
5374973
5374994
5375009
5375010
5375029
5375040
5375051
5375056
5375081
5375089
5375091
5375109
5375117
5375128
5375132
5375139
5375141
5375145
5375148
5375152
5375188
5375192
5375193
5375195
5375199
5375209
5375217
5375230
5375246
5375260
5375262
5375276
5375287
5375289
5375306
5375328
5375339
5375347
5375348
5375351
5375359
5375382
5375405
5375411
5375423
5375424
5375438
5375439
5375471
5375473
5375483
5375485
5375512
5375522
5375526
5375533
5375545
5375591
5375597
5375605
5375613
5375637
5375671
5375672
5375673
5375674
5375706
5375709
5375725
5375735
5375738
5375784
5375803
5375808
5375825
5375827
5375835
5375837
5375857
5375860
5375879
5375880
5375882
5375900
5375906
5375930
5375931
5375933
5375937
5375961
5375965
5375974
5375985
5375987
5375990
5376015
5376041
5376053
5376057
5376069
5376070
5376089
5376102
5376118
5376122
5376123
5376127
5376133
5376137
5376153
5376160
5376170
5376187
5376196
5376200
5376210
5376212
5376217
5376218
5376226
5376254
5376262
5376263
5376281
5376284
5376313
5376327
5376352
5376354
5376358
5376367
5376368
5376372
5376374
5376375
5376376
5376382
5376396
5376398
5376409
5376421
5376424
5376430
5376443
5376455
5376457
5376465
5376466
5376471
5376474
5376480
5376487
5376488
5376505
5376527
5376547
5376563
5376591
5376598
5376611
5376619
5376623
5376628
5376633
5376644
5376666
5376667
5376673
5376684
5376730
5376755
5376760
5376764
5376770
5376778
5376795
5376801
5376808
5376814
5376816
5376833
5376837
5376849
5376853
5376856
5376866
5376879
5376885
5376896
5376898
5376909
5376916
5376917
5376952
5376964
5377004
5377077
5377079
5377080
5377097
5377103
5377129
5377133
5377141
5377146
5377155
5377162
5377170
5377191
5377195
5377198
5377235
5377237
5377245
5377247
5377250
5377251
5377262
5377263
5377265
5377274
5377284
5377291
5377315
5377318
5377321
5377324
5377326
5377341
5377343
5377348
5377351
5377352
5377367
5377368
5377391
5377394
5377406
5377444
5377448
5377455
5377481
5377487
5377513
5377528
5377550
5377584
5377609
5377611
5377618
5377646
5377650
5377671
5377672
5377682
5377686
5377700
5377735
5377762
5377771
5377788
5377804
5377818
5377826
5377829
5377831
5377834
5377845
5377873
5377879
5377889
5377934
5377957
5377963
5377969
5377975
5377983
5378011
5378027
5378028
5378037
5378040
5378045
5378050
5378056
5378089
5378108
5378112
5378116
5378126
5378129
5378137
5378155
5378174
5378183
5378192
5378203
5378216
5378217
5378227
5378235
5378236
5378267
5378287
5378297
5378299
5378312
5378315
5378323
5378334
5378336
5378343
5378350
5378363
5378382
5378390
5378402
5378407
5378408
5378432
5378435
5378444
5378460
5378477
5378483
5378489
5378492
5378503
5378504
5378506
5378515
5378517
5378524
5378526
5378529
5378531
5378533
5378535
5378538
5378551
5378559
5378609
5378622
5378625
5378632
5378638
5378639
5378642
5378654
5378664
5378668
5378672
5378673
5378674
5378694
5378705
5378713
5378721
5378725
5378738
5378741
5378759
5378772
5378776
5378785
5378786
5378820
5378822
5378834
5378835
5378848
5378850
5378858
5378894
5378895
5378916
5378924
5378927
5378935
5378940
5378945
5378963
5378967
5378977
5378980
5378982
5378984
5379028
5379046
5379060
5379070
5379074
5379078
5379079
5379083
5379099
5379108
5379119
5379125
5379135
5379147
5379157
5379164
5379177
5379179
5379188
5379194
5379195
5379228
5379241
5379250
5379260
5379262
5379267
5379272
5379294
5379309
5379324
5379334
5379340
5379345
5379360
5379376
5379391
5379398
5379399
5379407
5379423
5379433
5379454
5379455
5379468
5379479
5379509
5379518
5379521
5379530
5379535
5379538
5379544
5379560
5379573
5379584
5379596
5379597
5379605
5379620
5379638
5379641
5379644
5379651
5379658
5379659
5379671
5379680
5379690
5379697
5379702
5379717
5379723
5379726
5379727
5379734
5379748
5379751
5379755
5379772
5379782
5379785
5379798
5379803
5379811
5379818
5379853
5379855
5379866
5379876
5379884
5379891
5379904
5379906
5379927
5379942
5379969
5379970
5379972
5379997
5380004
5380010
5380027
5380051
5380060
5380071
5380080
5380082
5380114
5380147
5380156
5380163
5380179
5380190
5380194
5380197
5380230
5380233
5380237
5380246
5380256
5380259
5380260
5380264
5380287
5380296
5380297
5380306
5380324
5380336
5380340
5380374
5380375
5380381
5380385
5380420
5380443
5380449
5380450
5380453
5380461
5380475
5380479
5380491
5380494
5380515
5380517
5380532
5380546
5380555
5380560
5380572
5380577
5380581
5380583
5380589
5380599
5380602
5380621
5380641
5380643
5380661
5380673
5380674
5380690
5380712
5380719
5380720
5380736
5380742
5380745
5380751
5380764
5380772
5380776
5380782
5380791
5380792
5380796
5380802
5380804
5380809
5380818
5380829
5380830
5380846
5380847
5380857
5380863
5380866
5380875
5380880
5380882
5380888
5380890
5380901
5380907
5380909
5380914
5380927
5380930
5380933
5380952
5380959
5380972
5380977
5380979
5380984
5380996
5381014
5381018
5381022
5381035
5381046
5381047
5381052
5381057
5381060
5381069
5381074
5381075
5381098
5381107
5381149
5381159
5381160
5381171
5381174
5381177
5381183
5381191
5381195
5381211
5381217
5381229
5381230
5381232
5381260
5381262
5381271
5381279
5381288
5381290
5381294
5381302
5381305
5381307
5381321
5381327
5381345
5381359
5381365
5381380
5381382
5381383
5381395
5381399
5381400
5381422
5381425
5381439
5381446
5381450
5381451
5381454
5381460
5381480
5381484
5381494
5381496
5381499
5381504
5381509
5381516
5381524
5381540
5381548
5381558
5381572
5381578
5381580
5381583
5381589
5381613
5381614
5381636
5381646
5381661
5381663
5381664
5381674
5381683
5381684
5381692
5381698
5381704
5381717
5381738
5381739
5381742
5381746
5381754
5381766
5381778
5381803
5381804
5381805
5381812
5381815
5381839
5381849
5381851
5381858
5381873
5381885
5381892
5381893
5381901
5381904
5381926
5381937
5381941
5381943
5381949
5381957
5381967
5381970
5381978
5381982
5381989
5381990
5381993
5381997
5382011
5382020
5382036
5382049
5382060
5382061
5382095
5382098
5382102
5382107
5382123
5382144
5382166
5382175
5382176
5382180
5382182
5382206
5382207
5382210
5382227
5382232
5382233
5382236
5382239
5382244
5382246
5382261
5382283
5382285
5382286
5382297
5382315
5382324
5382335
5382340
5382342
5382371
5382376
5382377
5382378
5382404
5382423
5382426
5382427
5382447
5382453
5382464
5382478
5382488
5382509
5382515
5382527
5382537
5382547
5382548
5382551
5382556
5382559
5382562
5382583
5382585
5382617
5382628
5382634
5382645
5382649
5382658
5382672
5382676
5382691
5382694
5382700
5382706
5382724
5382728
5382743
5382762
5382763
5382805
5382823
5382824
5382830
5382852
5382853
5382879
5382881
5382886
5382888
5382893
5382895
5382913
5382916
5382920
5382921
5382941
5382944
5382947
5382950
5382962
5382973
5382978
5382988
5382989
5382999
5383000
5383013
5383025
5383051
5383068
5383084
5383098
5383100
5383102
5383103
5383108
5383112
5383120
5383123
5383125
5383133
5383143
5383150
5383157
5383162
5383164
5383171
5383179
5383198
5383200
5383206
5383212
5383214
5383217
5383219
5383245
5383246
5383255
5383265
5383283
5383284
5383302
5383307
5383311
5383312
5383335
5383342
5383363
5383402
5383414
5383434
5383449
5383450
5383452
5383470
5383471
5383474
5383476
5383484
5383488
5383492
5383496
5383508
5383512
5383524
5383525
5383527
5383548
5383563
5383566
5383568
5383570
5383576
5383597
5383604
5383607
5383619
5383643
5383645
5383646
5383647
5383651
5383655
5383660
5383663
5383665
5383669
5383679
5383682
5383685
5383702
5383706
5383736
5383737
5383744
5383748
5383766
5383770
5383781
5383790
5383794
5383817
5383830
5383838
5383841
5383856
5383872
5383879
5383905
5383914
5383916
5383919
5383920
5383922
5383927
5383937
5383941
5383953
5383958
5383963
5383973
5383976
5384005
5384009
5384019
5384025
5384034
5384059
5384072
5384089
5384091
5384107
5384121
5384122
5384127
5384132
5384141
5384155
5384164
5384173
5384178
5384180
5384187
5384191
5384201
5384208
5384214
5384218
5384225
5384227
5384232
5384241
5384245
5384248
5384249
5384289
5384294
5384304
5384306
5384353
5384368
5384373
5384379
5384380
5384390
5384408
5384414
5384426
5384428
5384434
5384445
5384457
5384483
5384496
5384515
5384518
5384529
5384543
5384546
5384547
5384549
5384565
5384572
5384582
5384593
5384604
5384609
5384614
5384645
5384657
5384669
5384672
5384686
5384697
5384715
5384717
5384718
5384731
5384753
5384757
5384759
5384760
5384768
5384775
5384792
5384795
5384799
5384800
5384803
5384821
5384823
5384825
5384826
5384830
5384833
5384841
5384851
5384853
5384857
5384862
5384872
5384873
5384874
5384888
5384895
5384905
5384907
5384936
5384940
5384976
5384979
5384984
5384997
5385010
5385022
5385025
5385068
5385080
5385090
5385101
5385112
5385114
5385126
5385132
5385133
5385145
5385152
5385153
5385181
5385189
5385200
5385204
5385211
5385218
5385220
5385237
5385239
5385241
5385243
5385244
5385246
5385251
5385255
5385258
5385272
5385294
5385296
5385297
5385299
5385302
5385303
5385336
5385348
5385353
5385377
5385378
5385390
5385409
5385417
5385425
5385431
5385435
5385448
5385472
5385481
5385508
5385511
5385526
5385530
5385535
5385538
5385539
5385556
5385558
5385567
5385573
5385578
5385584
5385585
5385591
5385596
5385599
5385610
5385613
5385618
5385619
5385622
5385624
5385631
5385635
5385647
5385672
5385697
5385701
5385715
5385718
5385720
5385721
5385723
5385731
5385736
5385740
5385750
5385757
5385759
5385765
5385768
5385787
5385807
5385823
5385838
5385848
5385850
5385862
5385865
5385875
5385891
5385899
5385909
5385923
5385931
5385945
5385984
5385985
5386007
5386025
5386039
5386040
5386049
5386053
5386055
5386056
5386072
5386073
5386082
5386097
5386102
5386114
5386119
5386128
5386141
5386153
5386161
5386166
5386187
5386191
5386196
5386202
5386210
5386211
5386217
5386218
5386219
5386221
5386227
5386232
5386236
5386251
5386268
5386273
5386284
5386294
5386295
5386300
5386310
5386314
5386321
5386328
5386329
5386334
5386336
5386337
5386353
5386359
5386384
5386406
5386429
5386437
5386442
5386443
5386444
5386458
5386475
5386494
5386520
5386528
5386540
5386546
5386547
5386566
5386571
5386579
5386586
5386595
5386599
5386611
5386617
5386640
5386654
5386660
5386671
5386685
5386693
5386698
5386709
5386713
5386723
5386730
5386732
5386734
5386737
5386746
5386758
5386763
5386768
5386774
5386782
5386784
5386798
5386803
5386805
5386810
5386820
5386825
5386841
5386848
5386884
5386887
5386889
5386894
5386911
5386921
5386922
5386933
5386954
5386966
5386967
5386968
5387006
5387007
5387032
5387041
5387048
5387062
5387066
5387090
5387109
5387117
5387138
5387140
5387148
5387153
5387154
5387158
5387161
5387171
5387173
5387187
5387190
5387192
5387193
5387206
5387218
5387231
5387241
5387245
5387280
5387281
5387282
5387283
5387285
5387295
5387296
5387314
5387316
5387317
5387345
5387385
5387386
5387387
5387392
5387394
5387428
5387439
5387463
5387465
5387466
5387467
5387473
5387476
5387482
5387516
5387520
5387525
5387530
5387537
5387542
5387553
5387562
5387566
5387575
5387594
5387604
5387631
5387637
5387646
5387652
5387663
5387665
5387675
5387677
5387681
5387685
5387694
5387704
5387709
5387719
5387721
5387737
5387743
5387744
5387745
5387806
5387808
5387832
5387839
5387841
5387853
5387861
5387862
5387886
5387899
5387903
5387912
5387943
5387944
5387948
5387953
5387966
5387971
5387972
5387981
5387991
5388028
5388062
5388069
5388074
5388075
5388084
5388100
5388103
5388106
5388121
5388123
5388137
5388167
5388182
5388203
5388230
5388231
5388237
5388257
5388259
5388266
5388267
5388293
5388304
5388315
5388333
5388334
5388353
5388356
5388360
5388363
5388370
5388381
5388386
5388397
5388399
5388405
5388407
5388418
5388429
5388431
5388433
5388437
5388445
5388453
5388459
5388461
5388466
5388467
5388469
5388488
5388494
5388496
5388502
5388512
5388525
5388529
5388547
5388559
5388571
5388601
5388605
5388607
5388638
5388640
5388657
5388664
5388672
5388673
5388678
5388683
5388708
5388715
5388724
5388733
5388750
5388780
5388788
5388789
5388795
5388805
5388821
5388827
5388836
5388841
5388852
5388865
5388869
5388874
5388877
5388891
5388896
5388906
5388910
5388926
5388930
5388948
5388953
5388959
5388973
5388977
5388979
5388987
5389021
5389033
5389034
5389048
5389054
5389087
5389093
5389098
5389114
5389115
5389117
5389120
5389123
5389136
5389147
5389148
5389161
5389169
5389177
5389190
5389191
5389193
5389196
5389208
5389210
5389213
5389216
5389220
5389238
5389244
5389248
5389250
5389252
5389261
5389264
5389270
5389277
5389282
5389284
5389301
5389316
5389321
5389329
5389334
5389357
5389361
5389363
5389386
5389394
5389402
5389417
5389420
5389431
5389434
5389444
5389449
5389461
5389468
5389481
5389482
5389492
5389507
5389516
5389532
5389547
5389551
5389577
5389601
5389636
5389665
5389666
5389688
5389694
5389706
5389710
5389730
5389737
5389742
5389746
5389747
5389760
5389779
5389787
5389792
5389819
5389832
5389841
5389842
5389844
5389845
5389865
5389869
5389872
5389888
5389892
5389894
5389896
5389905
5389928
5389930
5389942
5389945
5389956
5389966
5389977
5389991
5390008
5390014
5390023
5390058
5390095
5390099
5390104
5390119
5390125
5390133
5390146
5390166
5390170
5390172
5390176
5390177
5390187
5390193
5390198
5390209
5390229
5390255
5390265
5390266
5390273
5390297
5390299
5390300
5390319
5390345
5390358
5390360
5390373
5390406
5390422
5390436
5390444
5390447
5390448
5390452
5390453
5390470
5390481
5390486
5390494
5390502
5390510
5390516
5390524
5390544
5390556
5390567
5390577
5390595
5390610
5390612
5390616
5390619
5390631
5390633
5390636
5390656
5390658
5390659
5390661
5390702
5390707
5390708
5390717
5390721
5390736
5390740
5390746
5390758
5390762
5390764
5390766
5390780
5390790
5390792
5390794
5390795
5390808
5390814
5390816
5390827
5390852
5390853
5390858
5390861
5390878
5390880
5390882
5390908
5390913
5390915
5390920
5390944
5390946
5390951
5390956
5390957
5390967
5390968
5390971
5390992
5391011
5391033
5391034
5391042
5391043
5391046
5391047
5391050
5391055
5391062
5391074
5391084
5391089
5391099
5391100
5391101
5391106
5391118
5391124
5391127
5391136
5391137
5391147
5391153
5391184
5391191
5391192
5391198
5391216
5391223
5391224
5391234
5391236
5391270
5391271
5391277
5391280
5391292
5391309
5391316
5391323
5391325
5391353
5391354
5391357
5391365
5391366
5391372
5391377
5391402
5391417
5391429
5391435
5391438
5391456
5391459
5391462
5391468
5391488
5391494
5391496
5391530
5391533
5391537
5391553
5391558
5391561
5391569
5391577
5391583
5391587
5391593
5391617
5391632
5391636
5391638
5391642
5391643
5391648
5391653
5391654
5391657
5391663
5391673
5391675
5391678
5391690
5391691
5391696
5391729
5391731
5391736
5391741
5391743
5391766
5391770
5391782
5391784
5391787
5391794
5391801
5391802
5391815
5391846
5391849
5391857
5391865
5391892
5391893
5391909
5391914
5391917
5391921
5391923
5391931
5391947
5391951
5391967
5391969
5392013
5392018
5392034
5392049
5392061
5392079
5392089
5392090
5392099
5392102
5392122
5392133
5392134
5392146
5392160
5392161
5392168
5392182
5392194
5392210
5392218
5392235
5392242
5392243
5392253
5392259
5392274
5392275
5392290
5392291
5392292
5392318
5392324
5392329
5392330
5392348
5392362
5392390
5392395
5392419
5392434
5392443
5392448
5392453
5392468
5392471
5392479
5392483
5392487
5392503
5392511
5392513
5392538
5392559
5392562
5392575
5392584
5392587
5392595
5392602
5392603
5392615
5392623
5392635
5392638
5392642
5392647
5392671
5392674
5392696
5392707
5392709
5392726
5392742
5392752
5392757
5392758
5392763
5392770
5392787
5392788
5392796
5392801
5392818
5392824
5392830
5392832
5392843
5392848
5392858
5392864
5392867
5392885
5392888
5392896
5392932
5392948
5392950
5392951
5392953
5392954
5392967
5392971
5392974
5392978
5392994
5392999
5393001
5393002
5393020
5393026
5393030
5393036
5393081
5393087
5393095
5393096
5393128
5393131
5393132
5393146
5393147
5393151
5393166
5393168
5393176
5393181
5393182
5393200
5393212
5393222
5393224
5393241
5393248
5393251
5393255
5393283
5393296
5393303
5393305
5393311
5393321
5393330
5393339
5393343
5393345
5393346
5393358
5393365
5393382
5393387
5393392
5393402
5393403
5393430
5393431
5393452
5393454
5393461
5393463
5393486
5393502
5393531
5393538
5393541
5393551
5393553
5393564
5393572
5393585
5393588
5393607
5393612
5393616
5393620
5393627
5393638
5393643
5393644
5393647
5393654
5393657
5393660
5393669
5393682
5393683
5393686
5393692
5393694
5393695
5393717
5393718
5393724
5393739
5393751
5393757
5393786
5393841
5393849
5393857
5393874
5393904
5393921
5393954
5393956
5393966
5393969
5394004
5394016
5394017
5394023
5394065
5394076
5394087
5394103
5394108
5394114
5394122
5394123
5394143
5394159
5394162
5394163
5394173
5394186
5394195
5394196
5394203
5394205
5394212
5394214
5394224
5394234
5394236
5394244
5394247
5394259
5394285
5394300
5394303
5394306
5394313
5394324
5394326
5394351
5394355
5394361
5394362
5394412
5394420
5394426
5394429
5394431
5394465
5394474
5394487
5394503
5394516
5394519
5394527
5394528
5394558
5394565
5394570
5394578
5394586
5394589
5394598
5394606
5394607
5394615
5394625
5394640
5394653
5394656
5394659
5394661
5394671
5394689
5394699
5394705
5394710
5394711
5394729
5394768
5394799
5394803
5394805
5394810
5394828
5394834
5394850
5394858
5394860
5394861
5394864
5394880
5394882
5394884
5394887
5394898
5394938
5394956
5394958
5394978
5394985
5395001
5395009
5395010
5395026
5395033
5395036
5395065
5395066
5395081
5395091
5395094
5395124
5395127
5395133
5395139
5395158
5395163
5395173
5395184
5395185
5395186
5395198
5395203
5395205
5395206
5395236
5395242
5395265
5395267
5395271
5395273
5395284
5395286
5395290
5395298
5395300
5395306
5395313
5395318
5395325
5395326
5395330
5395337
5395343
5395348
5395365
5395367
5395374
5395410
5395413
5395414
5395417
5395423
5395426
5395435
5395445
5395452
5395457
5395466
5395490
5395499
5395511
5395514
5395515
5395519
5395537
5395542
5395549
5395552
5395557
5395569
5395570
5395580
5395589
5395593
5395594
5395627
5395634
5395669
5395673
5395676
5395677
5395684
5395686
5395691
5395714
5395721
5395741
5395752
5395754
5395758
5395764
5395768
5395770
5395784
5395796
5395798
5395807
5395824
5395827
5395831
5395835
5395839
5395847
5395858
5395868
5395870
5395879
5395896
5395897
5395902
5395913
5395924
5395926
5395932
5395941
5395969
5395972
5395979
5395987
5395995
5395999
5396015
5396028
5396038
5396039
5396041
5396048
5396054
5396067
5396069
5396072
5396076
5396084
5396087
5396095
5396108
5396117
5396132
5396142
5396144
5396147
5396153
5396164
5396174
5396175
5396186
5396187
5396192
5396199
5396202
5396213
5396215
5396229
5396230
5396242
5396248
5396274
5396286
5396288
5396291
5396300
5396308
5396321
5396327
5396332
5396337
5396339
5396348
5396352
5396355
5396359
5396362
5396372
5396387
5396393
5396402
5396403
5396405
5396418
5396430
5396434
5396447
5396450
5396480
5396498
5396499
5396506
5396527
5396530
5396534
5396538
5396557
5396559
5396598
5396610
5396626
5396629
5396631
5396646
5396652
5396678
5396681
5396687
5396690
5396713
5396718
5396731
5396734
5396746
5396766
5396779
5396784
5396815
5396828
5396856
5396871
5396882
5396885
5396902
5396908
5396909
5396928
5396931
5396934
5396936
5396937
5396938
5396970
5396972
5396974
5396978
5397001
5397002
5397016
5397024
5397050
5397057
5397059
5397061
5397078
5397083
5397095
5397097
5397101
5397105
5397109
5397114
5397116
5397118
5397122
5397125
5397140
5397142
5397144
5397148
5397156
5397164
5397172
5397173
5397175
5397176
5397182
5397190
5397192
5397195
5397198
5397204
5397207
5397254
5397270
5397272
5397273
5397278
5397286
5397291
5397295
5397299
5397307
5397311
5397319
5397320
5397332
5397354
5397361
5397375
5397409
5397411
5397412
5397417
5397430
5397443
5397486
5397505
5397508
5397514
5397522
5397528
5397540
5397545
5397554
5397555
5397556
5397557
5397568
5397574
5397577
5397580
5397593
5397604
5397607
5397611
5397612
5397614
5397619
5397623
5397627
5397631
5397633
5397663
5397670
5397675
5397693
5397694
5397701
5397707
5397715
5397726
5397734
5397759
5397784
5397785
5397790
5397795
5397799
5397801
5397803
5397806
5397825
5397840
5397845
5397857
5397872
5397886
5397894
5397896
5397901
5397906
5397918
5397931
5397940
5397948
5397974
5397976
5397977
5397985
5397994
5398003
5398021
5398028
5398038
5398056
5398065
5398090
5398103
5398104
5398115
5398118
5398120
5398122
5398123
5398128
5398148
5398152
5398156
5398165
5398167
5398169
5398190
5398196
5398205
5398210
5398223
5398241
5398244
5398279
5398285
5398286
5398300
5398303
5398327
5398331
5398333
5398337
5398338
5398367
5398377
5398391
5398395
5398397
5398399
5398425
5398430
5398434
5398447
5398458
5398480
5398484
5398486
5398491
5398493
5398494
5398507
5398512
5398515
5398532
5398544
5398546
5398561
5398562
5398566
5398568
5398581
5398586
5398624
5398632
5398636
5398659
5398660
5398665
5398675
5398681
5398692
5398720
5398723
5398731
5398733
5398755
5398756
5398769
5398779
5398787
5398790
5398795
5398806
5398809
5398814
5398821
5398822
5398827
5398863
5398876
5398878
5398894
5398906
5398909
5398916
5398921
5398929
5398937
5398939
5398954
5398958
5398971
5398973
5398988
5398989
5398998
5399008
5399010
5399030
5399040
5399069
5399071
5399078
5399098
5399105
5399125
5399129
5399130
5399134
5399164
5399168
5399169
5399184
5399185
5399187
5399213
5399219
5399220
5399257
5399269
5399275
5399280
5399285
5399290
5399304
5399319
5399320
5399346
5399349
5399360
5399361
5399363
5399365
5399380
5399388
5399394
5399397
5399411
5399414
5399457
5399458
5399466
5399471
5399489
5399492
5399493
5399505
5399514
5399515
5399520
5399530
5399533
5399536
5399537
5399545
5399558
5399568
5399577
5399581
5399588
5399596
5399601
5399616
5399619
5399627
5399639
5399649
5399653
5399659
5399683
5399688
5399707
5399708
5399716
5399736
5399741
5399757
5399763
5399768
5399771
5399772
5399774
5399790
5399806
5399815
5399844
5399854
5399855
5399866
5399867
5399870
5399874
5399893
5399916
5399921
5399927
5399928
5399953
5399955
5399967
5399968
5399978
5399983
5399984
5399995
5399999
5400027
5400028
5400031
5400048
5400057
5400088
5400098
5400114
5400124
5400133
5400134
5400156
5400172
5400175
5400179
5400183
5400194
5400213
5400221
5400224
5400227
5400252
5400278
5400282
5400287
5400303
5400304
5400305
5400310
5400319
5400329
5400347
5400348
5400351
5400370
5400378
5400399
5400400
5400409
5400411
5400413
5400415
5400430
5400440
5400457
5400471
5400472
5400473
5400478
5400487
5400497
5400499
5400500
5400509
5400514
5400523
5400532
5400560
5400566
5400567
5400592
5400598
5400601
5400610
5400629
5400630
5400645
5400650
5400687
5400716
5400717
5400724
5400725
5400726
5400728
5400742
5400749
5400752
5400776
5400787
5400790
5400794
5400811
5400819
5400844
5400847
5400851
5400852
5400861
5400879
5400899
5400907
5400910
5400912
5400915
5400958
5400960
5400964
5400984
5400987
5401001
5401016
5401019
5401025
5401027
5401050
5401068
5401074
5401103
5401105
5401115
5401122
5401127
5401136
5401137
5401143
5401153
5401167
5401178
5401208
5401209
5401214
5401220
5401243
5401249
5401252
5401254
5401257
5401263
5401283
5401295
5401300
5401305
5401307
5401313
5401340
5401345
5401355
5401362
5401365
5401376
5401379
5401417
5401427
5401443
5401465
5401477
5401479
5401513
5401514
5401521
5401537
5401553
5401557
5401558
5401576
5401577
5401582
5401594
5401605
5401611
5401627
5401640
5401656
5401662
5401671
5401687
5401692
5401694
5401700
5401704
5401718
5401738
5401742
5401746
5401752
5401759
5401760
5401768
5401772
5401791
5401810
5401822
5401842
5401845
5401860
5401870
5401908
5401909
5401910
5401917
5401920
5401937
5401951
5401962
5401963
5401970
5401973
5401981
5401984
5401988
5402004
5402014
5402018
5402022
5402026
5402057
5402079
5402092
5402097
5402098
5402102
5402105
5402110
5402111
5402112
5402115
5402116
5402127
5402169
5402182
5402187
5402189
5402197
5402201
5402208
5402230
5402242
5402252
5402258
5402268
5402269
5402274
5402283
5402286
5402294
5402302
5402314
5402319
5402329
5402330
5402336
5402340
5402344
5402363
5402365
5402384
5402387
5402401
5402402
5402410
5402413
5402438
5402441
5402487
5402489
5402492
5402503
5402506
5402515
5402521
5402527
5402531
5402554
5402563
5402565
5402567
5402569
5402611
5402613
5402621
5402656
5402666
5402668
5402674
5402682
5402719
5402724
5402730
5402738
5402742
5402747
5402763
5402782
5402787
5402793
5402826
5402834
5402869
5402874
5402885
5402913
5402931
5402932
5402939
5402941
5402952
5402956
5402965
5402983
5402993
5402996
5402997
5403000
5403012
5403015
5403045
5403077
5403080
5403081
5403088
5403093
5403102
5403103
5403106
5403110
5403152
5403158
5403160
5403165
5403167
5403173
5403184
5403191
5403200
5403201
5403202
5403205
5403219
5403241
5403245
5403269
5403271
5403278
5403282
5403298
5403314
5403318
5403332
5403347
5403367
5403378
5403423
5403434
5403442
5403443
5403452
5403457
5403471
5403473
5403487
5403489
5403493
5403507
5403511
5403514
5403517
5403524
5403526
5403582
5403591
5403628
5403641
5403652
5403656
5403663
5403667
5403673
5403676
5403681
5403683
5403690
5403699
5403722
5403728
5403730
5403754
5403756
5403761
5403793
5403806
5403817
5403821
5403822
5403826
5403836
5403852
5403854
5403856
5403865
5403888
5403895
5403897
5403935
5403940
5403944
5403947
5403959
5403977
5404008
5404013
5404024
5404030
5404037
5404052
5404053
5404060
5404076
5404080
5404082
5404087
5404089
5404119
5404151
5404158
5404159
5404162
5404171
5404185
5404200
5404203
5404210
5404213
5404224
5404233
5404237
5404246
5404253
5404255
5404264
5404265
5404281
5404282
5404304
5404333
5404335
5404338
5404339
5404378
5404384
5404392
5404399
5404407
5404413
5404436
5404447
5404467
5404483
5404530
5404539
5404542
5404548
5404549
5404554
5404559
5404567
5404570
5404584
5404593
5404619
5404624
5404625
5404631
5404632
5404641
5404644
5404649
5404653
5404668
5404669
5404672
5404676
5404682
5404693
5404698
5404702
5404719
5404729
5404736
5404762
5404767
5404771
5404773
5404779
5404783
5404787
5404812
5404815
5404823
5404825
5404830
5404837
5404851
5404864
5404870
5404885
5404896
5404907
5404913
5404929
5404935
5404973
5404994
5405008
5405025
5405048
5405095
5405102
5405107
5405109
5405113
5405120
5405131
5405145
5405150
5405173
5405177
5405178
5405199
5405212
5405214
5405235
5405245
5405247
5405252
5405282
5405319
5405329
5405338
5405354
5405358
5405362
5405370
5405382
5405398
5405402
5405404
5405424
5405436
5405457
5405482
5405494
5405504
5405510
5405516
5405519
5405544
5405546
5405547
5405553
5405595
5405615
5405629
5405632
5405695
5405696
5405706
5405707
5405737
5405745
5405748
5405753
5405757
5405769
5405779
5405791
5405798
5405816
5405818
5405835
5405837
5405870
5405878
5405887
5405918
5405922
5405932
5405945
5405948
5405954
5405977
5406001
5406021
5406029
5406030
5406041
5406043
5406088
5406094
5406102
5406110
5406115
5406142
5406145
5406150
5406170
5406176
5406177
5406178
5406180
5406184
5406189
5406194
5406196
5406211
5406225
5406242
5406243
5406258
5406277
5406286
5406288
5406289
5406310
5406320
5406322
5406332
5406333
5406339
5406342
5406353
5406356
5406363
5406371
5406373
5406387
5406420
5406424
5406438
5406439
5406451
5406483
5406488
5406492
5406511
5406518
5406543
5406554
5406561
5406565
5406585
5406589
5406590
5406604
5406607
5406610
5406614
5406626
5406627
5406634
5406644
5406645
5406648
5406699
5406707
5406749
5406765
5406773
5406790
5406791
5406822
5406828
5406830
5406842
5406856
5406862
5406885
5406889
5406900
5406910
5406919
5406926
5406931
5406935
5406945
5406956
5406980
5406999
5407002
5407018
5407022
5407029
5407036
5407065
5407068
5407072
5407079
5407081
5407091
5407106
5407107
5407110
5407112
5407117
5407121
5407122
5407133
5407135
5407156
5407166
5407201
5407205
5407215
5407249
5407264
5407265
5407285
5407293
5407306
5407314
5407316
5407332
5407336
5407341
5407347
5407349
5407363
5407374
5407378
5407384
5407408
5407415
5407445
5407469
5407474
5407475
5407476
5407498
5407515
5407517
5407539
5407550
5407563
5407564
5407567
5407577
5407604
5407605
5407616
5407631
5407636
5407637
5407643
5407674
5407684
5407695
5407707
5407709
5407711
5407721
5407732
5407743
5407748
5407755
5407766
5407777
5407781
5407786
5407799
5407812
5407827
5407828
5407838
5407847
5407853
5407863
5407867
5407883
5407884
5407888
5407907
5407945
5407962
5407964
5407978
5407986
5408002
5408008
5408010
5408012
5408019
5408026
5408031
5408033
5408036
5408042
5408060
5408075
5408077
5408087
5408101
5408118
5408121
5408122
5408140
5408155
5408159
5408165
5408167
5408171
5408175
5408183
5408208
5408209
5408222
5408227
5408237
5408238
5408239
5408248
5408268
5408272
5408290
5408295
5408296
5408301
5408309
5408323
5408335
5408340
5408341
5408351
5408363
5408403
5408420
5408426
5408434
5408437
5408441
5408444
5408449
5408456
5408468
5408493
5408501
5408507
5408513
5408521
5408535
5408539
5408545
5408566
5408571
5408572
5408588
5408592
5408595
5408601
5408629
5408647
5408656
5408669
5408670
5408671
5408677
5408691
5408706
5408712
5408741
5408758
5408764
5408765
5408782
5408784
5408814
5408820
5408828
5408830
5408834
5408839
5408859
5408862
5408864
5408868
5408872
5408875
5408880
5408886
5408939
5408950
5408959
5408981
5408982
5408983
5408987
5408990
5408997
5409012
5409013
5409023
5409033
5409067
5409076
5409084
5409092
5409093
5409096
5409100
5409123
5409140
5409143
5409219
5409222
5409229
5409230
5409232
5409233
5409259
5409260
5409261
5409268
5409270
5409271
5409286
5409304
5409310
5409316
5409319
5409341
5409344
5409346
5409356
5409372
5409373
5409375
5409385
5409388
5409389
5409400
5409408
5409434
5409435
5409436
5409442
5409443
5409452
5409454
5409459
5409462
5409465
5409490
5409496
5409515
5409516
5409518
5409524
5409526
5409546
5409547
5409552
5409554
5409593
5409596
5409603
5409616
5409626
5409645
5409651
5409659
5409670
5409694
5409701
5409709
5409723
5409733
5409745
5409758
5409760
5409762
5409769
5409781
5409782
5409811
5409812
5409813
5409814
5409823
5409827
5409829
5409832
5409840
5409842
5409845
5409849
5409851
5409858
5409878
5409880
5409886
5409894
5409897
5409917
5409929
5409945
5409946
5409948
5409952
5409954
5409964
5409967
5409975
5410011
5410016
5410019
5410020
5410030
5410038
5410048
5410051
5410067
5410084
5410105
5410111
5410120
5410144
5410152
5410153
5410154
5410170
5410172
5410180
5410186
5410189
5410212
5410237
5410249
5410250
5410251
5410257
5410259
5410261
5410277
5410291
5410301
5410304
5410325
5410333
5410341
5410344
5410360
5410372
5410375
5410379
5410388
5410392
5410395
5410409
5410421
5410424
5410438
5410442
5410454
5410456
5410464
5410466
5410484
5410488
5410492
5410494
5410499
5410502
5410506
5410509
5410511
5410527
5410540
5410554
5410568
5410570
5410574
5410576
5410585
5410595
5410605
5410613
5410617
5410623
5410633
5410657
5410664
5410673
5410692
5410703
5410704
5410706
5410734
5410740
5410746
5410748
5410753
5410756
5410757
5410761
5410777
5410783
5410810
5410814
5410838
5410840
5410859
5410860
5410864
5410873
5410875
5410887
5410922
5410929
5410950
5410952
5410962
5410970
5410990
5410992
5410998
5411006
5411010
5411011
5411013
5411016
5411033
5411047
5411049
5411066
5411072
5411074
5411077
5411089
5411104
5411116
5411120
5411123
5411127
5411134
5411148
5411157
5411166
5411191
5411193
5411223
5411224
5411229
5411242
5411256
5411258
5411271
5411275
5411284
5411290
5411303
5411318
5411327
5411337
5411367
5411378
5411383
5411389
5411393
5411400
5411408
5411414
5411420
5411424
5411431
5411458
5411459
5411467
5411488
5411513
5411535
5411537
5411561
5411570
5411580
5411591
5411600
5411601
5411633
5411639
5411643
5411653
5411655
5411671
5411673
5411685
5411703
5411707
5411755
5411757
5411764
5411789
5411806
5411811
5411852
5411854
5411864
5411870
5411888
5411900
5411901
5411933
5411951
5411960
5411961
5411967
5412008
5412011
5412032
5412033
5412046
5412054
5412073
5412107
5412115
5412131
5412137
5412151
5412158
5412176
5412177
5412188
5412197
5412206
5412215
5412218
5412219
5412222
5412233
5412235
5412237
5412240
5412241
5412244
5412258
5412264
5412282
5412285
5412319
5412330
5412334
5412348
5412365
5412374
5412385
5412388
5412407
5412408
5412449
5412461
5412463
5412464
5412475
5412483
5412509
5412514
5412520
5412524
5412547
5412555
5412569
5412575
5412618
5412644
5412658
5412665
5412689
5412692
5412713
5412717
5412724
5412731
5412735
5412748
5412751
5412756
5412775
5412779
5412785
5412795
5412817
5412827
5412837
5412845
5412870
5412889
5412895
5412902
5412959
5412966
5412993
5412994
5412999
5413042
5413044
5413063
5413074
5413076
5413078
5413091
5413100
5413105
5413113
5413114
5413126
5413129
5413153
5413159
5413163
5413166
5413186
5413187
5413192
5413213
5413220
5413278
5413280
5413286
5413330
5413333
5413350
5413356
5413370
5413375
5413384
5413390
5413394
5413404
5413412
5413429
5413435
5413437
5413470
5413486
5413500
5413504
5413513
5413514
5413524
5413540
5413542
5413548
5413573
5413574
5413585
5413586
5413592
5413605
5413624
5413629
5413668
5413697
5413714
5413715
5413717
5413723
5413736
5413744
5413747
5413765
5413776
5413789
5413794
5413806
5413817
5413820
5413821
5413839
5413843
5413846
5413857
5413860
5413874
5413875
5413876
5413884
5413888
5413893
5413910
5413919
5413931
5413937
5413939
5413950
5413958
5413976
5413985
5413987
5413997
5414021
5414029
5414031
5414042
5414076
5414078
5414090
5414126
5414151
5414161
5414181
5414185
5414218
5414227
5414241
5414245
5414254
5414255
5414265
5414266
5414267
5414278
5414279
5414301
5414311
5414323
5414342
5414345
5414349
5414353
5414357
5414366
5414385
5414391
5414412
5414426
5414438
5414460
5414482
5414504
5414507
5414513
5414523
5414525
5414549
5414562
5414563
5414572
5414575
5414595
5414616
5414619
5414645
5414646
5414658
5414666
5414675
5414682
5414689
5414694
5414695
5414698
5414702
5414716
5414728
5414729
5414734
5414742
5414744
5414745
5414754
5414762
5414776
5414780
5414802
5414808
5414820
5414829
5414841
5414844
5414856
5414861
5414902
5414909
5414911
5414925
5414928
5414929
5414938
5414952
5414955
5414974
5414986
5414993
5414995
5414996
5415006
5415023
5415029
5415042
5415044
5415063
5415070
5415076
5415084
5415110
5415125
5415138
5415143
5415146
5415154
5415165
5415183
5415205
5415225
5415228
5415231
5415245
5415246
5415266
5415271
5415275
5415277
5415279
5415297
5415309
5415340
5415373
5415379
5415400
5415401
5415402
5415415
5415416
5415423
5415424
5415440
5415446
5415455
5415461
5415463
5415470
5415477
5415485
5415487
5415489
5415494
5415500
5415512
5415524
5415526
5415537
5415543
5415546
5415552
5415562
5415563
5415566
5415568
5415570
5415574
5415575
5415578
5415582
5415596
5415600
5415605
5415624
5415648
5415658
5415659
5415670
5415682
5415701
5415704
5415705
5415708
5415709
5415715
5415737
5415745
5415755
5415760
5415763
5415771
5415799
5415805
5415814
5415816
5415844
5415873
5415875
5415879
5415880
5415893
5415894
5415898
5415903
5415904
5415945
5415955
5415976
5415999
5416008
5416039
5416045
5416049
5416057
5416133
5416135
5416150
5416164
5416170
5416174
5416187
5416190
5416193
5416200
5416211
5416245
5416251
5416257
5416258
5416263
5416291
5416313
5416320
5416323
5416325
5416330
5416331
5416380
5416384
5416389
5416412
5416442
5416456
5416470
5416479
5416484
5416492
5416507
5416525
5416533
5416537
5416547
5416559
5416560
5416572
5416575
5416576
5416594
5416595
5416596
5416607
5416616
5416625
5416627
5416628
5416630
5416633
5416634
5416638
5416685
5416701
5416703
5416709
5416752
5416753
5416764
5416766
5416768
5416769
5416771
5416772
5416775
5416783
5416784
5416800
5416811
5416833
5416852
5416874
5416877
5416879
5416887
5416889
5416896
5416901
5416911
5416915
5416922
5416930
5416932
5416946
5416956
5416966
5416971
5416981
5416994
5416999
5417000
5417008
5417020
5417040
5417042
5417044
5417061
5417063
5417073
5417079
5417103
5417104
5417114
5417115
5417118
5417128
5417164
5417174
5417190
5417191
5417202
5417204
5417206
5417209
5417214
5417272
5417291
5417307
5417332
5417353
5417358
5417370
5417383
5417385
5417394
5417405
5417411
5417449
5417463
5417469
5417470
5417489
5417491
5417492
5417509
5417514
5417516
5417518
5417525
5417527
5417534
5417542
5417554
5417558
5417562
5417571
5417573
5417592
5417596
5417599
5417608
5417616
5417618
5417620
5417622
5417657
5417671
5417696
5417700
5417701
5417716
5417741
5417751
5417756
5417768
5417792
5417802
5417808
5417835
5417844
5417847
5417858
5417860
5417888
5417906
5417929
5417932
5417935
5417955
5417957
5417980
5417985
5417990
5418024
5418043
5418061
5418092
5418100
5418105
5418117
5418130
5418146
5418147
5418178
5418184
5418193
5418215
5418230
5418248
5418263
5418264
5418287
5418306
5418310
5418311
5418329
5418341
5418342
5418360
5418374
5418386
5418387
5418388
5418391
5418414
5418417
5418435
5418439
5418441
5418445
5418446
5418451
5418454
5418458
5418460
5418461
5418470
5418472
5418493
5418511
5418520
5418522
5418534
5418544
5418557
5418568
5418570
5418578
5418587
5418600
5418602
5418608
5418616
5418622
5418642
5418664
5418667
5418668
5418695
5418714
5418726
5418736
5418739
5418754
5418755
5418776
5418809
5418812
5418815
5418820
5418850
5418855
5418860
5418894
5418907
5418923
5418929
5418937
5418940
5418947
5418964
5418965
5418970
5418974
5418975
5418977
5418981
5418991
5419013
5419023
5419026
5419039
5419045
5419053
5419059
5419072
5419074
5419075
5419082
5419088
5419091
5419099
5419102
5419104
5419117
5419119
5419120
5419125
5419131
5419171
5419175
5419183
5419193
5419198
5419205
5419212
5419219
5419236
5419254
5419268
5419276
5419279
5419309
5419313
5419318
5419332
5419337
5419344
5419356
5419358
5419359
5419368
5419374
5419387
5419397
5419417
5419421
5419428
5419435
5419436
5419448
5419456
5419458
5419459
5419460
5419471
5419476
5419483
5419485
5419487
5419491
5419492
5419496
5419497
5419516
5419526
5419527
5419536
5419539
5419551
5419564
5419571
5419590
5419600
5419620
5419635
5419637
5419646
5419651
5419659
5419669
5419671
5419697
5419703
5419722
5419728
5419729
5419742
5419743
5419746
5419814
5419816
5419831
5419856
5419873
5419902
5419914
5419925
5419931
5419941
5419953
5419961
5419977
5419978
5419980
5419983
5419993
5419996
5419999
5420001
5420013
5420014
5420022
5420036
5420037
5420038
5420044
5420046
5420048
5420051
5420055
5420066
5420079
5420090
5420094
5420105
5420112
5420117
5420123
5420124
5420125
5420134
5420136
5420145
5420160
5420161
5420181
5420185
5420189
5420190
5420191
5420203
5420213
5420226
5420243
5420250
5420264
5420265
5420270
5420280
5420285
5420292
5420294
5420307
5420325
5420340
5420341
5420346
5420374
5420376
5420377
5420381
5420392
5420399
5420400
5420418
5420420
5420439
5420442
5420446
5420452
5420479
5420483
5420487
5420490
5420495
5420498
5420508
5420510
5420512
5420521
5420544
5420565
5420566
5420585
5420592
5420600
5420621
5420636
5420642
5420645
5420654
5420679
5420689
5420698
5420704
5420721
5420724
5420728
5420735
5420740
5420751
5420758
5420759
5420766
5420795
5420802
5420811
5420821
5420822
5420841
5420848
5420855
5420893
5420927
5420931
5420935
5420937
5420940
5420942
5420946
5420951
5420975
5420987
5420992
5421000
5421020
5421027
5421045
5421060
5421073
5421081
5421091
5421124
5421127
5421132
5421139
5421140
5421142
5421145
5421166
5421175
5421186
5421195
5421200
5421223
5421259
5421273
5421277
5421286
5421290
5421299
5421309
5421326
5421335
5421337
5421340
5421359
5421360
5421375
5421387
5421397
5421398
5421401
5421411
5421418
5421421
5421446
5421454
5421456
5421457
5421462
5421464
5421470
5421489
5421492
5421508
5421513
5421527
5421530
5421557
5421570
5421591
5421592
5421601
5421603
5421616
5421625
5421627
5421631
5421642
5421644
5421649
5421653
5421658
5421676
5421681
5421709
5421711
5421713
5421717
5421719
5421731
5421740
5421769
5421780
5421793
5421795
5421808
5421837
5421841
5421846
5421872
5421875
5421923
5421925
5421933
5421939
5421951
5421969
5421982
5421984
5421986
5422001
5422002
5422006
5422013
5422019
5422021
5422025
5422043
5422057
5422067
5422070
5422076
5422078
5422082
5422083
5422089
5422100
5422116
5422134
5422135
5422136
5422164
5422181
5422185
5422189
5422205
5422236
5422248
5422268
5422277
5422283
5422297
5422304
5422305
5422309
5422311
5422318
5422319
5422320
5422326
5422357
5422365
5422373
5422380
5422398
5422401
5422422
5422448
5422453
5422473
5422476
5422485
5422487
5422490
5422503
5422511
5422517
5422540
5422541
5422549
5422560
5422561
5422594
5422596
5422613
5422615
5422626
5422657
5422692
5422694
5422695
5422698
5422707
5422709
5422716
5422738
5422739
5422744
5422751
5422757
5422776
5422781
5422782
5422786
5422788
5422803
5422805
5422816
5422824
5422842
5422844
5422850
5422863
5422864
5422866
5422869
5422878
5422897
5422901
5422902
5422907
5422913
5422922
5422924
5422926
5422935
5422962
5422974
5422981
5423004
5423015
5423034
5423035
5423042
5423053
5423073
5423080
5423090
5423112
5423129
5423137
5423142
5423144
5423169
5423191
5423192
5423224
5423225
5423233
5423243
5423266
5423268
5423278
5423282
5423291
5423293
5423296
5423298
5423316
5423319
5423321
5423342
5423345
5423348
5423355
5423370
5423371
5423383
5423400
5424154
5436598
5436606
5436629
5436630
5436631
5436639
5436642
5436671
5436672
5436687
5436693
5436702
5436708
5436713
5436718
5436741
5436776
5436785
5436788
5436799
5436808
5436810
5436868
5436869
5436874
5436890
5436898
5436899
5436901
5436921
5436923
5436933
5436935
5436936
5436937
5436941
5436944
5436946
5436955
5436957
5436979
5436983
5436986
5436996
5436999
5437011
5437038
5437039
5437059
5437065
5437072
5437089
5437091
5437103
5437108
5437132
5437150
5437153
5437160
5437174
5437179
5437184
5437185
5437194
5437196
5437200
5437243
5437248
5437257
5437274
5437283
5437302
5437305
5437313
5437318
5437327
5437335
5437338
5437352
5437355
5437373
5437375
5437393
5437406
5437412
5437420
5437430
5437439
5437443
5437451
5437456
5437491
5437493
5437495
5437499
5437505
5437510
5437520
5437523
5437549
5437553
5437579
5437600
5437628
5437653
5437720
5462496
5462501
5462505
5462508
5467494
5467511
5467518
5472495
5472499
5472503
5476408
5476426
5476440
5476457
5476460
5476464
5482493
5482502
5487500
5487501
5487502
5487506
5496550
3624020
3624032
3624034
3624044
3624050
3624082
3624092
3624093
3624094
3624097
3624098
3624112
3624114
3629244
3629254
3629263
3629291
3629294
3629310
3629333
3629336
3629337
3629343
3629345
3629355
3629363
3629364
3629370
3629387
3629388
3629399
3629439
3629443
3629450
3629451
3629453
3629459
3629496
3629500
3629522
3629524
3629525
3629538
3629545
3629546
3629580
3629635
3629652
3629663
3629680
3629740
3629743
3629751
3629752
3636332
3636337
3636350
3636367
3636375
3636391
3636395
3636428
3636441
3636446
3636451
3636459
3636461
3636462
3636479
3636483
3636504
3636510
3636511
3636539
3636548
3636551
3636552
3636564
3636574
3636603
3636617
3636618
3636620
3636644
3636710
3636713
3636915
3636923
3636933
3636934
3636938
3636962
3636963
3636964
3636965
3636994
3637008
3637039
3637055
3637057
3637064
3637075
3637076
3637083
3637084
3637118
3637123
3637132
3637134
3637146
3637153
3637155
3637163
3637187
3637200
3637205
3637207
3637227
3637232
3637259
3637265
3637279
3637281
3637306
3637313
3637314
3637319
3637326
3637340
3637361
3637367
3637370
3637375
3637376
3637393
3637397
3637459
3637470
3637482
3637495
3637522
3637524
3637528
3637534
3637536
3637555
3637559
3637560
3637568
3637572
3637587
3637593
3637600
3637609
3637637
3637657
3637668
3637690
3637691
3637693
3637703
3637704
3637755
3637759
3637761
3637768
3637769
3637777
3637788
3637798
3637800
3637813
3637815
3637816
3637838
3637859
3637906
3637908
3637923
3637925
3637946
3637954
3637959
3637960
3637975
3637977
3638006
3638011
3638023
3638026
3638031
3638035
3638049
3638061
3638093
3638106
3638112
3638116
3638119
3638159
3638171
3638180
3638201
3638206
3638215
3638219
3638222
3638236
3638241
3638251
3638263
3638277
3638290
3638304
3638314
3638319
3638326
3638329
3638332
3638354
3638363
3638366
3638371
3638378
3638384
3638389
3638393
3638397
3638400
3638492
3638498
3638543
3638547
3638552
3638553
3638604
3638616
3638617
3638640
3638643
3638647
3638650
3638653
3638671
3638678
3638687
3638691
3638707
3638711
3638716
3638718
3638735
3638738
3638752
3638754
3638768
3638791
3638799
3638815
3638817
3638823
3638826
3638827
3638831
3638836
3638839
3638850
3638854
3638861
3638892
3638895
3638902
3638908
3638913
3638928
3638936
3638950
3638975
3638992
3639012
3639026
3639033
3639055
3639067
3639120
3639124
3639132
3639138
3639163
3639168
3639170
3639197
3639212
3639225
3639230
3639243
3639245
3639278
3639282
3639283
3639287
3639289
3639309
3639324
3639345
3639372
3639382
3639384
3639405
3639409
3639414
3639417
3639421
3639425
3639446
3639448
3639449
3639476
3639504
3639516
3639520
3639526
3639527
3639535
3639536
3639547
3639588
3639612
3639614
3639620
3639633
3639649
3639699
3639702
3639703
3639722
3639727
3639729
3639731
3639756
3639788
3639805
3639811
3639833
3639840
3639900
3639921
3639926
3639931
3639939
3639948
3639969
3639975
3639976
3639978
3639979
3639991
3639992
3639994
3640003
3640042
3640064
3640429
3640437
3640449
3640456
3640458
3640487
3640488
3640491
3640498
3640749
3650293
3650302
3650311
3650323
3650325
3650340
3650362
3650365
3650478
3650523
3650548
3650561
3650576
3650582
3650591
3650598
3650617
3650639
3650641
3650654
3650668
3650670
3650681
3650694
3650696
3650697
3650729
3650750
3650757
3650763
3650768
3650769
3650805
3650806
3650809
3650817
3650831
3650839
3650841
3650843
3650849
3650852
3650882
3650893
3650901
3650919
3650922
3650962
3650966
3651008
3651016
3651029
3651057
3651086
3651095
3651163
3651167
3651172
3651175
3651184
3651191
3651200
3651208
3651213
3651217
3651222
3651225
3651242
3651258
3651268
3651273
3651283
3651293
3651346
3651363
3651369
3651414
3651444
3651455
3651457
3651466
3651536
3651538
3651541
3651551
3651552
3651561
3651584
3651611
3651620
3651622
3651630
3651631
3663054
3663061
3663062
3663072
3663077
3663468
3663474
3663483
3663488
3663524
3663540
3663548
3663569
3663576
3663577
3663614
3663618
3663619
3663620
3663631
3663634
3663659
3663676
3663678
3663682
3663699
3663701
3663706
3663708
3663717
3663744
3663786
3663791
3663810
3663813
3663852
3663858
3663864
3663871
3663894
3663910
3663912
3663915
3663941
3663954
3663959
3664015
3664016
3664018
3664019
3664030
3664038
3664072
3664083
3664090
3664095
3664096
3664101
3664103
3664106
3664128
3664151
3664164
3664167
3664168
3664180
3664205
3664218
3664219
3664222
3664226
3664239
3664250
3664258
3664259
3664268
3664269
3664270
3664278
3664288
3664289
3664290
3664298
3664303
3664311
3664319
3664337
3664341
3664343
3664424
3664425
3664430
3664436
3664454
3664458
3664468
3664480
3664490
3664497
3664501
3664503
3664521
3664565
3664578
3664579
3664590
3664610
3664612
3664626
3664663
3664726
3664741
3664780
3664835
3664873
3664902
3664906
3664919
3664923
3664926
3664968
3664974
3664976
3665022
3665066
3665072
3665073
3665080
3665114
3665116
3665117
3665118
3665132
3665145
3665148
3665166
3665175
3665176
3665183
3665191
3665197
3665213
3665221
3665228
3665251
3665309
3665326
3665348
3665354
3665392
3665411
3665418
3665427
3665433
3665455
3665459
3665469
3665470
3665483
3665502
3665505
3665512
3665589
3665603
3665620
3665631
3665633
3665650
3665664
3665666
3665667
3665679
3665686
3665692
3665711
3665720
3665734
3665756
3665768
3665787
3665791
3665799
3665809
3665826
3665840
3665841
3665849
3665850
3665887
3665891
3665901
3665910
3665912
3665914
3665936
3665949
3665950
3665976
3666009
3666024
3666039
3666049
3666054
3666073
3666117
3666141
3666161
3666184
3666186
3666187
3666228
3666229
3666233
3666236
3666237
3666260
3666274
3666276
3666290
3666292
3666295
3666339
3666366
3666368
3666369
3666376
3666384
3666398
3666431
3666438
3666441
3666464
3666480
3666488
3666489
3666504
3666517
3666518
3666531
3666574
3666576
3666601
3666626
3666632
3666637
3666639
3666640
3666651
3666656
3666657
3666660
3666662
3666674
3666677
3666682
3666683
3666698
3666701
3666710
3666719
3666744
3666757
3666761
3666785
3666806
3666819
3666828
3666853
3666858
3666915
3666918
3666940
3666958
3666965
3666972
3666977
3666980
3666988
3667016
3667019
3667022
3667038
3667070
3667076
3667090
3667137
3667143
3667152
3667189
3667199
3667215
3667240
3667245
3667248
3667250
3667271
3667277
3667280
3667281
3667283
3667289
3667298
3667303
3667308
3667315
3667316
3667337
3667358
3667367
3667380
3667382
3667383
3667390
3667396
3667399
3667498
3667500
3667504
3667514
3667515
3667517
3667525
3667595
3667596
3667604
3667607
3667616
3667619
3667623
3667627
3667632
3667635
3667687
3667710
3667762
3667802
3667841
3667877
3667879
3667884
3667894
3667901
3667905
3677951
3677964
3677967
3677980
3678009
3678010
3678043
3678051
3678083
3678091
3678108
3678169
3678200
3678234
3678238
3678240
3678251
3678278
3678285
3678309
3678321
3678324
3678332
3678341
3678348
3678368
3678372
3678374
3678376
3678391
3678392
3678396
3678398
3678403
3678406
3678416
3678432
3678435
3678437
3678490
3678502
3678509
3678510
3678511
3678514
3678515
3678523
3678538
3678546
3678560
3678584
3678586
3678589
3678620
3678621
3678673
3678682
3678707
3678733
3678786
3678806
3678818
3678826
3678841
3678851
3678858
3678902
3678914
3678919
3678921
3678941
3679024
3679028
3679108
3679126
3689679
3689680
3689685
3689686
3689705
3689720
3689724
3689727
3689730
3689735
3689750
3689791
3689812
3689818
3689822
3689936
3689942
3689975
3689978
3689982
3689991
3690016
3690022
3690038
3690054
3690055
3690056
3690058
3690059
3690060
3690067
3690081
3690083
3690099
3690100
3690106
3690110
3690114
3690123
3690168
3690281
3690288
3690300
3690310
3690313
3690328
3690383
3690384
3690386
3690397
3690404
3690421
3690431
3690432
3690444
3690447
3690512
3690521
3690525
3690562
3690585
3690590
3690600
3690606
3690621
3690628
3690647
3690650
3690691
3690741
3690754
3690793
3690805
3690806
3690832
3690833
3690848
3690856
3690860
3690861
3690872
3690899
3690902
3690906
3690912
3690945
3690949
3690959
3690995
3690996
3690998
3691008
3691013
3691019
3691022
3691023
3691024
3691028
3691031
3691034
3691046
3691063
3691065
3691092
3691096
3691106
3691133
3691137
3691165
3691167
3691171
3691172
3691214
3691221
3691227
3691236
3691249
3691258
3691268
3691354
3691365
3691387
3691391
3691394
3691403
3691408
3691420
3691449
3691453
3691462
3691463
3691464
3691476
3691489
3691497
3691504
3691526
3691528
3691555
3691577
3691584
3691587
3691590
3691604
3691605
3691634
3691642
3691716
3691746
3691768
3691786
3691790
3691795
3691798
3691838
3691866
3691892
3691902
3691908
3691930
3691931
3691934
3691941
3692013
3692020
3692094
3692098
3692109
3692151
3692213
3692263
3692281
3692342
3692375
3692376
3692393
3692400
3692412
3692422
3692423
3692445
3692450
3692451
3692522
3692524
3692528
3692529
3692545
3692549
3692550
3692551
3692606
3692614
3692644
3692671
3692684
3692685
3692686
3692744
3692754
3692766
3692773
3692826
3692837
3692846
3692847
3692869
3692881
3692883
3692886
3692887
3692916
3692919
3692928
3692936
3692983
3692990
3693003
3693015
3693024
3693026
3693027
3693039
3693056
3693068
3693112
3693122
3693125
3693126
3693130
3693158
3693184
3693193
3693204
3693211
3693245
3693251
3693254
3693256
3693276
3693286
3693317
3693329
3693333
3693373
3693392
3693394
3693395
3693397
3693398
3693403
3693407
3693408
3693418
3693419
3693427
3693444
3693471
3693474
3693481
3693482
3693527
3693535
3693548
3693563
3693579
3693591
3693595
3693599
3693600
3693602
3693603
3693613
3693614
3693615
3693617
3693634
3693635
3693638
3693646
3693678
3693682
3693689
3693690
3693707
3693727
3693734
3693817
3693839
3693849
3693851
3693852
3693923
3693936
3693961
3693977
3693992
3694001
3694010
3694024
3694033
3694048
3694059
3694087
3694092
3694245
3694270
3694296
3694321
3694351
3694352
3694354
3694362
3694369
3694379
3694383
3694386
3694391
3694392
3694412
3694414
3694425
3694426
3694500
3694517
3708703
3708724
3708733
3708781
3708797
3708803
3708811
3708817
3708819
3708864
3708874
3708879
3708900
3708914
3708927
3708929
3708930
3708933
3708956
3708987
3708994
3708995
3709002
3709010
3709041
3709080
3709087
3709101
3709102
3709105
3709108
3709119
3709130
3709139
3709143
3709171
3709187
3709198
3709203
3709206
3709210
3709229
3709242
3709249
3709265
3709283
3709314
3709343
3709349
3709351
3709356
3709374
3709384
3709409
3709412
3709414
3709416
3709420
3709434
3709452
3709453
3709455
3709456
3709462
3709464
3709490
3709492
3709501
3709563
3709581
3709599
3709604
3709607
3709617
3709618
3709681
3709735
3709738
3709741
3709744
3709760
3709835
3709838
3709879
3709903
3709909
3709941
3709945
3710012
3710014
3710031
3710054
3710058
3710061
3710064
3710066
3710071
3710072
3710073
3710087
3710088
3710102
3710105
3710117
3710120
3710123
3710132
3710157
3710199
3710216
3710219
3710224
3710232
3710248
3710249
3710255
3710281
3710296
3710301
3710376
3710390
3710395
3710402
3710417
3710419
3710429
3710444
3710458
3710459
3710462
3710507
3710509
3710537
3710569
3710588
3710593
3710595
3710624
3710642
3710645
3710652
3710654
3710673
3710678
3710697
3710718
3710759
3710790
3710812
3710817
3710825
3710856
3710901
3710913
3710922
3710925
3710926
3710966
3710973
3710975
3710983
3728122
3728124
3728126
3728129
3728130
3728155
3728172
3728180
3728189
3728205
3728213
3728217
3728222
3728292
3728301
3728315
3728318
3728319
3728395
3728403
3728404
3728423
3728442
3728443
3728453
3728454
3728472
3728475
3728478
3728480
3728498
3728531
3728558
3728562
3728570
3728576
3728594
3728597
3728645
3728671
3728676
3728703
3728736
3728740
3728753
3728776
3728777
3728795
3728798
3728830
3728875
3728938
3728949
3728951
3728961
3728985
3728997
3729002
3729008
3729010
3729011
3729030
3729046
3729072
3729090
3729091
3729101
3729103
3729112
3729136
3729137
3729139
3729146
3729150
3729155
3729161
3729170
3729210
3729215
3729241
3729260
3729276
3729285
3729317
3729330
3729392
3729435
3729440
3729446
3729501
3729505
3729508
3729513
3729520
3729566
3729605
3729606
3729625
3729626
3729665
3729733
3729752
3729768
3729775
3729776
3729780
3729781
3729783
3729798
3729806
3729811
3730175
3730179
3730184
3730194
3730226
3730277
3730291
3730294
3730304
3730348
3730360
3730363
3730382
3730383
3730385
3730414
3730435
3730437
3730441
3730442
3730454
3730498
3730536
3730537
3730545
3730550
3730564
3730571
3730574
3730575
3730581
3730587
3730589
3730603
3730613
3730633
3730637
3730651
3730660
3730663
3730665
3730693
3730703
3730707
3730772
3730782
3730808
3730813
3730855
3730861
3730870
3730878
3730890
3730921
3730926
3730933
3730949
3730965
3731008
3731017
3731063
3731067
3731069
3731080
3731099
3731105
3731107
3731123
3731132
3731137
3731139
3731149
3731174
3731221
3731258
3731260
3731278
3731298
3731307
3731326
3731348
3731361
3731370
3731383
3731405
3731408
3731412
3731415
3731424
3731426
3731447
3731495
3731509
3731515
3731518
3731544
3731550
3731581
3731584
3731600
3731602
3731605
3731606
3731636
3731647
3731658
3731693
3731707
3731712
3731719
3731740
3731743
3731749
3731760
3731805
3731812
3731815
3731816
3731878
3731905
3731927
3731928
3731929
3731946
3731972
3731984
3731987
3731998
3731999
3732007
3732013
3732014
3732029
3732032
3732056
3732061
3732081
3732103
3732105
3732109
3732114
3732118
3732120
3732123
3732132
3732134
3732140
3732150
3732165
3732180
3732188
3732191
3732203
3732221
3732248
3732249
3732260
3732262
3732279
3732309
3732310
3732321
3732362
3732364
3732375
3732383
3732391
3732420
3732435
3732446
3732454
3732465
3732481
3732487
3732498
3732505
3732517
3732576
3732585
3732592
3732621
3732630
3732658
3732661
3732670
3732682
3732683
3732742
3732743
3732747
3732748
3732750
3732755
3732823
3732836
3732866
3732885
3732922
3732930
3732941
3733004
3733008
3733010
3733018
3733034
3733080
3733088
3733102
3733103
3733129
3733149
3733154
3733157
3733165
3733170
3733173
3733183
3733187
3733238
3733239
3733258
3733260
3733296
3733333
3733353
3733385
3733446
3733448
3733451
3733452
3733462
3733516
3733528
3733543
3733563
3733564
3733584
3733597
3733605
3733618
3733637
3733661
3733664
3733666
3733686
3733697
3733698
3733700
3733711
3733716
3733749
3733753
3733774
3733800
3733817
3733832
3733835
3733849
3733886
3733890
3733893
3733896
3733909
3733965
3733969
3733974
3733982
3733988
3734023
3734025
3734027
3734037
3734060
3734062
3734144
3734151
3734185
3734188
3734557
3734562
3734612
3734617
3734629
3734644
3734649
3734655
3734672
3734673
3734684
3734691
3761319
3761348
3761414
3761422
3761425
3761437
3761475
3761503
3761506
3761538
3761540
3761562
3761589
3761590
3761596
3761598
3761604
3761644
3761657
3761661
3761667
3761695
3761697
3761698
3761700
3761718
3761726
3761743
3761756
3761761
3761765
3761767
3761815
3761816
3761817
3761818
3761831
3761834
3761861
3761885
3761915
3761984
3762009
3762018
3762041
3762044
3762047
3762053
3762057
3762076
3762079
3762156
3762201
3762254
3762299
3762349
3762355
3762399
3762403
3762405
3762409
3762430
3762433
3762445
3762451
3762459
3762482
3762483
3762484
3762487
3762500
3762525
3762534
3762558
3762564
3762612
3762653
3762719
3762725
3762740
3762771
3762783
3762784
3762795
3762825
3762839
3762845
3762863
3762865
3762866
3762882
3762885
3762899
3762905
3762933
3762937
3762940
3762944
3762958
3762968
3762971
3762987
3763032
3763049
3763050
3763079
3763088
3763090
3763092
3763096
3763111
3763135
3763137
3763140
3763158
3763165
3763166
3763180
3763198
3763205
3763229
3763236
3763241
3763275
3763313
3763315
3763322
3763341
3763344
3763385
3763400
3763416
3763464
3763469
3763498
3763606
3763630
3763635
3763638
3763643
3763644
3763647
3763660
3763715
3763747
3763750
3763769
3763772
3763791
3763856
3763864
3763874
3763905
3763918
3763925
3763959
3763971
3764019
3764021
3764029
3764073
3764080
3764086
3764114
3764119
3764121
3764150
3764156
3764162
3764169
3764179
3764182
3764185
3764196
3764230
3764244
3764252
3764271
3764277
3764292
3764294
3764296
3764302
3764306
3764338
3764345
3764350
3764360
3764361
3764371
3764384
3764398
3764447
3764463
3764464
3764476
3764478
3764481
3764491
3764517
3764570
3764583
3764586
3764603
3764604
3764605
3764614
3764618
3764623
3764642
3764662
3764664
3764665
3764681
3764697
3764701
3764703
3764729
3764778
3764781
3764789
3764794
3764830
3764846
3764850
3764856
3764873
3764880
3764884
3764887
3764929
3764984
3765000
3765003
3765025
3765029
3765056
3765118
3765125
3765130
3765173
3765220
3765232
3765240
3765243
3765315
3765319
3765324
3765327
3765338
3765340
3765387
3765410
3765411
3765415
3765420
3765471
3765489
3765493
3765500
3765506
3765516
3765524
3765546
3765565
3765567
3765596
3765602
3765604
3765607
3765610
3765641
3765659
3765676
3765729
3765731
3765743
3765761
3765773
3765775
3765782
3765884
3765899
3765900
3766031
3766034
3766052
3766056
3766067
3766078
3766105
3766140
3766168
3766289
3766290
3766291
3766311
3766320
3766344
3766350
3766371
3766390
3766420
3766421
3766449
3766450
3766508
3766547
3766559
3766566
3766624
3766627
3766636
3766637
3766643
3766665
3766672
3766686
3766702
3766744
3766752
3766780
3766787
3766816
3766823
3766855
3766884
3766900
3766904
3766905
3766909
3766910
3766915
3766943
3766945
3766949
3766968
3766981
3767011
3767014
3767015
3767016
3767021
3767034
3767036
3767041
3767046
3767047
3767055
3767061
3767089
3767151
3767152
3767156
3767161
3767174
3767188
3767250
3767283
3767285
3767313
3767348
3767353
3767389
3767416
3767498
3767509
3767511
3767514
3767525
3767534
3767562
3767582
3767605
3767677
3767715
3767750
3767758
3767774
3767784
3767802
3767811
3767822
3767876
3767937
3767939
3767959
3767962
3767974
3767978
3767984
3767986
3767987
3767989
3768028
3768030
3768033
3768056
3768059
3768063
3768075
3768079
3768086
3768102
3768107
3768141
3768150
3768203
3768247
3768250
3768277
3768299
3768309
3768331
3768393
3768397
3768446
3768452
3768457
3768462
3768492
3768508
3768531
3768580
3768625
3768667
3768693
3768696
3768750
3768774
3768783
3773408
3783830
3783836
3783840
3783937
3783955
3783959
3783971
3784043
3784047
3784051
3784059
3784079
3784099
3784114
3784148
3784177
3784182
3784185
3784197
3784217
3784510
3784512
3784664
3784696
3784714
3784742
3784752
3784755
3784768
3784786
3784789
3784793
3784825
3784841
3784861
3784870
3784879
3784882
3784885
3784886
3784887
3784891
3784898
3784905
3784907
3784910
3784921
3784922
3784927
3784952
3784954
3785055
3785057
3785066
3785068
3785071
3785073
3785092
3785099
3785141
3785265
3785296
3785379
3785443
3785513
3785527
3785541
3785547
3785548
3785551
3785559
3785562
3785566
3785572
3785578
3785586
3785587
3785589
3785612
3785639
3785657
3785658
3785660
3785666
3785703
3785735
3785741
3785778
3785781
3785782
3785795
3785808
3785818
3785828
3785864
3785925
3785929
3785934
3785937
3785959
3785964
3785976
3785989
3785991
3786002
3786003
3786007
3786012
3786043
3786061
3786062
3786074
3786075
3786100
3786105
3786153
3786154
3786161
3786202
3786259
3786260
3786277
3786279
3786281
3786287
3786300
3786325
3786326
3786329
3786334
3786393
3786416
3786434
3786437
3786439
3786443
3786462
3786471
3786482
3786492
3786509
3786537
3786581
3786586
3786622
3786637
3786640
3786645
3786652
3786685
3786689
3786695
3786707
3786708
3786709
3786741
3786749
3786751
3786781
3786790
3786795
3786797
3786830
3786837
3786840
3786848
3786859
3786860
3786875
3786876
3786884
3786888
3786898
3786907
3786954
3786998
3787001
3787004
3787023
3787034
3787052
3787055
3787060
3787071
3787079
3787099
3787112
3787119
3787120
3787123
3787127
3787168
3787205
3787240
3787241
3787245
3787253
3787263
3787264
3787267
3787271
3787285
3787295
3787300
3787313
3787315
3787371
3787376
3787377
3787381
3787425
3787429
3787430
3787470
3787482
3787489
3787500
3787557
3787568
3787596
3787619
3787625
3787649
3787677
3787679
3787704
3787718
3787772
3787790
3787792
3787799
3787800
3787829
3787831
3787873
3787880
3787923
3787924
3787927
3787939
3787975
3787976
3787981
3787983
3788004
3788030
3788040
3788045
3788048
3788128
3788160
3788163
3788169
3788173
3788225
3788257
3788261
3788267
3788269
3788271
3788272
3788275
3788279
3788292
3788307
3788310
3788343
3788372
3788376
3788380
3788381
3788389
3788409
3788546
3788582
3788583
3788590
3788623
3788625
3788631
3788637
3788644
3788671
3788675
3788676
3788678
3788710
3788736
3788746
3788750
3788781
3788787
3788810
3788858
3788864
3788865
3788872
3790358
3790367
3790371
3790372
3790373
3790377
3790384
3790400
3790401
3790407
3790410
3790458
3790462
3790475
3790499
3790515
3790518
3790521
3790525
3802200
3802211
3802215
3802220
3802223
3814441
3814444
3814448
3814468
3814474
3814535
3814547
3814562
3814580
3814625
3814626
3814628
3814639
3814641
3814646
3814648
3814653
3814706
3814726
3814729
3814733
3814749
3814764
3814787
3814800
3814808
3814815
3814856
3814864
3814882
3814896
3814899
3814910
3814914
3814915
3814949
3814956
3814958
3814974
3814981
3815016
3815032
3815034
3815036
3815071
3815072
3815077
3815082
3815084
3815104
3815111
3815141
3815156
3815159
3815160
3815170
3815195
3815204
3815205
3815215
3815270
3815290
3815301
3815307
3815308
3815313
3815337
3815345
3815361
3815362
3815364
3815377
3815401
3815408
3815444
3815591
3815597
3815688
3815692
3815693
3815699
3815700
3815704
3815737
3815753
3815765
3815775
3815778
3815792
3815795
3815817
3815892
3815898
3815907
3815908
3815951
3815961
3815971
3815984
3815985
3816002
3816016
3816023
3816029
3816032
3816052
3816053
3816080
3816085
3816086
3816088
3816108
3816110
3816112
3816118
3816119
3816126
3816131
3816152
3816206
3816210
3816219
3816246
3816247
3816249
3816289
3816292
3816297
3816301
3816303
3816304
3816307
3816309
3816358
3816369
3816370
3816375
3816398
3816400
3816401
3816403
3816406
3816422
3816424
3816433
3816435
3816436
3816452
3816459
3816463
3816494
3816548
3816574
3816579
3816590
3816599
3816623
3816636
3816641
3816653
3816667
3816668
3816672
3816687
3816689
3816756
3816758
3816762
3816764
3816769
3816806
3816822
3816835
3816838
3816861
3816863
3816887
3816893
3816956
3816975
3816980
3816995
3817003
3817018
3817022
3817090
3817091
3817095
3817107
3817133
3817170
3817178
3817207
3817209
3817222
3817229
3817230
3817251
3817278
3817285
3817321
3817326
3817335
3817348
3817354
3817409
3817461
3817464
3817475
3817481
3817488
3817496
3817529
3817539
3817550
3817557
3817622
3817628
3817634
3817649
3817671
3817682
3817683
3817688
3817698
3817706
3817718
3817732
3817771
3817779
3817798
3817829
3817852
3817864
3817871
3817875
3817887
3817890
3817910
3817923
3817928
3817938
3817939
3817948
3817949
3817956
3817957
3817980
3817989
3818006
3818110
3818112
3818119
3818121
3818128
3818145
3818151
3818157
3818189
3818260
3818272
3818280
3818305
3818323
3818375
3818390
3818397
3818400
3818418
3818444
3818463
3818465
3818475
3818486
3818487
3818491
3818530
3818555
3818556
3818587
3818588
3818612
3818632
3818642
3818643
3818652
3818698
3818715
3818724
3818744
3818753
3818768
3818773
3818827
3818848
3818849
3818881
3818895
3818896
3818897
3819044
3819045
3819057
3819069
3819109
3819130
3819141
3819154
3819187
3819190
3819256
3819269
3819287
3819290
3819292
3819294
3819303
3819308
3819335
3819338
3819361
3819365
3819367
3819381
3819386
3819388
3819399
3819401
3819409
3819410
3819420
3819422
3819436
3819443
3819445
3819447
3819452
3819453
3819456
3819459
3819460
3819468
3819473
3819479
3819482
3819485
3819486
3819498
3819522
3819526
3819527
3819593
3819647
3819674
3819678
3819719
3819724
3819725
3819739
3819808
3819809
3819817
3819830
3819848
3819849
3819888
3819896
3819903
3819940
3819982
3819991
3820003
3820017
3820026
3820038
3820062
3820085
3820088
3820099
3820103
3820106
3820169
3820171
3820188
3820191
3820228
3820236
3820253
3820272
3820281
3820303
3820322
3820336
3820337
3820347
3820348
3820356
3820366
3820368
3820379
3820381
3820388
3820393
3820407
3820461
3820468
3820479
3820481
3820488
3820491
3820525
3820549
3820551
3820612
3820626
3820628
3820648
3820685
3820689
3820694
3820706
3820708
3820715
3820758
3820762
3820776
3820808
3820819
3820821
3820825
3820826
3820852
3820868
3820879
3820948
3820949
3820951
3820990
3820997
3821008
3821015
3821037
3821046
3821090
3821177
3821186
3821190
3821194
3821196
3821216
3821222
3821225
3821250
3821290
3821330
3821333
3821340
3821350
3821363
3821378
3821381
3821391
3821419
3821434
3821460
3821472
3821481
3821495
3821536
3821539
3821547
3821564
3821569
3821577
3821578
3821600
3821601
3821625
3821662
3821707
3821785
3821802
3821839
3821877
3821911
3821913
3821963
3821967
3821971
3821980
3821984
3822035
3822057
3822059
3822065
3822109
3822119
3822120
3822125
3822127
3822142
3822165
3822179
3822200
3822240
3822255
3822281
3822334
3822361
3822379
3822413
3822428
3822446
3822472
3822475
3822477
3822508
3822509
3822555
3822635
3822647
3822654
3822655
3822660
3822670
3822681
3822684
3822717
3822732
3822734
3822744
3822745
3822752
3822765
3822770
3822832
3822833
3822835
3822840
3822842
3822866
3822867
3822898
3822932
3822939
3822946
3822952
3822972
3822985
3823008
3823038
3823045
3823068
3823072
3823088
3823090
3823108
3823994
3824043
3824044
3824048
3824064
3824074
3846668
3846754
3846766
3846792
3846871
3846878
3846885
3846959
3846960
3846970
3846978
3846979
3846985
3847018
3847026
3847085
3847100
3847106
3847110
3847130
3847136
3847138
3847144
3847151
3847175
3847211
3847307
3847349
3847355
3847400
3847425
3847432
3847462
3847481
3847534
3847542
3847562
3847563
3847570
3847642
3847646
3847684
3847697
3847701
3847735
3847736
3847739
3847833
3847836
3847892
3847952
3847996
3847997
3848013
3848024
3848032
3848038
3848039
3848046
3848051
3848052
3848074
3848075
3848077
3848107
3848109
3848142
3848156
3848185
3848187
3848233
3848240
3848261
3848265
3848269
3848273
3848274
3848298
3848299
3848300
3848305
3848313
3848320
3848335
3848343
3848382
3848391
3848470
3848495
3848501
3848508
3848511
3848522
3848599
3848638
3848649
3848666
3848712
3848722
3848724
3848731
3848844
3848864
3848916
3848919
3848952
3848969
3848976
3848993
3849098
3849169
3849175
3849176
3849177
3849266
3849281
3849282
3849300
3849311
3849314
3849346
3849352
3849353
3849361
3849392
3849397
3849415
3849441
3849520
3849541
3849553
3849555
3849556
3849573
3849575
3849581
3849584
3849598
3849600
3849602
3849608
3849630
3849633
3849637
3849641
3849645
3849649
3849650
3849652
3849653
3849674
3849677
3849680
3849684
3849729
3849731
3849793
3849796
3849850
3849867
3849877
3849915
3849919
3849923
3849937
3849939
3849981
3849982
3850035
3850044
3850053
3850056
3850058
3850088
3850089
3850104
3850108
3850139
3850143
3850160
3850161
3850192
3850194
3850208
3850291
3850344
3850442
3876043
3876050
3876051
3876053
3876060
3876062
3876077
3876114
3876127
3876234
3876237
3876293
3876329
3876354
3876378
3876384
3876395
3876400
3876406
3876424
3876441
3876442
3876443
3876449
3876450
3876453
3876460
3876471
3876504
3876508
3876546
3876559
3876563
3876616
3876620
3876632
3876692
3876698
3876703
3876704
3876731
3876733
3876735
3876737
3876739
3876741
3876886
3876890
3876892
3876893
3876895
3876910
3876934
3876937
3876956
3876979
3876982
3876990
3877013
3877031
3877033
3877067
3877147
3877150
3877154
3877194
3877196
3877206
3877250
3877302
3877331
3877333
3877342
3877365
3877366
3877372
3877381
3877382
3877408
3877409
3877442
3877463
3877472
3877598
3877619
3877636
3877639
3877676
3877677
3877685
3877719
3877720
3877773
3877777
3877788
3877802
3877804
3877880
3877888
3877889
3877946
3877948
3877949
3877962
3877963
3877979
3877980
3878005
3878034
3878045
3878056
3878067
3878071
3878072
3878074
3878114
3878127
3878128
3878163
3878165
3878167
3878203
3878218
3878222
3878234
3878302
3878310
3878312
3878317
3878318
3878460
3878578
3878591
3878609
3878611
3878612
3878613
3878635
3878654
3878724
3878764
3878788
3878813
3878832
3878833
3878836
3878855
3878864
3878867
3878976
3878980
3879011
3879019
3879023
3879027
3879044
3879045
3879046
3879060
3879065
3879068
3879158
3879163
3879168
3879177
3879214
3879216
3879230
3879245
3879265
3879285
3879288
3879301
3879302
3879336
3879342
3879351
3879357
3879358
3879391
3879402
3879431
3879434
3879456
3879460
3879471
3879477
3879499
3879511
3879597
3879602
3879608
3879636
3879641
3879659
3879677
3879692
3879749
3879762
3879767
3879768
3879772
3879782
3879808
3879816
3879818
3879819
3879833
3879862
3879878
3879879
3879933
3879934
3879937
3879989
3880087
3880105
3880110
3880114
3880124
3880132
3880144
3880152
3880158
3880166
3880179
3880194
3880213
3880218
3880228
3880232
3880264
3880269
3880273
3880275
3880279
3880287
3880290
3880298
3880303
3880305
3880321
3880341
3880367
3880378
3880396
3880401
3880478
3880533
3880537
3880548
3880551
3880563
3880682
3880699
3880703
3880707
3880727
3880781
3880804
3880847
3880849
3880852
3880859
3880877
3880880
3880890
3880902
3880944
3880969
3880974
3880998
3881004
3881051
3881052
3881056
3881093
3881108
3881135
3881136
3881138
3881164
3881171
3881187
3881201
3881289
3881292
3881318
3881328
3881364
3881369
3881370
3881379
3881455
3881459
3881475
3881539
3881620
3881621
3881730
3881752
3881760
3881769
3881810
3881811
3881879
3881890
3881938
3881941
3881946
3881957
3881959
3881979
3881983
3881995
3882009
3882012
3882020
3882031
3882044
3882070
3882072
3882077
3882082
3882114
3882116
3882122
3882126
3882154
3882158
3882160
3882171
3882193
3882194
3882203
3882232
3882235
3882241
3882260
3882318
3882340
3882345
3882376
3882385
3882388
3882404
3882405
3882413
3882425
3882435
3882438
3882447
3882479
3882483
3882528
3882589
3882592
3882595
3882614
3882617
3882630
3882639
3882643
3882645
3882678
3882681
3882698
3882773
3882807
3882827
3882828
3882829
3882844
3882849
3882858
3882860
3882876
3882881
3882883
3882885
3882915
3882919
3882923
3882936
3882945
3883019
3883020
3883022
3883058
3883061
3883062
3883063
3883094
3883114
3883119
3883126
3883127
3883129
3883147
3883177
3883190
3883191
3883192
3883200
3883202
3883203
3883224
3883241
3883380
3883381
3883391
3883457
3883460
3883492
3883493
3883498
3883520
3883556
3883672
3883682
3883705
3883726
3883790
3883791
3883795
3883802
3883813
3883829
3883830
3883847
3883946
3883947
3883951
3883967
3883997
3884046
3884175
3884202
3884205
3884212
3884242
3884247
3884279
3884286
3884299
3884301
3884303
3884304
3884336
3884342
3884347
3884355
3884359
3884365
3884425
3884521
3884559
3884646
3884654
3884669
3884712
3884713
3884715
3884718
3884768
3884775
3884779
3884848
3884854
3884858
3884870
3884905
3884909
3884930
3885026
3885029
3885030
3885031
3885041
3885046
3885051
3885053
3885092
3885106
3885108
3885122
3885134
3885186
3885202
3885205
3885216
3885227
3885280
3885288
3885366
3885369
3885399
3885425
3885440
3885465
3885592
3885596
3885618
3885631
3885655
3885688
3885694
3885697
3885713
3885723
3885739
3885767
3885775
3885792
3885809
3885816
3885817
3885859
3885860
3885943
3886050
3886069
3886112
3886126
3886143
3886147
3886153
3886156
3886204
3886283
3886288
3886335
3886390
3886407
3886427
3886444
3886445
3886457
3886460
3886484
3886519
3886522
3886588
3886599
3886644
3886689
3886713
3886717
3886718
3886724
3886749
3886765
3886794
3886825
3886862
3886893
3886911
3886924
3886929
3886930
3886934
3886988
3887001
3887005
3887055
3887114
3887129
3887133
3887149
3887150
3887178
3887185
3887187
3887188
3887192
3887210
3887216
3887227
3887243
3887244
3887246
3888596
3940340
3940359
3940361
3940378
3940398
3940403
3940416
3940423
3940429
3940453
3940460
3940464
3940468
3940471
3940488
3940511
3940512
3940521
3940522
3940539
3940559
3940571
3940574
3940592
3940622
3940624
3940635
3940643
3940646
3940662
3940680
3940682
3940702
3940707
3940712
3940719
3940739
3940815
3940824
3940867
3940881
3940897
3940955
3940976
3941042
3941070
3941078
3941097
3941098
3941100
3941122
3941203
3941210
3941212
3941267
3941276
3941285
3941313
3941573
3941597
3941598
3941620
3941626
3941629
3941636
3941638
3946613
3946614
3946630
3946644
3946722
3946725
3946763
3946765
3946787
3946788
3946790
3946848
3946851
3946852
3946873
3946874
3946919
3946922
3946934
3946944
3946950
3946985
3946999
3947050
3947057
3947107
3947108
3947110
3947111
3947117
3947240
3947248
3947255
3947276
3947283
3947310
3947350
3947354
3947375
3947385
3947401
3947413
3947416
3947420
3947421
3947501
3947520
3947526
3947537
3947572
3947592
3947604
3947641
3947668
3947683
3947702
3947849
3947852
3947887
3947898
3947903
3947906
3947983
3947984
3948033
3948040
3948057
3948060
3948068
3948235
3948253
3948254
3948278
3948462
3948501
3948550
3948569
3948572
3948608
3948631
3948649
3948655
3948701
3948765
3948770
3948802
3948820
3948821
3948830
3948836
3948838
3948843
3948896
3948903
3948911
3948918
3948948
3948974
3948990
3948992
3949044
3949218
3949365
3949380
3949385
3949394
3949434
3949445
3949447
3949460
3949462
3949579
3949583
3949678
3949743
3949757
3949760
3949804
3949811
3949818
3949823
3949836
3949856
3949867
3949890
3949893
3949898
3949906
3949907
3949912
3949918
3949919
3949928
3949967
3949972
3950048
3950049
3950087
3950092
3950134
3950141
3950142
3950162
3950166
3950238
3950254
3950260
3950265
3950267
3950268
3950271
3950274
3950289
3950296
3950303
3950306
3950325
3950326
3950333
3950342
3950397
3950418
3950423
3950434
3950439
3950440
3950447
3950449
3950450
3950470
3950471
3950474
3950486
3950515
3950518
3950519
3950525
3950527
3950570
3950592
3950594
3950596
3950611
3950629
3950630
3950648
3950655
3950669
3950786
3950788
3950791
3950793
3950811
3950814
3950842
3950863
3950878
3950888
3950894
3950908
3950910
3950912
3950945
3950948
3950979
3950996
3951045
3951084
3951089
3951090
3951097
3951099
3951114
3951146
3951149
3951163
3951196
3951197
3951201
3951203
3951250
3951262
3951263
3951318
3951319
3951369
3951395
3951513
3951515
3951518
3951564
3951583
3951614
3951671
3951675
3951717
3951718
3951742
3951762
3951765
3951768
3951772
3951786
3951787
3951818
3951875
3951884
3951893
3951895
3951896
3951900
3951918
3952008
3952016
3952110
3952112
3952153
3952161
3952163
3952233
3952237
3952242
3952248
3952321
3952323
3952346
3952376
3952385
3952395
3952403
3952405
3952417
3952484
3952516
3952544
3952553
3952556
3952565
3952581
3952599
3952629
3952630
3952645
3952648
3952671
3952691
3952697
3952728
3953807
3953847
3953856
3953879
3953893
3953929
3953931
3953937
3953939
3953979
3953997
3954027
3954032
3954033
3954068
3954069
3954085
3954121
3954151
3954166
3954196
3954212
3954258
3954371
3954374
3954388
3954425
3954464
3954479
3954512
3954517
3954579
3954606
3954610
3954628
3954670
3954704
3954715
3970950
3970951
3970962
3971009
3971014
3971042
3971573
3971599
3971608
3971631
3971650
3971651
3971668
3971704
3971715
3971736
3971756
3971807
3972178
3972370
3972383
3972447
3972450
3972461
3972478
3972481
3972488
3972492
3972493
3972494
3972511
3972566
3972568
3972574
3972577
3972670
3972692
3972693
3972696
3972702
3972722
3972738
3972762
3972763
3972764
3972820
3972823
3972849
3972856
3972875
3972931
3972937
3972964
3972972
3972991
3972996
3973021
3973076
3973206
3973209
3973246
3973248
3973282
3973287
3973317
3973360
3973362
3973513
3973534
3973551
3973604
3973630
3973645
3973646
3973670
3973671
3973673
3973675
3973679
3973680
3973685
3973701
3973726
3973738
3973739
3973932
3973934
3973935
3973939
3973991
3973993
3973996
3974001
3974006
3974020
3974098
3974109
3974117
3974123
3974128
3974141
3974157
3974170
3974172
3974196
3974227
3974229
3974233
3974248
3974258
3974279
3974280
3974298
3974303
3974343
3974345
3974346
3974352
3974367
3974368
3974388
3974398
3974419
3974423
3974427
3974457
3974515
3974522
3974559
3974565
3974614
3974660
3974690
3974703
3974743
3974789
3974813
3974844
3974848
3974850
3974866
3974883
3974889
3974911
3974936
3974943
3974990
3975047
3975083
3975101
3975144
3975149
3975162
3975178
3975190
3975192
3975217
3975218
3975237
3975253
3975282
3975285
3975297
3975317
3975326
3975413
3975420
3975466
3975490
3975496
3975513
3975515
3975516
3975539
3975550
3975554
3975557
3975560
3975562
3975569
3975578
3975585
3975604
3975608
3975640
3975645
3975663
3975676
3975755
3975759
3975772
3975782
3975812
3975819
3975821
3975836
3975856
3975857
3975868
3975876
3975878
3975880
3975892
3975893
3975898
3975931
3976009
3976066
3976114
3976133
3976170
3976172
3976179
3976192
3976195
3976213
3976252
3976262
3976265
3976331
3976337
3976367
3976377
3976405
3976452
3976453
3976455
3976497
3976532
3976538
3976633
3976636
3976784
3976788
3976795
3976797
3976815
3976871
3976873
3976875
3976885
3976928
3976934
3976945
3977066
3977088
3977115
3977152
3977164
3977167
3977169
3977171
3977181
3977182
3977186
3977187
3977234
3977237
3977270
3977273
3977301
3977305
3977376
3977379
3977394
3977395
3977405
3977413
3978088
3978100
3978130
3978140
3978153
3978159
3978160
3978165
3978232
3978234
3978236
3978287
3978308
3978310
3978363
3978366
3978369
3978376
3978405
3978416
3978448
3978462
4020507
4020517
4020541
4020603
4020608
4020614
4020638
4020668
4020679
4020715
4020744
4020753
4020777
4020786
4020806
4020823
4020824
4020828
4020834
4020836
4020838
4020839
4020845
4020858
4020865
4020876
4020892
4020933
4020986
4020990
4021053
4021064
4021081
4021091
4021095
4021119
4021124
4021129
4021130
4021131
4021132
4021151
4021152
4021155
4021178
4021210
4021211
4021215
4021219
4021227
4021240
4021245
4021253
4021280
4021304
4021305
4021331
4021332
4021351
4021395
4021403
4021476
4021509
4021510
4021518
4021519
4021557
4021558
4021560
4021565
4021602
4021611
4021618
4021655
4021664
4021673
4021680
4021681
4021687
4021698
4021740
4021748
4021750
4021761
4021766
4021769
4021773
4021784
4021816
4021831
4021837
4021857
4021866
4021870
4021875
4021899
4021914
4021946
4021956
4021961
4021967
4021969
4021981
4021994
4022020
4022023
4022026
4022054
4022086
4022090
4022092
4022145
4022199
4022200
4022264
4022301
4022313
4022472
4022518
4022522
4022524
4022526
4022528
4022540
4022592
4022593
4022598
4022611
4022612
4022622
4022624
4022652
4022655
4022682
4022689
4022691
4022759
4022801
4022803
4022812
4022846
4022906
4022939
4022959
4023023
4023052
4023058
4023129
4023131
4023132
4023196
4023211
4023213
4023217
4023223
4023239
4023254
4023275
4023302
4023317
4023336
4023348
4023351
4023489
4023555
4023572
4023576
4023579
4023596
4023662
4023701
4023703
4023707
4023725
4023726
4023727
4023762
4023781
4023785
4023802
4023808
4023819
4023844
4023855
4023858
4023966
4023978
4023982
4024028
4024036
4024159
4024203
4024230
4024232
4024328
4024422
4024439
4024441
4024462
4024489
4024566
4024573
4024576
4024597
4024600
4024615
4024618
4024634
4024642
4024657
4024694
4024696
4024790
4024791
4024808
4024828
4024893
4025005
4025083
4025120
4025121
4025123
4025127
4025144
4025178
4025199
4025246
4025247
4025250
4025256
4025260
4025261
4025267
4025280
4025282
4025295
4025301
4025371
4025403
4025406
4025412
4025442
4025446
4025569
4025574
4025596
4025599
4025653
4025659
4025673
4025683
4025684
4025686
4025695
4025696
4025699
4025700
4025715
4025728
4025744
4025752
4025773
4025776
4025797
4025841
4025901
4026005
4026036
4026062
4026098
4026099
4026191
4026214
4026243
4026320
4026325
4026394
4026395
4026400
4026404
4026412
4026430
4026433
4026434
4026436
4026441
4026529
4026532
4026533
4026554
4026566
4026584
4026615
4026648
4026689
4026703
4026949
4027012
4027015
4027161
4027170
4027216
4027227
4027228
4027240
4027301
4027347
4027350
4027369
4027388
4027390
4027467
4027472
4027478
4027511
4027518
4027621
4027640
4027641
4027678
4027695
4027696
4027699
4027703
4027704
4027724
4027726
4027736
4027749
4027764
4027862
4027885
4027899
4027914
4027916
4027937
4027961
4027988
4028041
4028045
4028049
4028092
4028094
4028096
4028107
4028135
4028143
4028194
4028220
4028264
4028289
4028293
4028314
4028390
4028392
4028402
4028403
4028408
4028411
4028412
4028469
4028471
4028479
4028480
4028481
4028496
4028589
4028611
4028670
4028688
4028698
4028705
4028711
4028755
4028829
4028890
4028893
4028928
4028930
4028952
4029032
4029044
4029060
4029094
4029096
4029150
4029154
4029182
4029200
4029205
4029266
4029270
4029300
4029315
4029320
4029326
4029328
4029345
4029387
4029907
4029910
4029913
4029914
4029916
4029918
4029949
4029978
4029979
4030019
4030020
4030063
4030076
4030131
4030132
4030172
4030207
4030209
4030283
4030296
4030362
4030367
4030374
4030406
4030465
4030469
4030485
4030490
4030496
4030500
4030501
4030505
4030518
4030527
4030561
4030562
4030567
4031363
4031365
4031401
4031440
4031441
4031443
4031562
4031563
4031565
4054703
4054712
4054731
4054732
4054993
4055041
4055072
4055074
4055077
4055080
4055081
4055145
4055153
4055166
4055351
4055396
4055403
4055406
4055451
4055452
4055473
4055479
4055494
4055498
4055505
4055550
4055551
4055629
4055635
4055641
4055667
4055689
4055690
4055700
4055703
4055723
4055737
4055783
4055925
4055930
4055933
4055949
4056066
4056087
4056111
4056133
4056179
4056191
4056200
4056201
4056203
4056205
4056226
4056269
4056509
4056534
4056554
4056555
4056559
4056596
4056599
4056604
4056616
4056630
4056681
4056683
4056709
4056827
4056859
4056860
4057089
4057097
4057102
4057128
4057156
4057159
4057181
4057193
4057198
4057219
4057262
4057265
4057271
4057302
4057347
4057375
4057383
4057398
4057455
4057456
4057457
4057468
4057478
4057484
4057507
4057535
4057546
4057573
4057575
4057582
4057594
4057619
4057651
4057652
4057660
4057664
4057665
4057669
4057705
4057761
4057772
4057776
4057779
4057780
4057799
4057803
4057874
4057877
4057912
4057935
4057979
4057986
4058053
4058063
4058088
4058092
4058106
4058121
4058124
4058190
4058197
4058218
4058235
4058268
4058280
4058283
4058317
4058422
4058428
4058567
4058859
4058862
4058865
4058867
4058868
4058891
4059002
4059033
4059034
4059079
4059203
4059259
4059264
4059265
4059269
4059274
4059291
4059292
4059293
4059303
4059306
4059353
4059354
4059359
4059361
4059364
4059399
4059509
4059517
4059577
4059581
4059585
4059592
4059593
4059595
4059596
4059597
4059658
4059683
4059716
4059727
4059783
4059800
4059828
4059834
4059845
4059872
4059880
4059930
4059934
4059935
4059971
4059975
4060046
4060050
4060083
4060119
4060124
4060143
4060168
4060190
4060197
4060214
4060246
4060269
4060272
4083574
4083580
4083607
4083609
4083628
4083633
4083646
4083647
4083649
4083746
4083772
4083898
4083965
4083967
4084033
4084038
4084051
4084060
4084077
4084087
4084101
4084155
4084233
4084265
4084271
4084298
4084302
4084303
4084315
4084337
4084382
4084389
4084441
4084442
4084449
4084450
4084453
4084471
4084525
4084602
4084612
4084693
4084752
4084777
4084789
4084794
4084805
4084825
4084914
4084957
4085011
4085032
4085037
4085057
4085067
4085075
4085109
4085178
4085182
4085266
4085268
4085276
4085296
4085300
4085330
4085345
4085394
4085416
4085479
4085502
4085516
4085526
4085544
4085545
4085551
4085552
4085554
4085566
4085600
4085615
4085630
4085633
4085710
4085742
4085749
4085776
4085783
4085786
4085791
4085807
4085829
4085865
4085869
4085874
4085914
4085951
4085955
4085959
4086002
4086003
4086045
4086075
4086080
4086171
4086223
4086233
4086235
4086267
4086275
4086287
4086316
4086317
4086319
4086363
4086371
4086381
4086396
4086403
4086468
4086469
4086537
4086568
4086572
4086578
4086580
4086589
4086596
4086608
4086610
4086619
4086675
4086757
4086759
4086768
4086893
4086909
4086939
4086976
4087063
4087067
4087068
4087130
4087132
4087164
4087198
4087201
4087214
4087215
4087252
4087257
4087333
4087385
4087386
4087398
4087399
4087414
4087424
4087436
4087481
4087484
4087485
4087487
4087491
4087492
4087516
4087538
4087657
4087714
4087728
4087730
4087735
4087756
4087799
4087810
4087811
4087816
4087818
4087822
4087827
4087829
4087852
4087856
4087863
4087874
4087931
4087946
4088024
4088035
4088049
4088071
4088074
4088155
4088261
4088283
4088328
4088371
4088384
4088386
4088462
4088537
4088538
4088552
4088566
4088567
4088570
4088573
4088675
4088681
4088687
4088689
4088717
4088754
4088756
4088760
4088762
4088763
4088766
4088767
4088768
4088773
4088774
4088804
4088808
4088819
4088822
4088826
4088876
4088877
4089030
4089036
4089071
4089166
4089172
4089182
4089186
4089231
4089262
4089272
4089306
4089432
4089567
4089568
4089592
4089626
4089633
4089643
4089654
4089751
4089763
4089818
4089904
4089910
4089992
4090037
4090039
4090043
4090065
4090102
4090112
4090151
4090153
4090156
4090162
4090201
4090261
4090278
4090292
4090385
4090426
4090433
4090445
4090482
4090523
4090530
4090533
4090540
4090544
4090564
4090573
4090580
4090609
4090619
4090649
4090656
4090687
4090744
4090753
4090767
4090772
4090775
4090776
4090778
4090829
4090831
4090836
4090845
4090848
4090859
4091065
4091068
4091108
4091194
4091219
4091399
4091526
4091528
4091531
4091537
4091541
4091546
4091549
4091576
4091596
4091609
4091639
4091642
4091645
4091676
4091681
4091754
4091782
4091792
4091838
4092046
4092064
4092232
4092240
4092246
4092248
4092260
4092264
4092269
4092270
4092271
4092284
4092286
4092303
4092316
4092426
4092436
4092479
4092516
4092522
4093189
4093192
4093193
4093270
4093273
4112117
4112119
4112138
4112192
4112203
4112220
4112222
4112224
4112346
4112359
4112376
4112425
4112479
4112486
4112488
4112491
4112498
4112501
4112638
4112657
4112680
4112766
4112791
4112798
4112961
4112962
4112976
4112978
4113051
4113052
4113201
4113202
4113213
4113215
4113236
4113237
4113244
4113303
4113391
4113396
4113398
4113441
4113444
4113476
4113478
4113487
4113497
4113499
4113517
4113520
4113611
4113620
4113696
4113728
4113785
4113805
4113813
4113824
4113826
4113836
4113852
4113854
4113857
4113875
4113919
4113947
4113948
4114001
4114012
4114034
4114059
4114062
4114116
4114138
4114236
4114272
4114305
4114490
4114494
4114498
4114532
4114537
4114539
4114540
4114584
4114599
4114930
4114945
4114947
4114957
4115312
4115318
4115356
4115361
4115410
4115418
4115443
4115446
4115448
4115462
4115509
4115511
4115552
4115553
4115598
4115630
4336601
4336662
4336666
4336755
4336773
4336836
4336854
4336864
4336867
4336880
4336900
4402054
4402086
4402095
4402101
4402123
4402151
4402164
4402372
4402374
4402396
4402398
4402406
4402432
4402454
4402455
4402537
4402541
4402545
4402572
4402625
4402633
4402687
4402705
4402710
4402728
4402730
4402731
4402742
4402745
4402748
4402756
4402757
4402762
4402767
4402771
4402786
4402788
4402819
4402831
4402832
4402836
4402849
4402903
4402937
4402946
4402947
4402953
4402996
4402998
4403078
4403081
4403090
4403105
4403145
4403161
4403165
4403186
4403190
4403220
4403221
4403228
4403235
4403236
4403250
4403269
4403271
4403348
4403352
4403434
4403446
4403447
4403464
4403521
4403523
4403531
4403572
4403573
4403596
4403602
4403685
4403710
4403719
4403727
4403730
4403735
4403741
4403747
4403755
4403792
4403793
4403842
4403857
4403860
4404078
4404142
4404246
4404247
4404279
4404282
4404286
4404298
4404336
4404362
4404365
4404369
4404457
4404458
4404474
4404475
4404508
4404524
4404603
4404605
4404647
4404722
4404754
4404759
4404765
4404887
4404913
4405008
4405011
4405013
4405019
4405021
4405024
4405027
4405193
4405199
4405343
4405347
4405352
4405355
4405378
4405392
4405395
4405426
4405436
4405443
4405444
4405445
4405481
4405486
4405502
4405520
4405525
4405527
4405529
4405540
4405554
4405557
4405613
4405615
4405679
4405687
4405690
4405693
4405697
4405710
4405718
4405767
4405777
4405778
4405780
4405786
4405792
4405794
4405797
4405800
4405804
4405809
4405813
4405819
4405838
4405856
4405857
4405882
4405887
4405961
4405962
4405974
4405976
4405983
4405985
4406020
4406028
4406087
4406096
4406097
4406098
4406105
4406172
4406174
4406177
4406184
4406198
4406199
4406218
4406222
4406284
4406287
4406291
4406312
4406320
4406350
4406355
4406373
4406376
4406405
4406409
4406491
4406540
4406544
4406618
4406621
4406627
4406656
4406663
4406667
4406674
4406682
4406764
4406768
4406829
4406852
4406853
4406937
4406950
4412025
4412053
4412147
4412150
4412151
4412614
4412616
4412619
4412630
4412632
4412847
4412897
4412899
4412931
4413043
4413059
4413066
4413075
4413078
4413084
4413130
4413133
4413136
4413138
4413146
4413152
4413204
4413381
4413382
4413388
4413392
4413409
4413486
4413500
4413518
4413521
4413544
4413577
4413712
4413901
4413920
4413925
4414069
4414107
4414109
4414134
4414135
4414155
4414300
4414313
4414314
4414404
4414481
4414568
4414570
4414654
4414655
4414664
4414667
4414669
4414673
4414696
4414709
4414863
4414959
4415040
4415082
4415083
4415086
4415124
4415127
4415245
4415271
4415274
4415295
4415305
4415317
4415325
4415328
4415341
4415355
4415387
4415388
4415390
4415391
4415430
4415434
4415472
4415474
4415476
4415477
4415660
4415679
4415680
4415705
4436590
4436613
4436615
4436616
4436674
4436721
4436730
4436732
4436801
4436804
4436807
4436814
4436827
4436828
4436897
4436899
4436907
4436921
4436928
4436929
4436931
4436935
4436961
4436969
4436986
4436997
4437028
4437073
4437094
4437095
4437098
4437154
4437156
4437159
4437169
4437190
4437191
4437201
4437209
4437230
4437265
4437268
4437272
4437277
4437379
4437385
4437388
4437444
4437447
4437469
4437470
4437474
4437484
4437488
4437564
4437565
4437566
4437585
4437598
4437615
4437702
4437710
4437718
4437725
4437775
4437846
4437850
4437866
4437874
4437952
4437968
4437978
4437984
4438001
4438004
4438029
4438082
4438083
4438088
4438294
4438315
4438321
4438322
4438333
4438693
4438795
4438855
4438858
4438866
4438888
4438894
4438916
4438930
4438932
4438942
4438978
4439007
4439030
4439035
4439092
4439120
4439149
4439175
4439183
4439202
4439317
4439324
4439340
4439362
4439408
4439462
4439489
4439492
4439494
4439495
4439499
4439891
4439966
4439968
4440063
4464471
4464505
4464518
4464524
4464543
4464549
4464556
4464570
4464572
4464626
4464653
4464659
4464797
4464828
4464914
4464982
4465048
4465057
4465074
4465108
4465192
4465427
4465443
4465447
4465560
4465595
4465613
4465657
4465659
4465660
4465666
4465739
4465742
4465759
4465836
4465840
4465868
4466020
4466027
4466031
4466034
4466105
4466116
4466119
4466134
4466251
4466257
4466258
4466271
4466274
4466299
4466300
4466317
4466348
4466457
4466466
4466563
4466570
4466694
4466695
4466700
4466726
4466764
4466910
4466984
4467159
4467184
4467187
4467188
4467191
4467200
4467212
4467216
4467243
4467454
4467501
4467510
4467572
4467594
4467604
4467634
4467649
4467652
4467654
4467660
4467720
4467776
4467777
4467781
4467908
4467909
4467970
4468000
4468008
4468010
4468037
4468042
4468046
4468052
4468145
4468182
4468184
4468358
4468493
4468523
4468525
4468547
4468564
4468566
4468586
4468615
4468617
4468629
4468633
4468634
4468646
4468656
4468657
4468658
4468663
4468673
4468690
4468695
4468705
4468707
4468727
4468741
4468747
4468776
4468787
4468803
4468805
4468809
4468816
4468819
4468831
4468834
4468852
4468856
4468864
4468910
4468916
4468949
4468956
4468960
4468963
4468991
4468996
4469020
4469029
4469039
4469050
4469052
4469059
4469061
4469077
4469129
4469131
4469134
4469144
4469168
4469172
4469228
4469230
4469264
4469265
4469279
4469312
4469326
4469351
4469354
4469405
4469427
4469453
4469497
4469510
4469511
4469518
4469525
4469534
4469543
4469547
4469548
4469567
4469573
4469590
4469595
4469596
4469602
4469604
4469617
4469633
4469638
4469640
4469658
4469667
4469699
4469701
4469702
4469705
4469753
4469756
4469768
4469832
4469835
4469857
4469859
4469863
4469865
4469895
4469921
4469925
4469926
4469968
4469974
4469996
4470009
4470040
4470055
4470086
4470092
4470129
4470137
4470160
4470167
4470186
4470197
4470208
4470217
4470222
4470227
4470230
4470244
4470248
4470310
4470351
4470403
4470419
4470423
4470429
4470432
4470434
4470437
4470479
4470482
4470554
4470555
4470561
4470596
4470605
4470607
4470614
4470615
4470618
4470622
4470628
4470629
4470636
4470640
4470643
4470700
4470705
4470718
4470758
4470809
4470811
4470814
4470818
4470820
4470828
4470836
4470837
4470853
4470856
4470859
4470865
4470891
4470907
4470908
4470920
4470930
4470978
4471084
4471086
4471113
4471114
4471117
4471198
4471206
4471345
4471377
4471380
4471394
4471400
4471405
4471412
4471474
4471603
4471615
4471639
4471641
4471643
4471793
4471832
4471836
4471950
4471977
4471989
4472026
4472036
4472041
4472042
4472043
4472044
4472165
4472206
4472208
4472287
4472291
4472551
4472567
4472626
4472658
4472660
4472661
4472679
4472687
4472689
4472724
4472728
4473063
4473162
4473164
4473169
4473234
4473249
4473256
4473266
4473268
4473269
4473339
4473368
4473371
4473378
4473380
4473381
4473404
4473411
4473423
4473500
4473687
4473695
4473705
4473712
4473909
4473911
4473916
4473926
4474021
4474080
4506838
4506921
4506948
4506993
4506996
4506999
4507017
4507021
4507025
4507028
4507034
4507035
4507093
4507098
4507101
4507103
4507158
4507169
4507179
4507382
4507404
4507454
4507519
4507533
4507646
4507675
4507811
4507889
4507915
4507962
4507963
4507981
4507992
4507993
4507997
4508157
4508181
4508192
4508328
4508338
4508340
4508388
4508467
4508572
4508573
4508581
4508605
4508609
4508619
4508629
4508664
4508666
4508678
4508679
4508685
4508687
4508740
4508771
4508781
4508784
4508785
4508798
4508810
4508836
4508840
4508841
4508850
4508855
4508888
4508899
4508912
4508916
4508928
4508932
4508960
4509040
4509042
4509053
4509061
4509075
4509079
4509082
4509088
4509095
4509101
4509126
4509127
4509132
4509140
4509162
4509285
4509287
4509289
4509293
4509312
4509313
4509317
4509419
4509533
4509564
4509570
4509590
4509594
4509600
4509608
4509613
4509644
4509658
4509660
4509685
4509726
4509737
4509784
4509785
4509794
4509795
4509832
4509837
4509897
4509937
4509941
4509946
4509954
4510009
4510020
4510077
4510083
4510097
4510098
4510128
4510197
4510232
4510251
4510266
4510276
4510301
4510316
4510364
4510439
4510446
4510460
4510461
4510465
4510499
4510532
4510536
4533971
4533998
4534000
4534028
4534037
4534038
4534041
4534063
4534069
4534073
4534079
4534089
4534137
4534148
4534372
4534375
4534377
4534381
4534419
4534457
4534458
4534470
4534472
4534478
4534493
4534622
4534625
4534655
4534660
4534664
4534708
4534718
4534721
4534723
4534725
4534730
4534750
4534797
4534801
4534835
4534839
4534893
4534897
4534920
4534926
4534933
4534945
4535036
4535088
4535146
4535152
4535155
4535156
4535162
4535316
4535552
4535559
4535562
4535565
4535566
4535568
4535616
4535705
4535733
4535735
4535737
4535745
4535770
4535775
4535879
4535913
4535949
4535951
4535959
4535999
4536011
4536044
4536070
4536083
4536090
4536096
4536106
4536157
4536165
4536196
4536212
4536226
4536269
4536288
4536291
4536342
4536347
4536363
4536431
4536444
4536468
4536553
4536568
4536569
4536574
4536594
4536601
4536602
4536605
4536680
4536696
4536747
4536755
4536802
4536815
4536887
4536903
4536923
4536937
4536942
4537037
4537275
4537297
4537548
4537561
4537567
4537605
4537621
4537633
4537662
4537681
4537724
4537736
4537810
4537816
4537948
4537954
4537961
4537963
4538020
4538025
4538057
4538068
4538139
4538156
4538167
4538227
4538244
4538252
4538270
4538271
4538310
4538312
4538396
4538407
4538424
4538430
4538431
4538451
4538485
4538486
4538567
4538586
4538598
4538601
4538618
4538664
4538670
4538679
4538684
4538724
4538730
4538733
4538810
4538851
4538871
4538997
4539001
4539017
4539055
4539070
4539172
4539271
4539454
4539507
4539568
4539587
4539637
4539650
4539654
4539665
4539668
4539689
4539690
4539697
4539700
4539712
4539836
4539841
4539857
4539859
4539865
4539874
4539878
4539886
4539914
4539929
4539942
4539973
4539982
4539984
4539994
4540002
4540003
4540021
4540023
4540036
4540058
4540081
4540102
4540109
4540138
4540199
4540216
4540232
4540238
4540253
4540294
4540299
4540346
4540366
4540404
4540417
4540424
4540520
4540532
4540534
4540571
4540617
4540621
4540626
4540633
4540665
4540674
4540711
4540725
4540728
4540774
4540786
4540808
4540810
4540888
4540892
4540906
4540940
4541011
4541023
4541026
4541038
4541042
4541050
4541062
4541101
4566404
4566406
4566468
4566879
4566947
4566948
4566951
4566955
4566963
4566967
4566991
4567004
4567034
4567043
4567054
4567057
4567061
4567073
4567086
4567101
4567106
4567109
4567127
4567141
4567150
4567192
4567265
4567271
4567290
4567292
4567293
4567298
4567299
4567302
4567337
4567338
4567345
4567348
4567350
4567377
4567380
4567401
4567417
4567458
4567460
4567487
4567502
4567512
4567517
4567521
4567523
4567541
4567577
4567599
4567627
4567636
4567639
4567694
4567728
4567759
4567821
4567934
4567968
4567999
4568011
4568020
4568030
4568068
4568086
4568114
4568115
4568120
4568144
4568146
4568158
4568160
4568193
4568218
4568222
4568309
4568318
4568325
4568327
4568334
4568446
4568529
4568530
4568667
4568668
4568694
4568699
4568706
4568708
4568745
4568836
4568861
4568898
4568963
4568964
4568992
4569020
4569152
4569157
4569161
4569176
4569222
4569248
4569276
4569289
4569321
4569325
4569359
4569388
4569405
4569407
4569408
4569430
4569431
4569433
4569434
4569444
4569446
4569463
4569465
4569475
4569477
4569529
4569544
4569545
4569547
4569548
4569563
4569566
4569588
4569681
4569701
4569716
4569772
4569774
4569806
4569818
4569822
4569842
4569843
4569864
4569997
4570009
4570012
4570017
4570019
4570029
4570049
4570776
4570887
4570888
4570919
4570922
4570969
4570971
4570986
4571001
4571002
4571004
4571046
4571059
4571061
4571078
4571079
4571084
4571091
4571138
4571151
4571156
4571160
4571168
4571198
4571234
4571261
4571268
4571275
4571278
4571353
4571360
4571361
4571362
4571391
4571400
4571401
4571424
4571786
4571806
4589919
4589925
4590028
4590152
4590164
4590218
4590229
4590230
4590325
4590349
4590352
4590354
4590358
4590359
4590394
4590397
4590398
4590402
4590406
4590413
4590415
4590430
4590475
4590522
4590558
4590564
4590568
4590623
4590626
4590646
4590679
4590734
4590737
4590740
4590743
4590744
4590777
4590783
4590803
4590842
4590864
4590896
4590904
4590921
4590926
4590929
4590981
4590990
4591028
4591029
4591038
4591054
4591055
4591069
4591077
4591078
4591233
4591255
4591350
4591355
4591357
4591362
4591363
4591368
4591370
4591371
4591383
4591388
4591393
4591400
4591403
4591423
4591425
4591432
4591433
4591450
4591489
4591505
4591507
4591509
4591511
4591527
4591602
4591613
4591616
4591617
4591618
4591633
4591666
4591716
4591739
4591784
4591796
4591846
4591937
4591974
4591975
4592016
4592065
4592077
4592085
4592117
4592119
4592120
4592125
4592214
4592223
4592232
4592233
4592270
4592332
4592348
4592374
4592415
4592416
4592417
4592435
4592468
4592475
4592476
4592478
4592481
4592484
4592490
4592547
4592552
4592553
4592612
4592658
4592832
4592854
4592865
4592869
4592879
4592962
4592963
4592976
4592993
4593081
4593313
4593335
4593346
4593496
4593505
4593517
4593524
4621261
4621310
4621442
4621447
4621449
4621457
4621461
4621535
4622002
4622044
4622065
4622067
4622070
4622078
4622079
4622081
4622097
4622110
4622117
4622142
4622145
4622279
4622393
4622394
4622396
4622453
4622577
4622580
4622655
4622676
4622701
4622704
4622767
4622782
4622787
4622864
4622868
4622877
4622881
4622885
4622891
4622893
4623038
4623085
4623106
4623143
4623164
4623206
4623231
4623235
4623267
4623272
4623292
4623295
4623310
4623330
4623331
4623333
4623338
4623378
4623406
4623532
4623548
4623576
4623889
4624088
4624089
4624092
4624097
4624099
4624100
4624102
4624320
4624379
4624463
4624466
4624498
4624507
4624519
4624523
4624532
4624533
4624582
4624609
4624651
4624652
4624655
4624656
4624746
4624768
4624820
4624822
4624843
4624897
4624947
4624955
4624977
4624996
4625001
4625068
4625069
4625072
4625133
4625134
4625224
4625231
4625303
4625323
4625324
4625373
4625396
4625398
4625443
4625445
4625453
4625455
4625456
4625458
4625459
4625497
4625558
4625635
4625637
4625675
4625678
4625686
4625688
4625725
4625726
4625775
4625794
4625800
4625801
4625900
4625901
4625903
4625906
4625920
4626074
4626083
4626084
4626091
4642004
4642058
4642082
4642132
4642134
4642166
4642169
4642190
4642201
4642205
4642372
4642373
4642415
4644268
4644579
4646762
4648052
4648090
4648172
4648174
4648176
4648264
4648265
4648413
4648501
4648540
4648541
4648585
4648606
4648623
4648627
4648669
4648777
4648780
4648830
4648834
4648843
4648887
4648894
4648899
4648941
4648944
4648958
4648961
4649026
4649029
4649045
4649046
4649083
4649116
4649149
4649153
4649171
4649174
4649185
4649205
4649210
4649232
4649661
4649876
4649881
4649907
4649948
4650063
4707789
4707792
4707816
4707823
4708326
4708327
4708365
4708367
4708372
4708682
4708837
4708921
4708975
4708981
4708984
4709029
4709034
4709035
4709088
4709100
4709144
4709150
4709453
4709459
4709575
4709606
4709632
4709639
4709643
4709701
4709707
4709734
4709736
4709805
4710026
4710033
4710039
4710053
4710077
4710098
4710103
4710104
4710105
4710117
4710123
4710263
4710268
4710277
4710306
4710593
4710595
4710596
4710602
4710680
4710690
4710728
4710791
4710808
4711097
4711109
4711112
4711163
4711165
4711190
4711238
4711246
4711250
4711382
4711386
4711427
4711432
4711433
4711442
4711516
4711550
4711584
4711605
4711665
4711684
4711904
4711914
4711984
4712191
4712199
4712203
4712289
4712302
4712335
4712343
4712360
4712478
4712614
4712669
4712692
4712710
4712718
4712719
4712722
4712743
4712745
4712746
4712842
4712846
4712888
4712889
4712897
4712898
4712902
4712903
4712905
4712928
4712929
4712962
4712991
4713013
4713380
4713396
4713485
4713511
4713519
4713703
4713711
4713756
4713757
4713769
4713779
4713871
4713996
4713999
4714068
4714099
4714101
4714102
4714110
4714187
4714438
4714461
4714543
4714544
4714604
4714606
4714607
4714633
4714641
4714661
4714666
4714670
4714689
4714715
4714735
4714741
4714750
4714799
4714814
4714821
4714825
4714971
4714985
4715213
4715236
4715238
4715257
4715269
4715293
4715335
4715343
4715348
4715380
4715411
4732003
4732023
4732025
4732067
4732069
4732097
4732099
4732147
4732194
4732198
4732363
4732366
4732367
4732720
4732746
4732750
4732751
4732752
4732769
4732770
4732788
4732791
4732851
4732898
4732974
4732986
4732990
4733083
4733092
4733107
4733109
4733115
4733122
4733174
4733198
4733215
4733341
4733457
4733525
4733648
4733658
4733662
4733668
4733878
4734024
4734074
4734076
4734080
4734084
4734179
4734182
4734189
4734195
4734224
4734243
4734246
4734424
4734425
4734597
4734637
4734666
4734670
4734777
4734795
4734800
4734890
4734892
4734894
4734943
4735026
4735193
4735197
4735226
4735230
4735293
4735301
4735302
4735326
4735332
4735335
4735346
4735349
4735437
4735440
4735538
4735560
4735652
4735675
4735690
4735696
4735871
4735878
4735880
4735882
4735891
4735896
4735898
4735899
4735927
4735939
4735944
4735952
4735956
4736013
4736016
4736028
4736129
4736199
4736269
4736375
4736405
4736425
4736426
4736534
4736537
4736539
4736546
4758354
4758770
4758784
4758834
4758837
4758843
4758861
4758865
4759293
4759760
4759778
4759803
4759909
4760092
4760132
4760139
4760296
4760322
4760574
4760576
4760585
4760865
4760933
4761023
4761051
4761060
4761061
4761064
4761302
4761303
4761308
4761313
4761318
4761551
4761565
4761568
4761662
4761664
4761802
4761858
4761873
4761905
4761910
4761914
4761938
4761989
4762007
4762036
4762037
4762038
4762057
4762077
4762166
4762204
4762312
4762450
4762578
4762579
4762605
4762607
4762980
4762982
4762990
4763129
4763382
4763389
4764143
4764154
4764161
4764185
4764328
4765435
4765439
4792021
4792218
4792233
4792325
4792332
4792334
4792353
4792359
4792364
4792512
4792516
4792520
4792532
4792536
4793128
4793222
4793237
4793347
4793360
4793419
4793441
4793443
4793475
4793501
4793504
4793521
4793529
4793689
4793709
4793711
4793712
4793803
4794032
4794033
4794151
4794198
4794212
4794221
4794225
4794258
4794265
4794324
4794337
4794686
4794897
4794901
4794908
4794924
4795098
4795203
4795207
4795378
4795387
4795388
4795390
4795628
4795639
4795683
4795695
4795755
4795880
4795881
4795998
4796022
4796120
4796230
4796232
4796264
4796283
4796373
4796391
4796434
4796461
4796477
4796497
4796506
4796544
4796580
4796586
4796654
4796661
4796691
4796697
4796726
4796731
4796741
4796743
4796749
4796871
4796881
4797082
4797086
4797176
4797244
4797245
4797254
4797257
4797264
4797294
4797298
4797324
4797326
4797327
4797354
4797404
4797590
4797591
4797615
4797616
4797663
4797664
4797675
4797728
4797739
4797813
4797998
4798089
4798097
4798127
4798196
4798327
4798339
4798550
4798555
4798559
4798561
4798672
4798673
4798842
4798844
4798911
4799023
4799260
4799285
4799289
4799356
4799469
4799493
4799497
4799499
4799525
4799540
4799564
4799585
4799621
4799633
4799636
4799638
4799651
4799686
4799731
4799778
4799783
4799886
4799939
4799974
4800033
4800059
4800105
4800107
4800654
4800713
4800715
4800723
4800743
4800769
4800774
4800780
4800820
4800872
4800941
4800945
4800950
4800976
4801117
4801124
4801195
4801202
4801939
4801942
4802137
4802159
4802204
4802206
4802220
4802301
4802320
4802541
4835159
4835163
4835172
4835183
4835204
4835252
4835269
4835296
4835361
4835577
4835590
4835608
4835688
4835690
4835999
4836003
4836161
4836206
4836208
4836241
4836297
4836317
4836356
4836367
4836374
4836379
4836382
4836386
4836483
4836484
4836661
4836736
4837200
4837204
4837267
4837978
4838247
4838808
4838818
4838969
4838973
4838996
4839012
4839018
4839019
4839090
4839112
4839113
4839201
4839205
4839209
4839217
4839220
4839221
4839435
4839437
4839440
4839463
4839508
4839526
4839527
4839529
4839537
4839652
4839653
4839654
4839715
4839820
4839833
4839931
4839962
4839963
4840056
4840831
4840832
4840866
4840876
4841163
4874174
4874180
4874188
4874196
4874293
4874327
4874340
4874424
4874632
4874660
4874819
4874823
4874829
4874830
4874862
4875069
4875072
4875076
4875098
4875103
4875108
4875287
4875709
4875875
4875885
4876144
4876607
4876608
4877009
4877166
4877170
4877322
4877327
4877621
4877636
4877836
4877856
4878110
4878115
4878153
4878154
4878645
4878832
4878861
4879243
4879540
4879554
4879556
4879705
4879837
4879842
4879845
4879972
4880010
4880016
4880145
4880508
4880940
4881101
4881103
4881740
4881756
4881855
4882339
4882357
4882421
4882437
4882466
4882748
4882992
4883220
4883237
4883274
4883277
4883281
4883329
4883335
4883341
4883500
4883509
4903220
4903223
4934492
4934885
4934887
4934928
4935927
4936048
4936055
4936357
4936748
4936751
4937208
4937212
4937472
4937475
4937500
4937607
4937608
4937743
4937968
4938699
4938783
4938787
4938885
4938908
4938972
4938973
4939085
4939090
4939092
4939109
4939121
4939156
4939179
4939335
4940000
4940008
4940055
4940063
4940451
4940468
4940492
4941060
4941084
4942070
4942664
4942668
4942753
4942964
4942974
4942981
4942985
4943039
4943376
4943378
4943445
4943545
4943934
4943936
4943940
4943977
4944017
4944020
4944046
4945097
4945099
4945134
4945136
4945148
4945183
4945563
4945686
4945761
4945771
4945776
4945777
5020072
5020078
5020079
5020092
5020161
5020173
5021345
5021881
5022011
5022392
5022395
5022519
5022526
5022618
5022623
5022645
5022701
5022745
5022750
5022768
5022923
5023063
5023311
5023495
5023584
5023606
5023612
5023837
5023886
5023889
5023933
5023958
5024026
5024029
5024448
5024450
5024465
5024637
5025078
5025110
5025153
5025164
5025272
5025526
5025535
5025541
5025694
5025710
5025816
5025949
5025962
5025971
5025981
5026017
5026252
5026355
5026360
5026419
5026951
5026973
5026988
5026989
5027139
5027141
5027159
5027169
5028858
5028873
5029617
5029629
5029685
5029730
5029747
5029834
5029853
5029854
5030269
5030929
5031274
5031311
5031427
5031526
5031538
5031687
5031702
5031854
5031869
5031874
5031887
5032250
5032291
5032292
5032661
5032675
5032677
5032716
5032950
5033245
5033246
5033305
5033401
5033402
5033834
5033838
5034518
5034561
5034566
5034571
5034574
5034581
5034608
5034615
5034627
5034630
5034767
5034769
5034775
5034784
5034811
5035193
5035211
5035231
5035234
5035281
5035282
5035526
5035537
5035542
5035733
5035735
5035741
5035748
5035841
5035867
5035878
5035968
5036004
5036045
5036066
5036101
5036106
5036255
5036275
5036321
5036657
5036658
5036671
5036725
5036790
5036820
5036824
5036851
5036904
5036906
5037019
5037188
5037198
5037205
5037220
5037240
5037252
5037257
5037425
5037749
5038162
5038202
5038206
5038368
5038521
5038739
5038836
5038839
5039172
5039175
5039178
5142574
5142607
5142643
5142644
5142986
5143046
5143049
5143067
5143099
5143101
5143228
5143551
5143555
5144042
5144834
5144840
5144883
5144884
5144891
5144896
5144897
5144898
5145010
5145013
5147207
5147253
5147254
5147257
5147279
5147280
5147282
5147284
5147599
5149329
5149488
5149764
5149768
5149770
5149879
5149882
5149883
5150128
5150231
5150235
5150344
5150355
5150374
5150383
5150394
5150399
5150435
5150471
5150499
5150595
5150754
5150756
5150763
5150764
5150823
5150825
5150869
5150870
5151101
5151177
5151184
5151278
5151468
5151490
5151492
5151499
5151526
5151609
5151613
5151999
5152009
5152011
5152014
5152018
5152031
5152033
5152036
5152174
5152209
5152211
5152421
5152833
5153323
5153706
5154055
5154226
5154479
5154561
5155046
5155047
5155254
5155258
5155263
5155264
5155523
5155577
5155583
5155625
5155669
5155688
5155980
5155981
5155995
5156201
5156218
5156273
5156282
5156580
5156955
5157330
5157337
5157356
5157377
5157378
5158296
5158696
5159453
5159491
5160316
5160812
5160815
5162190
5162677
5163107
5163111
5163178
5163582
5164173
5164422
5164601
5164604
5165469
5165483
5165487
5166226
5166229
5166387
5166545
5166553
5166556
5166716
5174157
5329839
5329850
5329912
5330048
5330050
5330051
5330085
5331050
5331739
5331854
5331856
5331890
5331893
5331939
5331942
5332016
5332021
5332085
5332102
5333275
5333280
5333559
5333605
5333669
5333982
5334895
5334896
5335360
5335361
5335946
5335956
5337013
5337024
5337027
5337352
5337379
5337382
5337403
5337426
5337683
5337688
5337702
5337795
5337796
5337821
5337939
5337940
5337945
5338427
5338729
5342125
5342127
5343304
5344328
5344453
5344464
5344493
5344853
5344949
5344957
5344982
5344988
5345006
5345007
5345038
5345045
5345052
5345064
5345072
5345080
5345084
5345109
5345134
5345149
5345150
5345169
5345183
5345188
5345190
5345208
5345210
5345222
5345242
5345269
5345275
5345277
5345278
5345289
5345292
5345296
5345302
5345305
5345316
5345319
5345335
5345336
5345348
5345352
5345360
5345361
5345366
5345367
5345370
5345379
5345385
5345396
5345401
5345417
5345431
5345447
5345453
5345472
5345482
5345483
5345489
5345491
5345494
5345498
5345504
5345505
5345560
5345566
5345572
5345584
5345608
5345609
5345624
5345630
5345635
5345636
5345640
5345663
5345665
5345686
5345690
5345692
5345698
5345699
5345718
5345722
5345729
5345730
5345738
5345740
5345748
5345766
5345773
5345777
5345779
5345785
5345786
5345812
5345820
5345824
5345830
5345843
5345862
5345865
5345867
5345875
5345882
5345885
5345888
5345892
5345898
5345900
5345927
5345943
5345948
5345955
5345967
5345977
5345979
5345985
5345989
5346011
5346026
5346031
5346040
5346043
5346048
5346066
5346077
5346083
5346091
5346101
5346116
5346122
5346125
5346127
5346151
5346168
5346177
5346181
5346182
5346190
5346223
5346242
5346246
5346249
5346252
5346260
5346261
5346268
5346274
5346282
5346289
5346293
5346303
5346304
5346305
5346312
5346320
5346343
5346344
5346347
5346354
5346364
5346365
5346376
5346404
5346409
5346413
5346414
5346417
5346424
5346429
5346440
5346454
5346459
5346465
5346472
5346473
5346476
5346493
5346506
5346512
5346513
5346517
5346529
5346539
5346552
5346572
5346574
5346592
5346601
5346602
5346604
5346613
5346626
5346628
5346632
5346634
5346639
5346645
5346656
5346659
5346660
5346666
5346667
5346685
5346693
5346707
5346718
5346722
5346728
5346730
5346743
5346750
5346763
5346770
5346792
5346794
5346799
5346810
5346835
5346843
5346877
5346895
5346909
5346915
5346922
5346925
5346927
5346947
5346956
5346970
5346991
5346994
5346996
5347000
5347006
5347011
5347016
5347033
5347035
5347047
5347051
5347059
5347065
5347066
5347089
5347093
5347094
5347100
5347120
5347134
5347149
5347153
5347154
5347166
5347168
5347178
5347180
5347188
5347198
5347200
5347205
5347218
5347224
5347225
5347226
5347240
5347255
5347259
5347283
5347316
5347324
5347333
5347336
5347382
5347392
5347393
5347402
5347407
5347435
5347452
5347459
5347475
5347485
5347486
5347507
5347520
5347521
5347527
5347539
5347541
5347542
5347552
5347553
5347556
5347565
5347582
5347597
5347619
5347626
5347633
5347644
5347652
5347653
5347654
5347664
5347667
5347673
5347690
5347700
5347703
5347730
5347750
5347765
5347770
5347774
5347776
5347784
5347806
5347815
5347838
5347840
5347842
5347844
5347850
5347854
5347866
5347868
5347869
5347874
5347875
5347878
5347882
5347898
5347900
5347904
5347919
5347927
5347930
5347933
5347934
5347946
5347950
5347954
5347967
5347969
5347970
5347971
5347984
5347987
5347995
5347999
5348007
5348016
5348020
5348021
5348038
5348041
5348049
5348051
5348059
5348069
5348082
5348102
5348110
5348115
5348119
5348127
5348140
5348141
5348146
5348152
5348155
5348158
5348161
5348166
5348167
5348186
5348214
5348217
5348223
5348228
5348231
5348232
5348242
5348249
5348250
5348260
5348271
5348281
5348283
5348295
5348333
5348338
5348344
5348345
5348350
5348351
5348355
5348399
5348401
5348413
5348420
5348436
5348468
5348476
5348477
5348482
5348489
5348504
5348506
5348526
5348528
5348545
5348547
5348549
5348550
5348551
5348556
5348558
5348568
5348572
5348576
5348595
5348601
5348627
5348666
5348687
5348696
5348717
5348725
5348740
5348752
5348757
5348759
5348774
5348781
5348793
5348796
5348801
5348803
5348809
5348815
5348820
5348821
5348828
5348830
5348831
5348854
5348856
5348873
5348883
5348889
5348894
5348905
5348911
5348922
5348941
5348968
5348979
5348984
5348991
5348998
5349014
5349015
5349025
5349030
5349043
5349045
5349046
5349048
5349059
5349068
5349073
5349085
5349095
5349107
5349113
5349127
5349128
5349134
5349135
5349139
5349142
5349144
5349150
5349163
5349168
5349177
5349187
5349192
5349203
5349204
5349233
5349242
5349245
5349252
5349277
5349289
5349299
5349310
5349330
5349342
5349351
5349352
5349360
5349370
5349379
5349387
5349396
5349406
5349425
5349428
5349431
5349453
5349459
5349461
5349468
5349479
5349481
5349488
5349491
5349498
5349513
5349537
5349554
5349562
5349563
5349565
5349568
5349585
5349587
5349588
5349594
5349597
5349604
5349620
5349632
5349635
5349636
5349665
5349673
5349688
5349704
5349707
5349713
5349745
5349747
5349755
5349779
5349783
5349792
5349804
5349815
5349825
5349827
5349831
5349833
5349836
5349841
5349852
5349865
5349884
5349889
5349893
5349896
5423408
5423409
5423428
5423440
5423445
5423449
5423452
5423460
5423473
5423481
5423499
5423505
5423511
5423543
5423568
5423580
5423583
5423591
5423593
5423649
5423652
5423678
5423680
5423690
5423695
5423702
5423707
5423708
5423715
5423720
5423733
5423736
5423742
5423753
5423759
5423760
5423773
5423776
5423794
5423796
5423804
5423824
5423827
5423836
5423840
5423842
5423845
5423847
5423848
5423865
5423885
5423886
5423888
5423914
5423934
5423958
5423969
5423971
5423973
5423977
5423981
5423982
5423995
5424004
5424013
5424020
5424027
5424051
5424054
5424071
5424080
5424085
5424102
5424131
5424145
5424150
5424170
5424176
5424194
5424202
5424205
5424230
5424243
5424244
5424247
5424251
5424255
5424284
5424312
5424326
5424343
5424350
5424376
5424398
5424405
5424406
5424418
5424429
5424439
5424441
5424471
5424474
5424487
5424492
5424504
5424521
5424532
5424559
5424562
5424570
5424586
5424588
5424590
5424594
5424596
5424602
5424611
5424644
5424659
5424682
5424715
5424716
5424719
5424729
5424745
5424746
5424750
5424759
5424773
5424783
5424785
5424792
5424795
5424796
5424807
5424822
5424835
5424861
5424862
5424863
5424878
5424883
5424885
5424896
5424902
5424931
5424934
5424938
5424956
5424975
5424993
5425017
5425021
5425023
5425035
5425039
5425059
5425068
5425079
5425086
5425093
5425113
5425134
5425136
5425143
5425156
5425159
5425170
5425172
5425173
5425183
5425195
5425204
5425206
5425228
5425230
5425233
5425236
5425238
5425247
5425249
5425255
5425279
5425280
5425283
5425298
5425310
5425315
5425325
5425337
5425338
5425345
5425352
5425355
5425360
5425372
5425374
5425386
5425387
5425401
5425406
5425414
5425418
5425421
5425431
5425440
5425446
5425478
5425484
5425491
5425511
5425524
5425525
5425531
5425549
5425561
5425568
5425569
5425576
5425577
5425586
5425617
5425619
5425631
5425642
5425646
5425648
5425685
5425696
5425713
5425720
5425733
5425736
5425742
5425745
5425747
5425752
5425760
5425762
5425766
5425774
5425789
5425794
5425795
5425804
5425814
5425825
5425831
5425848
5425850
5425851
5425858
5425859
5425885
5425891
5425904
5425907
5425911
5425912
5425916
5425937
5425943
5425946
5425963
5425965
5426014
5426021
5426043
5426047
5426078
5426096
5426118
5426120
5426122
5426144
5426159
5426170
5426203
5426233
5426239
5426244
5426260
5426264
5426269
5426271
5426272
5426289
5426332
5426346
5426357
5426371
5426387
5426390
5426407
5426412
5426455
5426457
5426463
5426480
5426481
5426491
5426510
5426511
5426531
5426536
5426543
5426552
5426563
5426578
5426589
5426594
5426596
5426597
5426607
5426617
5426619
5426621
5426622
5426628
5426629
5426630
5426641
5426657
5426672
5426673
5426680
5426687
5426697
5426708
5426711
5426712
5426716
5426718
5426723
5426724
5426726
5426731
5426741
5426746
5426760
5426775
5426786
5426806
5426808
5426839
5426841
5426880
5426895
5426897
5426906
5426907
5426908
5426938
5426939
5426947
5426953
5426959
5426963
5426974
5427007
5427017
5427019
5427026
5427031
5427048
5427050
5427072
5427079
5427132
5427137
5427150
5427172
5427178
5427199
5427212
5427226
5427235
5427242
5427251
5427262
5427268
5427305
5427318
5427323
5427324
5427358
5427369
5427374
5427379
5427399
5427406
5427409
5427423
5427435
5427449
5427462
5427463
5427464
5427471
5427473
5427478
5427481
5427518
5427522
5427523
5427532
5427533
5427542
5427545
5427567
5427580
5427583
5427586
5427587
5427592
5427615
5427633
5427643
5427650
5427651
5427659
5427664
5427684
5427687
5427689
5427699
5427706
5427709
5427713
5427718
5427726
5427730
5427736
5427745
5427781
5427796
5427801
5427822
5427830
5427852
5427860
5427869
5427874
5427876
5427885
5427891
5427898
5427901
5427903
5427933
5427941
5427944
5427947
5427978
5427987
5427999
5428004
5428020
5428022
5428057
5428075
5428081
5428122
5428142
5428155
5428157
5428169
5428173
5428177
5428211
5428212
5428214
5428261
5428270
5428273
5428274
5428278
5428311
5428316
5428319
5428331
5428341
5428346
5428347
5428354
5428357
5428359
5428364
5428369
5428370
5428373
5428392
5428410
5428411
5428431
5428444
5428458
5428460
5428478
5428480
5428484
5428490
5428493
5428498
5428526
5428530
5428531
5428537
5428539
5428548
5428572
5428575
5428578
5428588
5428606
5428629
5428630
5428631
5428646
5428656
5428660
5428662
5428672
5428676
5428680
5428681
5428688
5428695
5428701
5428710
5428713
5428724
5428731
5428739
5428756
5428758
5428765
5428767
5428782
5428785
5428790
5428792
5428827
5428828
5428866
5428870
5428875
5428882
5428886
5428905
5428909
5428923
5428928
5428932
5428938
5428978
5428980
5428996
5429000
5429020
5429021
5429028
5429035
5429047
5429079
5429085
5429093
5429098
5429106
5429119
5429144
5429175
5429179
5429190
5429191
5429210
5429218
5429234
5429262
5429267
5429274
5429276
5429277
5429298
5429301
5429302
5429316
5429324
5429326
5429336
5429346
5429349
5429355
5429357
5429363
5429364
5429369
5429381
5429389
5429392
5429398
5429410
5429411
5429415
5429429
5429449
5429455
5429488
5429492
5429500
5429509
5429517
5429521
5429527
5429528
5429559
5429560
5429571
5429573
5429574
5429581
5429600
5429603
5429625
5429626
5429627
5429629
5429642
5429647
5429653
5429657
5429668
5429674
5429703
5429709
5429739
5429754
5429796
5429802
5429805
5429833
5429843
5429856
5429865
5429868
5429894
5429902
5429908
5429920
5429932
5429934
5429951
5429953
5429979
5429980
5429986
5429996
5429998
5430006
5430007
5430015
5430020
5430070
5430078
5430081
5430084
5430092
5430106
5430125
5430128
5430132
5430135
5430143
5430146
5430151
5430162
5430181
5430188
5430200
5430233
5430236
5430243
5430246
5430255
5430261
5430289
5430295
5430301
5430314
5430316
5430321
5430329
5430343
5430345
5430353
5430357
5430365
5430376
5430378
5430387
5430391
5430411
5430420
5430437
5430452
5430459
5430469
5430472
5430517
5430539
5430541
5430542
5430545
5430547
5430553
5430568
5430586
5430587
5430596
5430600
5430601
5430604
5430610
5430616
5430635
5430636
5430639
5430642
5430653
5430657
5430681
5430687
5430705
5430708
5430710
5430723
5430741
5430743
5430751
5430755
5430756
5430774
5430780
5430786
5430787
5430789
5430799
5430804
5430808
5430812
5430815
5430825
5430829
5430836
5430864
5430873
5430880
5430891
5430919
5430923
5430949
5430957
5430960
5430971
5430988
5431000
5431006
5431007
5431029
5431045
5431049
5431050
5431079
5431085
5431089
5431094
5431095
5431112
5431114
5431136
5431137
5431141
5431149
5431162
5431164
5431166
5431177
5431184
5431192
5431197
5431202
5431204
5431217
5431220
5431222
5431228
5431245
5431250
5431305
5431335
5431343
5431344
5431354
5431363
5431366
5431368
5431380
5431382
5431396
5431410
5431445
5431462
5431471
5431488
5431509
5431521
5431532
5431533
5431540
5431544
5431546
5431570
5431573
5431596
5431598
5431603
5431622
5431628
5431629
5431637
5431662
5431665
5431674
5431677
5431678
5431686
5431688
5431689
5431701
5431709
5431713
5431714
5431716
5431725
5431750
5431753
5431766
5431769
5431773
5431778
5431787
5431800
5431806
5431807
5431811
5431817
5431818
5431826
5431833
5431848
5431857
5431859
5431861
5431872
5431874
5431878
5431881
5431883
5431904
5431912
5431914
5431917
5431925
5431940
5431941
5431952
5431955
5431964
5431974
5431982
5432013
5432014
5432017
5432020
5432023
5432026
5432028
5432034
5432037
5432040
5432051
5432056
5432072
5432076
5432078
5432119
5432132
5432133
5432134
5432145
5432169
5432181
5432186
5432188
5432193
5432197
5432200
5432219
5432222
5432227
5432233
5432239
5432254
5432264
5432280
5432294
5432320
5432325
5432330
5432341
5432343
5432366
5432389
5432396
5432443
5432470
5432477
5432490
5432494
5432496
5432503
5432510
5432511
5432514
5432516
5432523
5432526
5432533
5432539
5432546
5432556
5432565
5432566
5432571
5432581
5432587
5432588
5432612
5432621
5432624
5432630
5432651
5432661
5432664
5432671
5432680
5432684
5432687
5432696
5432737
5432741
5432752
5432770
5432780
5432824
5432826
5432828
5432829
5432833
5432837
5432848
5432855
5432861
5432880
5432890
5432898
5432905
5432907
5432918
5432929
5432930
5432936
5432938
5432941
5432953
5432954
5432956
5432971
5432975
5432976
5432978
5432983
5432992
5433005
5433038
5433041
5433045
5433061
5433071
5433072
5433097
5433106
5433112
5433126
5433134
5433148
5433150
5433157
5433168
5433169
5433185
5433201
5433220
5433228
5433249
5433255
5433262
5433276
5433312
5433324
5433339
5433340
5433349
5433358
5433359
5433379
5433383
5433397
5433398
5433410
5433412
5433463
5433486
5433490
5433502
5433507
5433516
5433542
5433550
5433558
5433560
5433561
5433566
5433572
5433580
5433597
5433618
5433657
5433665
5433666
5433668
5433674
5433679
5433683
5433692
5433702
5433714
5433733
5433737
5433744
5433745
5433750
5433753
5433756
5433769
5433771
5433777
5433791
5433799
5433811
5433815
5433847
5433852
5433882
5433885
5433886
5433887
5433904
5433916
5433922
5433949
5433955
5433967
5433989
5433994
5434000
5434004
5434014
5434023
5434047
5434064
5434066
5434082
5434083
5434090
5434095
5434098
5434113
5434117
5434119
5434127
5434128
5434131
5434148
5434151
5434166
5434173
5434174
5434177
5434178
5434184
5434185
5434204
5434213
5434215
5434224
5434225
5434226
5434229
5434230
5434231
5434246
5434247
5434253
5434261
5434273
5434283
5434284
5434288
5434303
5434307
5434309
5434336
5434337
5434356
5434358
5434380
5434390
5434400
5434403
5434413
5434427
5434428
5434433
5434441
5434454
5434458
5434460
5434467
5434492
5434508
5434528
5434532
5434533
5434536
5434538
5434563
5434576
5434579
5434583
5434601
5434608
5434640
5434648
5434656
5434657
5434658
5434666
5434685
5434688
5434698
5434703
5434733
5434745
5434747
5434753
5434760
5434782
5434789
5434796
5434807
5434829
5434864
5434897
5434900
5434905
5434907
5434909
5434923
5434926
5434964
5434987
5434990
5435009
5435022
5435034
5435047
5435056
5435065
5435086
5435087
5435110
5435133
5435147
5435148
5435149
5435154
5435162
5435178
5435185
5435190
5435213
5435217
5435220
5435227
5435249
5435252
5435265
5435269
5435278
5435279
5435300
5435322
5435327
5435333
5435334
5435339
5435342
5435356
5435359
5435369
5435375
5435380
5435401
5435410
5435411
5435425
5435438
5435471
5435480
5435494
5435530
5435541
5435545
5435548
5435552
5435556
5435561
5435566
5435570
5435573
5435575
5435576
5435578
5435587
5435588
5435591
5435602
5435603
5435605
5435610
5435623
5435627
5435630
5435646
5435649
5435673
5435679
5435685
5435689
5435693
5435695
5435721
5435722
5435724
5435727
5435734
5435763
5435778
5435791
5435794
5435815
5435824
5435827
5435832
5435838
5435840
5435850
5435854
5435859
5435863
5435870
5435896
5435899
5435900
5435913
5435914
5435938
5435987
5435999
5436002
5436020
5436021
5436033
5436048
5436050
5436066
5436075
5436089
5436091
5436094
5436100
5436103
5436105
5436113
5436123
5436138
5436141
5436150
5436157
5436166
5436173
5436201
5436204
5436217
5436220
5436242
5436244
5436249
5436255
5436273
5436279
5436287
5436288
5436297
5436299
5436304
5436310
5436312
5436329
5436343
5436374
5436404
5436415
5436430
5436452
5436461
5436462
5436479
5436486
5436494
5436495
5436497
5436498
5436502
5436508
5436512
5436514
5436516
5436520
5436528
5436529
5436534
5436543
5436570
5436576
5437658
5437668
5437670
5437693
5437712
5437719
5437734
5437736
5437750
5437757
5437759
5437764
5437770
5437792
5437804
5437807
5437818
5437819
5437821
5437832
5437854
5437863
5437867
5437872
5437876
5437885
5437891
5437905
5437909
5437933
5437945
5437972
5437975
5437978
5437981
5437983
5437986
5437993
5437999
5438003
5438005
5438032
5438035
5438039
5438041
5438058
5438070
5438080
5438090
5438093
5438101
5438111
5438122
5438125
5438129
5438142
5438143
5438164
5438169
5438181
5438187
5438192
5438198
5438227
5438233
5438235
5438248
5438255
5438261
5438282
5438285
5438289
5438290
5438310
5438324
5438332
5438342
5438355
5438367
5438377
5438424
5438430
5438447
5438459
5438469
5438474
5438475
5438476
5438478
5438481
5438485
5438489
5438492
5438500
5438501
5438507
5438512
5438520
5438521
5438533
5438538
5438540
5438543
5438559
5438573
5438577
5438583
5438596
5438597
5438600
5438602
5438606
5438633
5438634
5438640
5438643
5438644
5438648
5438655
5438656
5438657
5438665
5438675
5438690
5438700
5438701
5438707
5438716
5438717
5438718
5438746
5438747
5438748
5438753
5438776
5438778
5438785
5438800
5438803
5438805
5438807
5438834
5438863
5438865
5438867
5438895
5438900
5438917
5438919
5438928
5438930
5438932
5438934
5438940
5438952
5438958
5438968
5438972
5438974
5438977
5438983
5438985
5438993
5439001
5439007
5439022
5439030
5439054
5439062
5439082
5439093
5439097
5439107
5439134
5439135
5439161
5439174
5439197
5439210
5439222
5439265
5439278
5439286
5439290
5439307
5439330
5439340
5439341
5439344
5439351
5439372
5439391
5439400
5439408
5439411
5439424
5439427
5439429
5439441
5439456
5439465
5439466
5439468
5439469
5439470
5439480
5439499
5439522
5439542
5439613
5439614
5439624
5439627
5439636
5439652
5439657
5439673
5439678
5439682
5439687
5439697
5439705
5439706
5439710
5439714
5439718
5439732
5439733
5439735
5439737
5439740
5439742
5439746
5439751
5439794
5439800
5439808
5439809
5439821
5439835
5439839
5439859
5439873
5439875
5439879
5439882
5439889
5439899
5439901
5439903
5439909
5439910
5439913
5439919
5439922
5439931
5439940
5439960
5439962
5439968
5439982
5439984
5439995
5439998
5440038
5440053
5440054
5440055
5440056
5440064
5440067
5440069
5440070
5440111
5440116
5440127
5440128
5440136
5440144
5440146
5440175
5440180
5440181
5440187
5440191
5440193
5440210
5440241
5440246
5440250
5440260
5440270
5440272
5440278
5440292
5440293
5440303
5440321
5440326
5440344
5440357
5440363
5440390
5440399
5440401
5440407
5440411
5440413
5440457
5440471
5440475
5440476
5440483
5440485
5440488
5440523
5440536
5440559
5440565
5440576
5440587
5440608
5440616
5440627
5440629
5440631
5440636
5440663
5440674
5440677
5440679
5440687
5440715
5440753
5440754
5440762
5440769
5440794
5440796
5440808
5440821
5440845
5440853
5440861
5440862
5440867
5440894
5440905
5440913
5440916
5440917
5440920
5440923
5440928
5440970
5440980
5440985
5441007
5441009
5441020
5441045
5441052
5441062
5441063
5441067
5441083
5441085
5441087
5441088
5441095
5441096
5441103
5441116
5441122
5441133
5441137
5441138
5441147
5441151
5441152
5441155
5441165
5441191
5441194
5441217
5441222
5441225
5441226
5441232
5441233
5441238
5441241
5441242
5441250
5441255
5441256
5441284
5441326
5441335
5441339
5441342
5441343
5441350
5441370
5441406
5441411
5441429
5441432
5441433
5441435
5441438
5441458
5441460
5441467
5441487
5441512
5441516
5441539
5441555
5441566
5441582
5441583
5441584
5441591
5441600
5441620
5441625
5441629
5441631
5441641
5441642
5441644
5441650
5441659
5441667
5441674
5441685
5441687
5441696
5441699
5441716
5441728
5441740
5441741
5441743
5441745
5441752
5441754
5441755
5441756
5441764
5441772
5441787
5441798
5441808
5441823
5441828
5441833
5441839
5441842
5441850
5441856
5441858
5441871
5441872
5441878
5441879
5441899
5441905
5441913
5441917
5441940
5441941
5441947
5441960
5441961
5441965
5441966
5441975
5441991
5441997
5442005
5442008
5442029
5442032
5442035
5442036
5442043
5442046
5442057
5442067
5442074
5442083
5442098
5442100
5442109
5442122
5442128
5442142
5442143
5442148
5442154
5442173
5442177
5442180
5442187
5442188
5442191
5442197
5442203
5442222
5442223
5442225
5442230
5442235
5442237
5442239
5442253
5442261
5442263
5442281
5442286
5442295
5442300
5442302
5442308
5442311
5442313
5442321
5442335
5442364
5442369
5442372
5442386
5442408
5442426
5442455
5442457
5442459
5442470
5442498
5442504
5442518
5442519
5442558
5442560
5442566
5442567
5442570
5442581
5442595
5442601
5442622
5442624
5442630
5442639
5442642
5442646
5442657
5442658
5442661
5442669
5442674
5442698
5442704
5442711
5442713
5442722
5442723
5442729
5442732
5442735
5442752
5442755
5442771
5442776
5442780
5442784
5442791
5442803
5442806
5442818
5442823
5442847
5442872
5442883
5442886
5442908
5442910
5442911
5442920
5442934
5442950
5442971
5442979
5442992
5442994
5443010
5443011
5443013
5443017
5443018
5443025
5443031
5443032
5443038
5443043
5443063
5443086
5443089
5443095
5443101
5443116
5443129
5443141
5443147
5443149
5443162
5443163
5443164
5443165
5443171
5443183
5443184
5443225
5443238
5443239
5443247
5443250
5443260
5443262
5443265
5443267
5443280
5443288
5443302
5443307
5443309
5443312
5443315
5443323
5443351
5443372
5443378
5443396
5443399
5443400
5443409
5443414
5443415
5443427
5443456
5443460
5443467
5443472
5443473
5443486
5443498
5443499
5443501
5443512
5443516
5443518
5443524
5443525
5443526
5443530
5443531
5443539
5443541
5443542
5443548
5443550
5443556
5443560
5443565
5443572
5443575
5443601
5443609
5443612
5443639
5443651
5443656
5443657
5443700
5443704
5443710
5443714
5443718
5443724
5443725
5443733
5443741
5443744
5443759
5443778
5443780
5443787
5443793
5443794
5443799
5443802
5443810
5443822
5443844
5443856
5443875
5443877
5443878
5443888
5443904
5443906
5443908
5443919
5443921
5443928
5443936
5443939
5443946
5443974
5443995
5444003
5444016
5444018
5444020
5444026
5444045
5444048
5444064
5444075
5444082
5444083
5444099
5444114
5444116
5444118
5444126
5444141
5444145
5444150
5444155
5444159
5444166
5444177
5444188
5444190
5444208
5444212
5444216
5444228
5444249
5444268
5444270
5444272
5444301
5444302
5444308
5444313
5444317
5444335
5444337
5444342
5444344
5444384
5444396
5444399
5444400
5444419
5444421
5444446
5444452
5444461
5444470
5444487
5444489
5444490
5444492
5444510
5444518
5444524
5444527
5444531
5444538
5444539
5444540
5444544
5444552
5444564
5444569
5444574
5444577
5444579
5444589
5444595
5444618
5444642
5444643
5444647
5444666
5444688
5444695
5444702
5444705
5444710
5444713
5444731
5444736
5444762
5444791
5444796
5444801
5444818
5444821
5444841
5444846
5444848
5444852
5444861
5444879
5444894
5444912
5444928
5444942
5444949
5444966
5444973
5444985
5444999
5445013
5445020
5445024
5445027
5445029
5445031
5445034
5445046
5445050
5445054
5445055
5445064
5445076
5445096
5445098
5445100
5445102
5445106
5445110
5445120
5445121
5445162
5445163
5445169
5445187
5445198
5445207
5445221
5445249
5445254
5445256
5445265
5445275
5445279
5445298
5445300
5445310
5445317
5445318
5445321
5445333
5445347
5445367
5445374
5445375
5445383
5445387
5445391
5445414
5445434
5445436
5445440
5445444
5445457
5445464
5445467
5445486
5445496
5445502
5445514
5445519
5445526
5445531
5445534
5445540
5445549
5445551
5445561
5445562
5445592
5445604
5445614
5445615
5445632
5445644
5445647
5445654
5445655
5445659
5445660
5445667
5445670
5445672
5445675
5445682
5445690
5445696
5445700
5445718
5445733
5445752
5445755
5445765
5445769
5445776
5445788
5445789
5445798
5445800
5445803
5445804
5445811
5445818
5445824
5445830
5445838
5445839
5445842
5445845
5445861
5445862
5445864
5445865
5445871
5445876
5445878
5445883
5445906
5445916
5445931
5445936
5445952
5445954
5445965
5445974
5445982
5445983
5445984
5446003
5446013
5446019
5446020
5446024
5446034
5446037
5446043
5446049
5446066
5446083
5446086
5446111
5446125
5446134
5446146
5446149
5446153
5446157
5446163
5446164
5446178
5446187
5446197
5446198
5446204
5446212
5446216
5446236
5446262
5446288
5446315
5446316
5446347
5446361
5446370
5446387
5446395
5446401
5446402
5446410
5446421
5446428
5446434
5446436
5446443
5446458
5446473
5446491
5446498
5446521
5446525
5446526
5446542
5446547
5446554
5446563
5446567
5446579
5446597
5446601
5446627
5446629
5446632
5446635
5446639
5446649
5446656
5446694
5446696
5446698
5446707
5446711
5446722
5446723
5446732
5446734
5446746
5446756
5446775
5446779
5446795
5446796
5446807
5446811
5446822
5446823
5446829
5446857
5446859
5446875
5446876
5446896
5446916
5446929
5446932
5446939
5446941
5446942
5446946
5446947
5446952
5446959
5446985
5446986
5446998
5446999
5447032
5447033
5447037
5447045
5447046
5447070
5447082
5447087
5447096
5447099
5447106
5447123
5447134
5447143
5447148
5447154
5447187
5447194
5447198
5447201
5447211
5447224
5447230
5447236
5447238
5447244
5447252
5447261
5447262
5447266
5447272
5447274
5447277
5447279
5447282
5447290
5447291
5447313
5447314
5447320
5447326
5447347
5447352
5447358
5447370
5447388
5447397
5447403
5447409
5447423
5447432
5447433
5447435
5447444
5447455
5447456
5447460
5447464
5447465
5447466
5447469
5447477
5447487
5447488
5447489
5447507
5447512
5447514
5447525
5447548
5447569
5447594
5447606
5447612
5447615
5447627
5447630
5447631
5447639
5447642
5447646
5447648
5447652
5447657
5447677
5447683
5447690
5447693
5447708
5447715
5447718
5447726
5447740
5447764
5447773
5447786
5447790
5447797
5447815
5447834
5447836
5447841
5447844
5447857
5447873
5447874
5447879
5447881
5447897
5447905
5447911
5447949
5447955
5447979
5448009
5448023
5448043
5448046
5448056
5448075
5448096
5448098
5448118
5448141
5448152
5448160
5448162
5448163
5448183
5448190
5448205
5448217
5448226
5448232
5448235
5448237
5448253
5448259
5448283
5448294
5448304
5448307
5448315
5448338
5448355
5448359
5448378
5448379
5448405
5448407
5448412
5448415
5448427
5448429
5448452
5448458
5448479
5448484
5448496
5448502
5448506
5448509
5448520
5448530
5448543
5448548
5448550
5448552
5448554
5448557
5448562
5448567
5448582
5448584
5448588
5448589
5448593
5448605
5448612
5448626
5448627
5448634
5448637
5448670
5448682
5448692
5448696
5448705
5448710
5448713
5448715
5448719
5448724
5448726
5448731
5448734
5448736
5448738
5448774
5448784
5448789
5448793
5448803
5448813
5448822
5448829
5448832
5448837
5448844
5448853
5448864
5448871
5448875
5448881
5448886
5448894
5448895
5448902
5448907
5448909
5448915
5448921
5448934
5448942
5448950
5448964
5448970
5448973
5448987
5449017
5449018
5449019
5449020
5449023
5449031
5449046
5449056
5449062
5449064
5449065
5449075
5449080
5449091
5449112
5449113
5449125
5449128
5449153
5449159
5449160
5449165
5449176
5449233
5449246
5449248
5449253
5449268
5449274
5449275
5449282
5449290
5449297
5449305
5449310
5449311
5449313
5449315
5449334
5449335
5449338
5449342
5449347
5449361
5449369
5449391
5449393
5449396
5449397
5449399
5449408
5449418
5449423
5449426
5449433
5449437
5449442
5449464
5449466
5449477
5449480
5449481
5449501
5449520
5449546
5449549
5449560
5449564
5449585
5449587
5449592
5449600
5449611
5449613
5449624
5449633
5449643
5449648
5449662
5449668
5449676
5449701
5449724
5449742
5449751
5449758
5449765
5449767
5449776
5449781
5449793
5449814
5449817
5449818
5449825
5449832
5449842
5449845
5449847
5449848
5449857
5449859
5449868
5449873
5449875
5449884
5449895
5449902
5449916
5449934
5449939
5449942
5449943
5449944
5449968
5449982
5450011
5450017
5450024
5450043
5450045
5450046
5450051
5450058
5450063
5450064
5450082
5450127
5450129
5450132
5450135
5450157
5450160
5450174
5450186
5450189
5450190
5450193
5450218
5450226
5450240
5450242
5450244
5450246
5450250
5450259
5450264
5450269
5450271
5450274
5450297
5450298
5450301
5450306
5450321
5450331
5450333
5450335
5450347
5450371
5450373
5450457
5450463
5450470
5450489
5450496
5450507
5450513
5450522
5450532
5450570
5450582
5450588
5450590
5450598
5450615
5450650
5450651
5450672
5450688
5450715
5450716
5450733
5450741
5450743
5450748
5450749
5450762
5450768
5450771
5450779
5450782
5450794
5450839
5450848
5450872
5450892
5450893
5450900
5450934
5450937
5450949
5450967
5450977
5450978
5451007
5451008
5451018
5451022
5451023
5451046
5451053
5451057
5451059
5451082
5451083
5451109
5451125
5451129
5451132
5451148
5451150
5451152
5451180
5451183
5451184
5451187
5451210
5451220
5451227
5451228
5451241
5451242
5451243
5451252
5451257
5451274
5451276
5451279
5451283
5451292
5451294
5451305
5451309
5451321
5451339
5451344
5451345
5451358
5451359
5451364
5451369
5451372
5451388
5451399
5451403
5451409
5451410
5451413
5451417
5451427
5451451
5451456
5451485
5451498
5451507
5451511
5451519
5451534
5451547
5451559
5451581
5451599
5451612
5451616
5451617
5451628
5451632
5451637
5451643
5451670
5451679
5451682
5451691
5451695
5451716
5451732
5451735
5451738
5451742
5451766
5451775
5451776
5451782
5451795
5451796
5451811
5451836
5451843
5451860
5451865
5451875
5451883
5451906
5451912
5451917
5451923
5451940
5451965
5451968
5451977
5451989
5451990
5452009
5452033
5452049
5452063
5452076
5452077
5452093
5452101
5452106
5452107
5452109
5452117
5452128
5452136
5452142
5452152
5452165
5452166
5452177
5452179
5452184
5452193
5452198
5452200
5452204
5452223
5452225
5452244
5452257
5452260
5452279
5452281
5452287
5452290
5452292
5452295
5452319
5452321
5452327
5452328
5452331
5452332
5452333
5452348
5452361
5452372
5452377
5452381
5452384
5452389
5452408
5452412
5452413
5452435
5452441
5452445
5452472
5452476
5452477
5452478
5452482
5452486
5452499
5452500
5452533
5452539
5452563
5452566
5452589
5452602
5452619
5452622
5452623
5452629
5452632
5452637
5452641
5452659
5452661
5452664
5452669
5452674
5452682
5452687
5452700
5452710
5452728
5452734
5452737
5452740
5452741
5452747
5452749
5452751
5452759
5452760
5452761
5452764
5452769
5452777
5452794
5452803
5452809
5452813
5452816
5452827
5452835
5452846
5452856
5452857
5452868
5452870
5452881
5452885
5452899
5452902
5452905
5452912
5452939
5452981
5452985
5452988
5453004
5453008
5453010
5453017
5453018
5453026
5453033
5453036
5453038
5453046
5453060
5453062
5453067
5453075
5453082
5453085
5453099
5453103
5453108
5453153
5453178
5453197
5453206
5453213
5453216
5453220
5453223
5453225
5453257
5453262
5453287
5453289
5453299
5453307
5453317
5453320
5453324
5453329
5453332
5453337
5453349
5453350
5453353
5453390
5453396
5453402
5453406
5453408
5453423
5453427
5453428
5453449
5453462
5453473
5453489
5453490
5453491
5453498
5453509
5453511
5453516
5453534
5453557
5453564
5453566
5453573
5453590
5453595
5453628
5453629
5453641
5453663
5453665
5453672
5453678
5453679
5453681
5453692
5453696
5453704
5453722
5453730
5453733
5453743
5453753
5453754
5453761
5453768
5453771
5453787
5453792
5453797
5453802
5453810
5453828
5453832
5453843
5453850
5453854
5453882
5453886
5453895
5453901
5453919
5453923
5453926
5453960
5453964
5453976
5454001
5454005
5454033
5454036
5454056
5454065
5454066
5454094
5454098
5454103
5454113
5454118
5454131
5454151
5454154
5454187
5454190
5454208
5454211
5454217
5454220
5454238
5454240
5454244
5454245
5454246
5454257
5454259
5454265
5454281
5454292
5454319
5454322
5454323
5454324
5454331
5454338
5454340
5454341
5454347
5454368
5454375
5454391
5454392
5454401
5454402
5454416
5454427
5454454
5454458
5454467
5454468
5454472
5454476
5454483
5454486
5454487
5454491
5454502
5454514
5454532
5454539
5454544
5454560
5454572
5454576
5454587
5454593
5454612
5454618
5454627
5454639
5454647
5454653
5454662
5454663
5454675
5454677
5454678
5454696
5454705
5454720
5454749
5454764
5454770
5454772
5454787
5454790
5454821
5454824
5454825
5454827
5454838
5454849
5454855
5454864
5454884
5454887
5454899
5454907
5454912
5454935
5454940
5454946
5454951
5454970
5454975
5454996
5455013
5455034
5455063
5455074
5455080
5455096
5455110
5455126
5455160
5455166
5455179
5455190
5455193
5455197
5455212
5455214
5455220
5455226
5455232
5455277
5455278
5455281
5455304
5455310
5455319
5455325
5455330
5455342
5455350
5455354
5455356
5455361
5455375
5455387
5455395
5455398
5455407
5455423
5455427
5455441
5455478
5455481
5455482
5455489
5455490
5455496
5455511
5455518
5455519
5455526
5455535
5455543
5455545
5455548
5455562
5455575
5455592
5455597
5455602
5455609
5455611
5455618
5455619
5455620
5455632
5455633
5455646
5455649
5455653
5455654
5455658
5455660
5455671
5455676
5455678
5455688
5455697
5455713
5455718
5455750
5455752
5455757
5455759
5455764
5455767
5455810
5455814
5455819
5455842
5455851
5455855
5455857
5455872
5455879
5455889
5455893
5455902
5455909
5455916
5455920
5455942
5455944
5455959
5455971
5455973
5455979
5455996
5455997
5455999
5456014
5456022
5456025
5456035
5456042
5456064
5456070
5456093
5456107
5456120
5456125
5456128
5456129
5456138
5456139
5456142
5456154
5456160
5456189
5456194
5456203
5456205
5456208
5456212
5456213
5456216
5456242
5456248
5456249
5456253
5456254
5456260
5456291
5456298
5456307
5456313
5456321
5456323
5456335
5456343
5456371
5456377
5456413
5456422
5456429
5456435
5456453
5456455
5456463
5456474
5456477
5456480
5456516
5456530
5456539
5456542
5456550
5456551
5456559
5456576
5456603
5456606
5456609
5456616
5456619
5456625
5456630
5456645
5456649
5456662
5456665
5456679
5456690
5456693
5456711
5456716
5456724
5456727
5456749
5456751
5456756
5456761
5456764
5456768
5456773
5456781
5456788
5456796
5456808
5456818
5456824
5456832
5456833
5456847
5456853
5456860
5456862
5456868
5456877
5456894
5456895
5456903
5456924
5456930
5456934
5456937
5456951
5456963
5456969
5456976
5456982
5456989
5456991
5456998
5457007
5457018
5457035
5457040
5457058
5457074
5457086
5457101
5457125
5457132
5457134
5457146
5457148
5457151
5457153
5457162
5457179
5457181
5457182
5457189
5457198
5457209
5457219
5457235
5457238
5457240
5457246
5457250
5457269
5457270
5457280
5457309
5457324
5457342
5457348
5457353
5457368
5457380
5457385
5457394
5457420
5457424
5457439
5457440
5457442
5457451
5457469
5457479
5457488
5457511
5457518
5457523
5457524
5457529
5457531
5457550
5457566
5457567
5457569
5457575
5457579
5457585
5457591
5457622
5457629
5457630
5457669
5457680
5457685
5457695
5457698
5457717
5457720
5457751
5457774
5457777
5457782
5457783
5457792
5457806
5457809
5457817
5457842
5457853
5457877
5457881
5457886
5457901
5457903
5457905
5457908
5457916
5457925
5457954
5457965
5457980
5457984
5457990
5457993
5458008
5458010
5458024
5458026
5458030
5458050
5458052
5458065
5458068
5458077
5458089
5458109
5458130
5458131
5458142
5458144
5458147
5458155
5458163
5458193
5458199
5458201
5458213
5458215
5458222
5458234
5458239
5458246
5458248
5458251
5458253
5458282
5458285
5458288
5458294
5458297
5458306
5458312
5458359
5458362
5458367
5458381
5458384
5458399
5458400
5458452
5458454
5458464
5458481
5458483
5458493
5458509
5458513
5458525
5458527
5458544
5458563
5458577
5458618
5458625
5458631
5458647
5458649
5458650
5458664
5458667
5458684
5458709
5458711
5458726
5458741
5458765
5458766
5458767
5458769
5458772
5458779
5458783
5458784
5458788
5458798
5458809
5458818
5458820
5458849
5458858
5458859
5458861
5458862
5458871
5458882
5458888
5458889
5458921
5458926
5458962
5458968
5458981
5458983
5458986
5458989
5458995
5458996
5459004
5459005
5459017
5459029
5459033
5459035
5459038
5459042
5459046
5459059
5459077
5459089
5459090
5459100
5459101
5459108
5459109
5459117
5459128
5459131
5459135
5459164
5459188
5459201
5459219
5459242
5459252
5459262
5459275
5459279
5459288
5459294
5459299
5459307
5459312
5459330
5459331
5459332
5459335
5459346
5459348
5459355
5459361
5459365
5459376
5459380
5459394
5459402
5459409
5459416
5459436
5459446
5459447
5459448
5459468
5459472
5459475
5459480
5459483
5459488
5459511
5459513
5459526
5459538
5459545
5459553
5459563
5459569
5459573
5459576
5459582
5459595
5459609
5459614
5459626
5459629
5459642
5459658
5459662
5459684
5459691
5459694
5459698
5459706
5459724
5459730
5459738
5459751
5459768
5459771
5459787
5459817
5459827
5459847
5459900
5459924
5459942
5459944
5459947
5459953
5459954
5459961
5459962
5459976
5459986
5460009
5460022
5460038
5460047
5460061
5460075
5460090
5460100
5460117
5460136
5460137
5460145
5460169
5460173
5460180
5460196
5460198
5460204
5460209
5460228
5460244
5460251
5460262
5460273
5460279
5460284
5460294
5460311
5460313
5460315
5460316
5460347
5460349
5460371
5460390
5460399
5460409
5460410
5460417
5460425
5460427
5460430
5460434
5460446
5460448
5460449
5460467
5460484
5460485
5460490
5460491
5460503
5460509
5460518
5460531
5460577
5460605
5460609
5460612
5460615
5460623
5460624
5460628
5460637
5460660
5460672
5460677
5460678
5460683
5460685
5460699
5460705
5460744
5460754
5460756
5460761
5460798
5460816
5460837
5460865
5460873
5460878
5460896
5460907
5460910
5460924
5460938
5460942
5460974
5460979
5460986
5460997
5461041
5461042
5461049
5461058
5461066
5461072
5461076
5461082
5461086
5461097
5461103
5461113
5461128
5461130
5461136
5461150
5461160
5461172
5461190
5461191
5461199
5461208
5461227
5461234
5461249
5461253
5461272
5461273
5461282
5461309
5461310
5461320
5461350
5461364
5461383
5461392
5461404
5461443
5461463
5461490
5461494
5461495
5461519
5461520
5461522
5461527
5461540
5461554
5461565
5461566
5461576
5461587
5461589
5461595
5461619
5461622
5461644
5461646
5461648
5461654
5461656
5461657
5461659
5461667
5461672
5461673
5461674
5461679
5461681
5461685
5461695
5461699
5461707
5461710
5461732
5461748
5461773
5461776
5461780
5461783
5461785
5461786
5461790
5461826
5461828
5461831
5461834
5461835
5461843
5461846
5461875
5461881
5461886
5461896
5461897
5461911
5461923
5461926
5461927
5461942
5461949
5461963
5461966
5461971
5461982
5461992
5461998
5462019
5462033
5462036
5462049
5462052
5462054
5462055
5462062
5462067
5462074
5462075
5462090
5462091
5462102
5462104
5462135
5462144
5462162
5462166
5462170
5462172
5462223
5462226
5462236
5462248
5462274
5462278
5462280
5462294
5462307
5462309
5462319
5462333
5462342
5462348
5462364
5462365
5462367
5462380
5462407
5462408
5462411
5462434
5462437
5462439
5462467
5462475
5462481
5462487
5462521
5462525
5462536
5462539
5462540
5462557
5462563
5462569
5462584
5462596
5462597
5462605
5462612
5462624
5462629
5462633
5462639
5462645
5462650
5462667
5462674
5462696
5462702
5462712
5462714
5462725
5462732
5462734
5462740
5462743
5462756
5462758
5462759
5462766
5462768
5462774
5462795
5462809
5462810
5462821
5462823
5462826
5462829
5462830
5462842
5462861
5462877
5462893
5462897
5462900
5462902
5462918
5462919
5462922
5462925
5462930
5462945
5462952
5462954
5462985
5462997
5463001
5463006
5463015
5463027
5463036
5463040
5463044
5463046
5463047
5463066
5463083
5463092
5463109
5463115
5463124
5463129
5463131
5463159
5463170
5463173
5463175
5463183
5463193
5463204
5463240
5463248
5463252
5463257
5463268
5463272
5463273
5463280
5463287
5463298
5463307
5463321
5463347
5463364
5463377
5463383
5463399
5463403
5463412
5463435
5463441
5463466
5463469
5463472
5463483
5463491
5463502
5463505
5463506
5463519
5463523
5463532
5463535
5463537
5463542
5463552
5463574
5463575
5463584
5463595
5463601
5463603
5463613
5463630
5463632
5463641
5463642
5463649
5463655
5463656
5463681
5463690
5463711
5463717
5463724
5463729
5463732
5463755
5463762
5463766
5463774
5463779
5463795
5463802
5463803
5463806
5463812
5463821
5463827
5463833
5463845
5463847
5463865
5463885
5463887
5463891
5463893
5463896
5463898
5463904
5463916
5463921
5463924
5463926
5463940
5463950
5463955
5463963
5463964
5463976
5463989
5464010
5464019
5464028
5464029
5464036
5464043
5464063
5464086
5464089
5464103
5464113
5464114
5464138
5464143
5464162
5464163
5464169
5464182
5464192
5464212
5464224
5464226
5464228
5464231
5464240
5464255
5464259
5464261
5464277
5464281
5464293
5464302
5464307
5464331
5464337
5464351
5464354
5464357
5464364
5464389
5464390
5464398
5464406
5464437
5464447
5464453
5464462
5464478
5464493
5464514
5464527
5464532
5464536
5464545
5464549
5464556
5464570
5464574
5464579
5464591
5464599
5464614
5464635
5464657
5464663
5464664
5464674
5464699
5464701
5464704
5464705
5464716
5464733
5464767
5464776
5464788
5464807
5464810
5464834
5464843
5464851
5464852
5464858
5464864
5464871
5464879
5464897
5464906
5464910
5464911
5464917
5464937
5464962
5464979
5464982
5464989
5464990
5464995
5465021
5465034
5465044
5465045
5465056
5465066
5465109
5465124
5465129
5465130
5465142
5465174
5465189
5465191
5465196
5465204
5465207
5465209
5465211
5465218
5465236
5465238
5465243
5465246
5465247
5465248
5465249
5465258
5465265
5465267
5465272
5465275
5465279
5465282
5465290
5465294
5465298
5465306
5465309
5465330
5465339
5465344
5465357
5465363
5465368
5465378
5465380
5465391
5465400
5465410
5465447
5465450
5465477
5465479
5465492
5465499
5465504
5465523
5465525
5465533
5465544
5465562
5465598
5465600
5465612
5465619
5465631
5465638
5465659
5465674
5465682
5465696
5465697
5465718
5465727
5465746
5465756
5465764
5465766
5465799
5465817
5465823
5465828
5465829
5465833
5465836
5465841
5465867
5465895
5465920
5465956
5465984
5465985
5466005
5466013
5466018
5466028
5466046
5466050
5466055
5466058
5466064
5466066
5466070
5466080
5466081
5466083
5466091
5466093
5466094
5466116
5466120
5466133
5466148
5466153
5466160
5466161
5466168
5466191
5466212
5466223
5466229
5466234
5466245
5466261
5466268
5466273
5466279
5466284
5466297
5466309
5466324
5466325
5466356
5466364
5466365
5466368
5466380
5466383
5466387
5466401
5466416
5466425
5466453
5466454
5466461
5466472
5466488
5466496
5466526
5466537
5466569
5466576
5466583
5466595
5466601
5466614
5466626
5466628
5466629
5466630
5466633
5466636
5466652
5466653
5466658
5466670
5466692
5466732
5466737
5466739
5466760
5466784
5466801
5466828
5466829
5466845
5466854
5466855
5466863
5466869
5466879
5466895
5466904
5466908
5466914
5466923
5466934
5466960
5466962
5466995
5466996
5467003
5467005
5467006
5467016
5467038
5467085
5467094
5467100
5467102
5467104
5467114
5467120
5467136
5467149
5467161
5467170
5467176
5467185
5467198
5467202
5467219
5467257
5467266
5467281
5467284
5467289
5467291
5467293
5467295
5467296
5467300
5467301
5467314
5467316
5467321
5467330
5467331
5467334
5467341
5467342
5467356
5467370
5467374
5467381
5467383
5467391
5467405
5467410
5467419
5467434
5467441
5467459
5467462
5467466
5467476
5467481
5467484
5467485
5467528
5467544
5467546
5467552
5467559
5467571
5467581
5467609
5467614
5467619
5467634
5467645
5467652
5467655
5467660
5467668
5467672
5467676
5467681
5467682
5467696
5467698
5467700
5467715
5467732
5467745
5467769
5467774
5467780
5467781
5467785
5467790
5467791
5467819
5467821
5467823
5467827
5467828
5467830
5467839
5467865
5467876
5467887
5467894
5467896
5467905
5467929
5467936
5467962
5467963
5467967
5467987
5468003
5468011
5468017
5468025
5468039
5468061
5468066
5468077
5468085
5468100
5468106
5468140
5468143
5468154
5468197
5468202
5468204
5468213
5468220
5468224
5468229
5468230
5468234
5468246
5468251
5468265
5468281
5468284
5468307
5468311
5468323
5468328
5468332
5468370
5468379
5468381
5468387
5468391
5468406
5468415
5468421
5468431
5468440
5468451
5468453
5468469
5468470
5468473
5468487
5468502
5468520
5468531
5468537
5468540
5468543
5468571
5468587
5468596
5468606
5468607
5468621
5468632
5468641
5468650
5468675
5468686
5468687
5468694
5468706
5468707
5468717
5468730
5468733
5468750
5468757
5468766
5468775
5468777
5468794
5468807
5468817
5468825
5468830
5468834
5468841
5468850
5468884
5468885
5468894
5468895
5468904
5468906
5468907
5468908
5468910
5468926
5468938
5468947
5468955
5468958
5468959
5468964
5468989
5468994
5469006
5469015
5469035
5469043
5469049
5469050
5469059
5469085
5469088
5469094
5469099
5469117
5469131
5469136
5469157
5469158
5469190
5469261
5469271
5469280
5469283
5469285
5469297
5469304
5469307
5469312
5469314
5469319
5469321
5469322
5469323
5469335
5469336
5469338
5469354
5469358
5469371
5469372
5469373
5469377
5469391
5469405
5469412
5469440
5469444
5469445
5469466
5469479
5469488
5469491
5469499
5469517
5469547
5469561
5469581
5469588
5469591
5469592
5469595
5469602
5469607
5469615
5469626
5469631
5469640
5469650
5469653
5469667
5469687
5469708
5469714
5469736
5469746
5469753
5469760
5469761
5469773
5469790
5469792
5469794
5469800
5469810
5469837
5469840
5469847
5469856
5469861
5469875
5469879
5469886
5469898
5469901
5469908
5469914
5469927
5469929
5469935
5469938
5469939
5469940
5469941
5469956
5469958
5469973
5469985
5469993
5470001
5470004
5470014
5470026
5470039
5470047
5470055
5470057
5470062
5470066
5470074
5470080
5470083
5470090
5470095
5470109
5470117
5470120
5470132
5470144
5470151
5470164
5470179
5470193
5470254
5470260
5470266
5470268
5470274
5470297
5470298
5470299
5470303
5470307
5470317
5470367
5470373
5470381
5470382
5470383
5470402
5470419
5470429
5470473
5470478
5470481
5470490
5470495
5470508
5470520
5470521
5470522
5470530
5470535
5470537
5470539
5470545
5470556
5470563
5470582
5470590
5470595
5470597
5470602
5470605
5470606
5470621
5470641
5470648
5470672
5470673
5470700
5470704
5470706
5470709
5470712
5470726
5470733
5470776
5470791
5470801
5470818
5470819
5470829
5470848
5470861
5470869
5470873
5470879
5470885
5470886
5470901
5470909
5470914
5470919
5470939
5470948
5470963
5470966
5470970
5470981
5470995
5471008
5471032
5471056
5471057
5471059
5471062
5471073
5471074
5471091
5471094
5471105
5471121
5471124
5471139
5471146
5471147
5471161
5471168
5471169
5471170
5471172
5471184
5471193
5471198
5471201
5471209
5471216
5471229
5471232
5471254
5471267
5471268
5471285
5471286
5471288
5471301
5471303
5471325
5471335
5471377
5471395
5471401
5471402
5471403
5471404
5471427
5471428
5471429
5471458
5471460
5471474
5471481
5471488
5471510
5471521
5471529
5471540
5471545
5471555
5471557
5471558
5471572
5471582
5471584
5471585
5471587
5471588
5471595
5471606
5471617
5471634
5471652
5471674
5471680
5471695
5471697
5471713
5471722
5471729
5471731
5471736
5471743
5471760
5471768
5471790
5471810
5471815
5471820
5471837
5471843
5471851
5471861
5471862
5471925
5471927
5471951
5471956
5471961
5471968
5471970
5471971
5471982
5472009
5472011
5472025
5472044
5472054
5472061
5472066
5472073
5472084
5472094
5472097
5472123
5472124
5472154
5472158
5472159
5472160
5472172
5472174
5472196
5472198
5472218
5472219
5472221
5472225
5472227
5472244
5472250
5472253
5472265
5472269
5472273
5472277
5472286
5472297
5472307
5472315
5472323
5472324
5472337
5472341
5472348
5472352
5472362
5472363
5472369
5472373
5472392
5472418
5472424
5472429
5472434
5472443
5472446
5472448
5472476
5472481
5472486
5472487
5472489
5472533
5472552
5472564
5472575
5472582
5472586
5472591
5472598
5472611
5472634
5472643
5472663
5472665
5472672
5472679
5472706
5472716
5472720
5472758
5472761
5472762
5472772
5472782
5472784
5472786
5472800
5472807
5472811
5472815
5472826
5472833
5472853
5472860
5472891
5472916
5472932
5472933
5472937
5472942
5472949
5472954
5472956
5472965
5472966
5472981
5472991
5473006
5473008
5473024
5473033
5473036
5473037
5473050
5473069
5473072
5473080
5473084
5473087
5473090
5473092
5473106
5473128
5473129
5473173
5473228
5473232
5473233
5473238
5473240
5473246
5473253
5473266
5473267
5473275
5473283
5473287
5473289
5473290
5473291
5473306
5473342
5473346
5473347
5473364
5473385
5473420
5473435
5473437
5473453
5473454
5473456
5473477
5473494
5473506
5473510
5473514
5473516
5473524
5473525
5473544
5473562
5473570
5473573
5473576
5473588
5473597
5473599
5473626
5473634
5473635
5473648
5473660
5473662
5473693
5473724
5473731
5473737
5473749
5473769
5473776
5473789
5473800
5473803
5473806
5473816
5473842
5473844
5473847
5473858
5473861
5473910
5473920
5473924
5473934
5473961
5473965
5473974
5473980
5473994
5474004
5474019
5474024
5474057
5474073
5474080
5474093
5474095
5474115
5474116
5474123
5474133
5474141
5474159
5474168
5474200
5474202
5474216
5474236
5474267
5474281
5474287
5474288
5474292
5474293
5474298
5474305
5474306
5474311
5474320
5474325
5474331
5474338
5474349
5474351
5474355
5474383
5474385
5474386
5474387
5474400
5474406
5474407
5474417
5474426
5474437
5474439
5474441
5474454
5474461
5474469
5474484
5474506
5474510
5474513
5474528
5474530
5474531
5474559
5474573
5474583
5474584
5474591
5474597
5474616
5474629
5474636
5474648
5474655
5474661
5474668
5474670
5474671
5474674
5474679
5474684
5474687
5474702
5474709
5474717
5474719
5474726
5474727
5474731
5474740
5474742
5474744
5474749
5474750
5474772
5474775
5474779
5474789
5474810
5474816
5474827
5474831
5474832
5474841
5474849
5474863
5474874
5474876
5474881
5474890
5474909
5474923
5474942
5474957
5474958
5474968
5474977
5474984
5474993
5474998
5475006
5475020
5475021
5475057
5475066
5475078
5475084
5475088
5475097
5475099
5475103
5475116
5475133
5475150
5475153
5475160
5475167
5475175
5475184
5475210
5475211
5475212
5475222
5475233
5475243
5475248
5475252
5475255
5475271
5475283
5475289
5475293
5475305
5475306
5475308
5475310
5475314
5475324
5475339
5475342
5475358
5475360
5475361
5475390
5475394
5475413
5475430
5475442
5475443
5475448
5475472
5475479
5475486
5475496
5475502
5475514
5475523
5475524
5475529
5475534
5475539
5475546
5475554
5475557
5475567
5475570
5475575
5475607
5475627
5475629
5475631
5475661
5475668
5475693
5475701
5475708
5475710
5475718
5475720
5475737
5475768
5475781
5475785
5475793
5475805
5475808
5475818
5475822
5475835
5475865
5475880
5475884
5475895
5475919
5475920
5475921
5475931
5475933
5475943
5475949
5475954
5475960
5475963
5475989
5475992
5476008
5476017
5476022
5476023
5476037
5476059
5476079
5476084
5476095
5476103
5476112
5476120
5476126
5476130
5476147
5476153
5476158
5476165
5476189
5476205
5476207
5476214
5476217
5476225
5476231
5476233
5476241
5476244
5476247
5476253
5476274
5476281
5476291
5476293
5476296
5476310
5476317
5476319
5476321
5476322
5476328
5476330
5476378
5476382
5476400
5476420
5476445
5476459
5476461
5476479
5476481
5476488
5476492
5476504
5476518
5476521
5476528
5476531
5476538
5476541
5476559
5476569
5476572
5476577
5476582
5476615
5476623
5476624
5476638
5476641
5476653
5476680
5476682
5476683
5476693
5476725
5476727
5476730
5476733
5476774
5476805
5476807
5476812
5476821
5476836
5476854
5476875
5476878
5476886
5476892
5476894
5476912
5476923
5476938
5476948
5476958
5476990
5477002
5477021
5477023
5477028
5477035
5477048
5477050
5477074
5477079
5477081
5477116
5477144
5477163
5477164
5477187
5477192
5477196
5477199
5477201
5477206
5477213
5477214
5477228
5477230
5477238
5477244
5477295
5477312
5477314
5477315
5477322
5477326
5477327
5477330
5477334
5477347
5477355
5477363
5477374
5477379
5477381
5477391
5477401
5477440
5477444
5477446
5477450
5477460
5477472
5477488
5477498
5477511
5477542
5477544
5477548
5477557
5477565
5477582
5477593
5477598
5477602
5477614
5477620
5477621
5477625
5477636
5477640
5477641
5477645
5477667
5477680
5477685
5477709
5477720
5477723
5477736
5477764
5477766
5477773
5477802
5477821
5477827
5477831
5477847
5477850
5477858
5477862
5477867
5477879
5477886
5477888
5477893
5477898
5477905
5477915
5477920
5477931
5477937
5477940
5477943
5477951
5477967
5477984
5477985
5477986
5478002
5478007
5478010
5478014
5478024
5478031
5478043
5478054
5478061
5478062
5478067
5478071
5478082
5478086
5478100
5478116
5478119
5478129
5478134
5478138
5478146
5478153
5478155
5478170
5478173
5478182
5478183
5478185
5478187
5478210
5478215
5478216
5478221
5478225
5478256
5478277
5478281
5478297
5478305
5478317
5478323
5478324
5478332
5478368
5478375
5478385
5478391
5478392
5478403
5478410
5478411
5478438
5478440
5478464
5478482
5478497
5478505
5478508
5478511
5478537
5478544
5478553
5478556
5478558
5478564
5478565
5478572
5478583
5478586
5478590
5478591
5478597
5478624
5478626
5478647
5478653
5478668
5478678
5478694
5478705
5478707
5478717
5478732
5478747
5478768
5478805
5478819
5478831
5478832
5478834
5478842
5478847
5478848
5478852
5478863
5478890
5478892
5478904
5478908
5478930
5478931
5478947
5478961
5478967
5478978
5478989
5479001
5479006
5479016
5479023
5479024
5479030
5479031
5479035
5479037
5479059
5479062
5479073
5479080
5479088
5479108
5479116
5479123
5479126
5479136
5479154
5479162
5479164
5479178
5479188
5479190
5479193
5479200
5479224
5479244
5479245
5479249
5479252
5479254
5479277
5479290
5479295
5479302
5479312
5479314
5479318
5479321
5479328
5479330
5479337
5479344
5479350
5479352
5479364
5479368
5479386
5479394
5479398
5479404
5479415
5479416
5479428
5479436
5479438
5479447
5479453
5479455
5479461
5479468
5479489
5479510
5479524
5479546
5479554
5479565
5479584
5479597
5479616
5479621
5479626
5479638
5479649
5479662
5479663
5479686
5479690
5479697
5479708
5479713
5479716
5479776
5479783
5479789
5479796
5479806
5479807
5479815
5479859
5479868
5479887
5479916
5479931
5479947
5479952
5479966
5479971
5479976
5479984
5479986
5479994
5480001
5480014
5480032
5480034
5480047
5480048
5480051
5480059
5480062
5480065
5480069
5480080
5480085
5480089
5480091
5480095
5480100
5480132
5480139
5480142
5480147
5480165
5480168
5480193
5480227
5480238
5480246
5480263
5480265
5480266
5480271
5480274
5480281
5480288
5480293
5480309
5480321
5480325
5480336
5480345
5480351
5480355
5480356
5480357
5480361
5480365
5480370
5480374
5480390
5480397
5480406
5480446
5480451
5480475
5480494
5480496
5480503
5480511
5480512
5480519
5480525
5480528
5480532
5480549
5480559
5480579
5480588
5480592
5480593
5480600
5480623
5480626
5480635
5480638
5480668
5480669
5480674
5480690
5480696
5480707
5480720
5480731
5480734
5480739
5480787
5480797
5480803
5480806
5480813
5480820
5480832
5480840
5480844
5480860
5480869
5480891
5480892
5480908
5480909
5480919
5480921
5480927
5480933
5480934
5480945
5480957
5480963
5480965
5480986
5480991
5480998
5481001
5481018
5481034
5481044
5481050
5481054
5481055
5481070
5481072
5481076
5481086
5481095
5481113
5481116
5481137
5481149
5481182
5481189
5481194
5481196
5481199
5481210
5481215
5481223
5481230
5481239
5481253
5481257
5481263
5481265
5481281
5481289
5481291
5481292
5481295
5481296
5481318
5481327
5481347
5481356
5481362
5481364
5481390
5481393
5481399
5481409
5481411
5481414
5481437
5481443
5481450
5481453
5481459
5481462
5481466
5481469
5481481
5481506
5481533
5481563
5481581
5481583
5481590
5481595
5481615
5481619
5481635
5481639
5481640
5481653
5481659
5481680
5481684
5481699
5481700
5481703
5481708
5481725
5481728
5481742
5481751
5481769
5481772
5481783
5481827
5481846
5481849
5481850
5481880
5481889
5481903
5481910
5481917
5481927
5481940
5481946
5481988
5481997
5482008
5482016
5482022
5482032
5482033
5482047
5482053
5482054
5482058
5482062
5482065
5482072
5482074
5482091
5482099
5482124
5482127
5482142
5482158
5482160
5482161
5482169
5482178
5482200
5482211
5482214
5482217
5482219
5482227
5482230
5482256
5482257
5482302
5482327
5482334
5482335
5482337
5482341
5482354
5482358
5482361
5482363
5482374
5482389
5482404
5482409
5482414
5482428
5482433
5482457
5482469
5482476
5482485
5482489
5482515
5482532
5482561
5482566
5482574
5482575
5482583
5482634
5482638
5482643
5482661
5482666
5482667
5482674
5482679
5482680
5482683
5482690
5482691
5482718
5482729
5482741
5482746
5482760
5482804
5482807
5482811
5482822
5482824
5482842
5482849
5482858
5482859
5482860
5482867
5482869
5482888
5482896
5482907
5482908
5482914
5482916
5482917
5482930
5482965
5482982
5482984
5482987
5482988
5482991
5482995
5482997
5483002
5483003
5483011
5483030
5483032
5483039
5483045
5483049
5483061
5483064
5483072
5483079
5483083
5483084
5483092
5483102
5483105
5483120
5483161
5483169
5483171
5483181
5483185
5483189
5483190
5483195
5483199
5483201
5483202
5483205
5483208
5483210
5483212
5483216
5483217
5483224
5483237
5483238
5483256
5483273
5483282
5483283
5483289
5483292
5483297
5483314
5483330
5483337
5483364
5483368
5483374
5483392
5483399
5483401
5483403
5483411
5483414
5483420
5483426
5483430
5483432
5483433
5483437
5483450
5483464
5483465
5483466
5483471
5483479
5483528
5483549
5483557
5483559
5483577
5483592
5483610
5483619
5483629
5483630
5483651
5483664
5483667
5483669
5483678
5483682
5483693
5483701
5483736
5483740
5483746
5483756
5483758
5483759
5483775
5483781
5483782
5483792
5483801
5483818
5483830
5483845
5483848
5483855
5483864
5483865
5483873
5483877
5483882
5483884
5483886
5483897
5483917
5483925
5483927
5483950
5483951
5483956
5483960
5483969
5483970
5483973
5483977
5483985
5483992
5484010
5484011
5484016
5484031
5484040
5484049
5484054
5484073
5484076
5484078
5484102
5484128
5484140
5484154
5484155
5484156
5484159
5484162
5484197
5484203
5484208
5484217
5484224
5484245
5484259
5484269
5484270
5484272
5484302
5484305
5484314
5484327
5484340
5484345
5484382
5484383
5484388
5484389
5484392
5484394
5484396
5484398
5484401
5484403
5484405
5484407
5484408
5484411
5484419
5484432
5484433
5484447
5484450
5484463
5484464
5484466
5484486
5484492
5484494
5484518
5484525
5484527
5484536
5484562
5484567
5484584
5484602
5484609
5484620
5484644
5484661
5484668
5484684
5484692
5484694
5484700
5484702
5484706
5484729
5484753
5484761
5484772
5484777
5484778
5484779
5484780
5484802
5484803
5484806
5484835
5484840
5484863
5484865
5484867
5484876
5484894
5484914
5484921
5484932
5484944
5484965
5484971
5484986
5484987
5484992
5484995
5485002
5485016
5485032
5485034
5485047
5485064
5485071
5485077
5485080
5485088
5485092
5485106
5485128
5485130
5485133
5485150
5485151
5485165
5485171
5485173
5485185
5485193
5485194
5485195
5485201
5485219
5485235
5485239
5485260
5485263
5485268
5485273
5485278
5485288
5485289
5485296
5485301
5485322
5485336
5485338
5485340
5485343
5485353
5485370
5485390
5485408
5485409
5485421
5485422
5485428
5485432
5485442
5485450
5485454
5485474
5485477
5485484
5485493
5485495
5485503
5485515
5485528
5485537
5485539
5485562
5485574
5485611
5485636
5485643
5485644
5485646
5485647
5485653
5485655
5485668
5485677
5485678
5485679
5485689
5485700
5485701
5485711
5485717
5485731
5485744
5485750
5485763
5485764
5485766
5485772
5485775
5485797
5485806
5485810
5485817
5485822
5485825
5485851
5485861
5485872
5485875
5485888
5485892
5485912
5485933
5485937
5485957
5485965
5485991
5486012
5486022
5486023
5486031
5486037
5486052
5486061
5486072
5486076
5486093
5486097
5486098
5486101
5486102
5486129
5486182
5486183
5486190
5486214
5486221
5486224
5486229
5486232
5486237
5486256
5486258
5486260
5486303
5486315
5486322
5486334
5486339
5486347
5486351
5486361
5486362
5486376
5486378
5486379
5486384
5486399
5486401
5486402
5486408
5486417
5486422
5486430
5486432
5486435
5486440
5486442
5486446
5486448
5486450
5486454
5486477
5486485
5486492
5486518
5486529
5486546
5486561
5486562
5486573
5486588
5486589
5486607
5486608
5486610
5486614
5486617
5486632
5486642
5486678
5486679
5486695
5486698
5486700
5486701
5486726
5486731
5486740
5486745
5486753
5486781
5486782
5486790
5486798
5486816
5486818
5486819
5486830
5486837
5486849
5486861
5486868
5486869
5486871
5486874
5486875
5486881
5486916
5486934
5486948
5486949
5486974
5486983
5486989
5487015
5487024
5487043
5487044
5487046
5487047
5487050
5487057
5487063
5487082
5487097
5487104
5487114
5487131
5487133
5487146
5487172
5487183
5487196
5487202
5487207
5487221
5487227
5487239
5487241
5487245
5487284
5487293
5487299
5487301
5487312
5487313
5487318
5487321
5487331
5487332
5487338
5487352
5487359
5487360
5487371
5487378
5487387
5487406
5487413
5487416
5487424
5487427
5487430
5487432
5487438
5487440
5487450
5487459
5487464
5487466
5487471
5487474
5487475
5487479
5487516
5487522
5487523
5487537
5487545
5487549
5487564
5487580
5487597
5487601
5487620
5487632
5487636
5487645
5487654
5487662
5487676
5487678
5487694
5487696
5487704
5487707
5487728
5487752
5487756
5487766
5487780
5487796
5487801
5487805
5487807
5487809
5487814
5487816
5487818
5487820
5487856
5487868
5487873
5487890
5487906
5487908
5487911
5487920
5487926
5487927
5487929
5487983
5487997
5488004
5488006
5488007
5488011
5488016
5488020
5488053
5488054
5488077
5488082
5488086
5488099
5488101
5488102
5488114
5488123
5488134
5488138
5488145
5488160
5488162
5488192
5488196
5488201
5488218
5488229
5488240
5488243
5488244
5488257
5488266
5488267
5488286
5488292
5488296
5488303
5488307
5488313
5488315
5488327
5488350
5488361
5488365
5488378
5488385
5488403
5488411
5488418
5488425
5488429
5488461
5488465
5488479
5488480
5488489
5488495
5488498
5488515
5488522
5488552
5488555
5488597
5488617
5488623
5488626
5488628
5488631
5488634
5488643
5488644
5488646
5488650
5488658
5488682
5488684
5488711
5488713
5488718
5488723
5488728
5488729
5488733
5488738
5488742
5488748
5488749
5488750
5488760
5488761
5488766
5488776
5488786
5488799
5488822
5488824
5488831
5488845
5488848
5488849
5488859
5488885
5488892
5488903
5488905
5488912
5488914
5488922
5488941
5488943
5488962
5488975
5488982
5488988
5488999
5489014
5489027
5489033
5489034
5489049
5489054
5489087
5489100
5489117
5489130
5489139
5489151
5489156
5489159
5489162
5489180
5489191
5489203
5489213
5489221
5489242
5489248
5489257
5489263
5489268
5489269
5489275
5489281
5489282
5489314
5489319
5489320
5489322
5489338
5489339
5489346
5489352
5489363
5489376
5489379
5489380
5489384
5489389
5489407
5489414
5489415
5489416
5489440
5489442
5489444
5489455
5489457
5489464
5489468
5489479
5489487
5489496
5489502
5489511
5489519
5489528
5489532
5489534
5489540
5489547
5489554
5489557
5489564
5489570
5489584
5489593
5489605
5489615
5489618
5489620
5489630
5489632
5489635
5489640
5489661
5489691
5489693
5489700
5489701
5489703
5489709
5489711
5489714
5489716
5489722
5489724
5489736
5489752
5489761
5489780
5489781
5489788
5489803
5489809
5489810
5489816
5489820
5489823
5489831
5489842
5489843
5489852
5489854
5489855
5489870
5489885
5489894
5489902
5489917
5489922
5489938
5489942
5489955
5489974
5489980
5490003
5490005
5490007
5490009
5490014
5490016
5490020
5490022
5490026
5490034
5490038
5490042
5490055
5490057
5490073
5490082
5490083
5490090
5490102
5490104
5490105
5490116
5490124
5490132
5490136
5490143
5490144
5490149
5490165
5490169
5490173
5490208
5490212
5490216
5490226
5490228
5490235
5490246
5490248
5490259
5490261
5490272
5490274
5490291
5490295
5490297
5490306
5490309
5490315
5490321
5490338
5490343
5490353
5490362
5490382
5490384
5490389
5490416
5490439
5490448
5490452
5490455
5490462
5490484
5490488
5490500
5490506
5490510
5490519
5490534
5490535
5490545
5490549
5490552
5490569
5490581
5490595
5490597
5490606
5490608
5490615
5490620
5490626
5490661
5490715
5490734
5490743
5490747
5490757
5490763
5490776
5490777
5490781
5490787
5490796
5490803
5490806
5490818
5490836
5490843
5490848
5490856
5490861
5490878
5490894
5490897
5490900
5490901
5490903
5490906
5490942
5490947
5490948
5490958
5490962
5490964
5490975
5490976
5490994
5491000
5491007
5491015
5491020
5491029
5491035
5491039
5491044
5491052
5491057
5491059
5491071
5491081
5491082
5491133
5491160
5491165
5491168
5491172
5491180
5491183
5491196
5491208
5491211
5491215
5491222
5491253
5491266
5491267
5491294
5491297
5491327
5491355
5491380
5491435
5491436
5491440
5491445
5491480
5491490
5491496
5491513
5491514
5491522
5491524
5491532
5491538
5491544
5491566
5491569
5491579
5491582
5491598
5491622
5491626
5491628
5491641
5491653
5491664
5491667
5491679
5491690
5491696
5491702
5491729
5491731
5491737
5491742
5491748
5491761
5491768
5491794
5491806
5491813
5491815
5491820
5491825
5491845
5491875
5491880
5491883
5491884
5491891
5491899
5491901
5491911
5491912
5491913
5491922
5491931
5491955
5491966
5491974
5491975
5491976
5491987
5492011
5492015
5492073
5492075
5492089
5492093
5492116
5492127
5492131
5492145
5492152
5492155
5492171
5492180
5492186
5492244
5492252
5492257
5492258
5492273
5492276
5492283
5492290
5492298
5492300
5492306
5492308
5492312
5492318
5492319
5492348
5492369
5492372
5492383
5492388
5492409
5492410
5492416
5492420
5492421
5492427
5492430
5492451
5492459
5492469
5492478
5492490
5492498
5492510
5492521
5492522
5492524
5492528
5492536
5492560
5492561
5492580
5492601
5492603
5492608
5492609
5492611
5492613
5492617
5492618
5492624
5492626
5492627
5492630
5492637
5492659
5492660
5492671
5492673
5492700
5492715
5492725
5492738
5492739
5492745
5492747
5492748
5492753
5492776
5492796
5492804
5492818
5492838
5492839
5492855
5492858
5492864
5492865
5492900
5492906
5492911
5492915
5492919
5492920
5492922
5492925
5492926
5492930
5492936
5492937
5492944
5492948
5492950
5492961
5492969
5492977
5493025
5493032
5493033
5493044
5493048
5493051
5493055
5493056
5493064
5493073
5493079
5493092
5493096
5493103
5493120
5493129
5493159
5493161
5493162
5493175
5493190
5493192
5493194
5493209
5493212
5493231
5493239
5493240
5493244
5493249
5493267
5493273
5493277
5493281
5493289
5493294
5493296
5493307
5493325
5493334
5493339
5493344
5493345
5493358
5493364
5493384
5493388
5493399
5493410
5493417
5493420
5493434
5493443
5493454
5493462
5493466
5493475
5493478
5493495
5493504
5493510
5493529
5493560
5493565
5493569
5493573
5493576
5493580
5493600
5493611
5493614
5493626
5493636
5493637
5493642
5493647
5493656
5493668
5493672
5493687
5493690
5493714
5493718
5493721
5493729
5493735
5493759
5493766
5493787
5493789
5493793
5493794
5493814
5493815
5493817
5493825
5493828
5493832
5493840
5493850
5493857
5493867
5493880
5493884
5493894
5493901
5493913
5493919
5493930
5493934
5493947
5493954
5493955
5493957
5493968
5493979
5493998
5494006
5494008
5494028
5494030
5494042
5494050
5494053
5494063
5494066
5494073
5494074
5494089
5494098
5494100
5494101
5494109
5494120
5494133
5494137
5494140
5494173
5494196
5494217
5494228
5494238
5494253
5494257
5494270
5494272
5494273
5494276
5494277
5494279
5494298
5494301
5494305
5494317
5494322
5494334
5494335
5494337
5494338
5494345
5494353
5494354
5494361
5494362
5494384
5494393
5494395
5494410
5494416
5494450
5494458
5494465
5494469
5494490
5494503
5494507
5494530
5494531
5494534
5494540
5494549
5494555
5494559
5494565
5494577
5494583
5494606
5494607
5494624
5494635
5494654
5494673
5494675
5494684
5494709
5494711
5494714
5494722
5494743
5494752
5494766
5494772
5494776
5494778
5494786
5494792
5494797
5494802
5494812
5494817
5494823
5494828
5494841
5494843
5494850
5494866
5494881
5494892
5494899
5494919
5494920
5494933
5494950
5494953
5494958
5494972
5494984
5495009
5495018
5495020
5495023
5495027
5495056
5495068
5495074
5495079
5495085
5495086
5495092
5495093
5495099
5495100
5495114
5495115
5495116
5495138
5495146
5495150
5495153
5495164
5495168
5495171
5495177
5495178
5495189
5495213
5495218
5495223
5495228
5495235
5495243
5495245
5495255
5495258
5495269
5495283
5495315
5495324
5495329
5495332
5495336
5495345
5495346
5495347
5495362
5495368
5495395
5495401
5495410
5495411
5495418
5495422
5495428
5495431
5495441
5495451
5495452
5495456
5495462
5495465
5495468
5495476
5495482
5495493
5495496
5495498
5495511
5495518
5495524
5495530
5495532
5495564
5495576
5495577
5495590
5495594
5495598
5495634
5495646
5495654
5495655
5495661
5495675
5495689
5495720
5495725
5495732
5495741
5495757
5495777
5495785
5495788
5495794
5495795
5495812
5495816
5495821
5495824
5495837
5495848
5495872
5495882
5495896
5495911
5495945
5495953
5495960
5495962
5495983
5495990
5496010
5496022
5496024
5496034
5496039
5496043
5496075
5496078
5496085
5496116
5496123
5496137
5496161
5496168
5496172
5496177
5496202
5496203
5496204
5496216
5496231
5496234
5496238
5496262
5496285
5496286
5496295
5496301
5496305
5496307
5496314
5496319
5496333
5496343
5496349
5496354
5496360
5496363
5496377
5496378
5496395
5496398
5496399
5496401
5496411
5496412
5496448
5496453
5496460
5496473
5496499
5496504
5496565
5496572
5496587
5496588
5496597
5496608
5496630
5496647
5496651
5496654
5496658
5496664
5496693
5496708
5496710
5496712
5496733
5496740
5496746
5496748
5496768
5496774
5496777
5496779
5496786
5496797
5496813
5496818
5496825
5496832
5496834
5496837
5496838
5496845
5496856
5496877
5496907
5496922
5496926
5496947
5496957
5496967
5496971
5496973
5496981
5496992
5497000
5497005
5497034
5497050
5497054
5497060
5497071
5497080
5497089
5497098
5497117
5497130
5497165
5497167
5497172
5497177
5497182
5497197
5497200
5497202
5497213
5497227
5497234
5497247
5497250
5497267
5497269
5497270
5497274
5497275
5497294
5497298
5497321
5497322
5497331
5497347
5497352
5497372
5497401
5497409
5497418
5497423
5497438
5497446
5497449
5497451
5497458
5497469
5497474
5497489
5497491
5497497
5497498
5497503
5497504
5497520
5497526
5497546
5497548
5497560
5497561
5497568
5497569
5497578
5497582
5497598
5497624
5497627
5497631
5497632
5497638
5497639
5497656
5497657
5497660
5497681
5497715
5497723
5497729
5497741
5497750
5497753
5497761
5497772
5497802
5497840
5497871
5497899
5497901
5497903
5497907
5497912
5497916
5497919
5497924
5497926
5497929
5497931
5497940
5497968
5497973
5497998
5498020
5498061
5498062
5498070
5498112
5498138
5498152
5498159
5498163
5498168
5498169
5498183
5498222
5498236
5498242
5498253
5498258
5498270
5498273
5498295
5498307
5498312
5498319
5498325
5498329
5498333
5498346
5498350
5498358
5498359
5498375
5498380
5498382
5498393
5498396
5498399
5498428
5498429
5498442
5498448
5498454
5498493
5498496
5498501
5498508
5498527
5498534
5498537
5498543
5498545
5498554
5498573
5498575
5498587
5498599
5498602
5498604
5498606
5498615
5498629
5498632
5498634
5498641
5498645
5498646
5498659
5498664
5498665
5498678
5498688
5498711
5498723
5498744
5498757
5498760
5498771
5498776
5498782
5498783
5498790
5498797
5498799
5498803
5498807
5498813
5498816
5498822
5498824
5498833
5498853
5498862
5498891
5498905
5498907
5498911
5498919
5498920
5498931
5498938
5498939
5498945
5498947
5498954
5498969
5498971
5498979
5498980
5498983
5498984
5498991
5498996
5499021
5499028
5499033
5499035
5499037
5499065
5499067
5499068
5499071
5499086
5499104
5499105
5499108
5499123
5499153
5499165
5499166
5499178
5499183
5499187
5499193
5499207
5499208
5499224
5499233
5499236
5499237
5499245
5499249
5499250
5499251
5499252
5499260
5499274
5499275
5499286
5499300
5499319
5499324
5499335
5499342
5499353
5499354
5499356
5499358
5499381
5499382
5499402
5499407
5499409
5499412
5499424
5499430
5499436
5499439
5499446
5499465
5499467
5499476
5499479
5499481
5499488
5499508
5499512
5499513
5499521
5499527
5499547
5499549
5499562
5499584
5499612
5499614
5499615
5499648
5499653
5499655
5499667
5499669
5499675
5499677
5499684
5499690
5499692
5499694
5499702
5499705
5499715
5499726
5499737
5499744
5499766
5499769
5499775
5499779
5499781
5499785
5499789
5499792
5499802
5499811
5499813
5499815
5499840
5499850
5499866
5499871
5499882
5499884
5499895
5499924
5499926
5499929
5499931
5499944
5499946
5499948
5499950
5499951
5499957
5499973
5499994
5499999
5500004
5500017
5500021
5500024
5500035
5500040
5500062
5500063
5500070
5500073
5500082
5500100
5500122
5500123
5500131
5500135
5500147
5500149
5500154
5500158
5500179
5500190
5500201
5500202
5500203
5500204
5500219
5500230
5500240
5500245
5500255
5500257
5500266
5500287
5500299
5500302
5500309
5500314
5500317
5500331
5500332
5500333
5500348
5500355
5500365
5500394
5500398
5500401
5500413
5500421
5500422
5500436
5500453
5500457
5500466
5500468
5500469
5500482
5500483
5500498
5500511
5500520
5500521
5500539
5500552
5500563
5500567
5500606
5500622
5500627
5500677
5500678
5500689
5500717
5500726
5500733
5500735
5500746
5500760
5500762
5500780
5500784
5500793
5500807
5500820
5500821
5500830
5500832
5500834
5500843
5500847
5500850
5500861
5500868
5500871
5500884
5500893
5500917
5500931
5500954
5500971
5500977
5500982
5500997
5500999
5501001
5501012
5501015
5501018
5501021
5501033
5501035
5501038
5501042
5501048
5501050
5501052
5501054
5501096
5501097
5501139
5501141
5501164
5501166
5501174
5501179
5501204
5501208
5501217
5501234
5501243
5501249
5501250
5501261
5501263
5501283
5501287
5501294
5501297
5501299
5501308
5501318
5501320
5501342
5501344
5501361
5501373
5501376
5501392
5501394
5501402
5501416
5501418
5501428
5501438
5501451
5501465
5501475
5501482
5501492
5501493
5501529
5501537
5501545
5501555
5501556
5501564
5501570
5501584
5501588
5501597
5501602
5501618
5501628
5501629
5501642
5501644
5501647
5501652
5501666
5501671
5501682
5501683
5501684
5501714
5501722
5501746
5501753
5501757
5501759
5501763
5501778
5501782
5501788
5501796
5501799
5501804
5501817
5501831
5501834
5501850
5501862
5501867
5501893
5501894
5501901
5501903
5501918
5501951
5501957
5501965
5501970
5501974
5501977
5502011
5502027
5502030
5502033
5502038
5502054
5502055
5502058
5502059
5502073
5502074
5502083
5502089
5502123
5502127
5502134
5502160
5502186
5502196
5502207
5502208
5502218
5502231
5502236
5502242
5502244
5502246
5502251
5502257
5502260
5502269
5502275
5502303
5502309
5502331
5502340
5502352
5502360
5502365
5502366
5502368
5502376
5502382
5502401
5502403
5502405
5502419
5502434
5502443
5502453
5502459
5502464
5502473
5502482
5502511
5502515
5502528
5502529
5502552
5502553
5502563
5502581
5502585
5502588
5502589
5502597
5502607
5502617
5502621
5502624
5502626
5502636
5502639
5502709
5502713
5502715
5502729
5502743
5502758
5502761
5502764
5502769
5502770
5502772
5502778
5502779
5502787
5502806
5502824
5502832
5502844
5502845
5502850
5502861
5502868
5502880
5502889
5502902
5502917
5502939
5502944
5502949
5502956
5502963
5502978
5502985
5503003
5503004
5503005
5503007
5503015
5503018
5503024
5503030
5503031
5503069
5503072
5503087
5503091
5503102
5503106
5503109
5503113
5503116
5503124
5503140
5503142
5503143
5503162
5503164
5503167
5503168
5503171
5503182
5503184
5503211
5503219
5503221
5503222
5503224
5503225
5503232
5503234
5503236
5503243
5503249
5503257
5503259
5503275
5503290
5503304
5503331
5503337
5503356
5503397
5503399
5503400
5503409
5503410
5503431
5503444
5503468
5503477
5503479
5503495
5503501
5503505
5503506
5503513
5503525
5503538
5503545
5503549
5503555
5503565
5503572
5503594
5503596
5503608
5503610
5503626
5503631
5503651
5503669
5503670
5503681
5503683
5503690
5503699
5503701
5503724
5503726
5503729
5503737
5503744
5503748
5503757
5503768
5503778
5503786
5503793
5503800
5503822
5503829
5503835
5503850
5503851
5503853
5503863
5503870
5503875
5503876
5503877
5503883
5503888
5503903
5503926
5503932
5503935
5503943
5503945
5503947
5503963
5503967
5503991
5504005
5504015
5504026
5504027
5504032
5504035
5504041
5504045
5504047
5504058
5504062
5504063
5504078
5504094
5504102
5504104
5504105
5504106
5504114
5504122
5504156
5504157
5504160
5504164
5504175
5504176
5504186
5504188
5504189
5504202
5504213
5504237
5504243
5504251
5504256
5504259
5504265
5504268
5504278
5504281
5504290
5504297
5504300
5504304
5504316
5504318
5504335
5504340
5504350
5504351
5504365
5504370
5504384
5504420
5504427
5504434
5504435
5504443
5504453
5504472
5504485
5504497
5504511
5504519
5504520
5504544
5504552
5504556
5504558
5504564
5504569
5504585
5504598
5504603
5504626
5504632
5504634
5504641
5504645
5504655
5504668
5504688
5504704
5504743
5504753
5504755
5504770
5504780
5504783
5504788
5504813
5504818
5504822
5504843
5504855
5504863
5504867
5504868
5504876
5504911
5504924
5504928
5504943
5504947
5504951
5504965
5504975
5504995
5504998
5505010
5505023
5505027
5505032
5505033
5505037
5505070
5505080
5505083
5505100
5505104
5505106
5505142
5505147
5505149
5505165
5505169
5505174
5505176
5505186
5505199
5505203
5505207
5505218
5505260
5505262
5505264
5505281
5505285
5505286
5505294
5505309
5505311
5505325
5505332
5505334
5505345
5505361
5505369
5505373
5505375
5505410
5505411
5505431
5505443
5505455
5505458
5505477
5505484
5505488
5505516
5505538
5505545
5505551
5505561
5505574
5505586
5505590
5505591
5505593
5505605
5505625
5505630
5505633
5505649
5505656
5505661
5505662
5505668
5505680
5505688
5505697
5505703
5505713
5505735
5505739
5505745
5505753
5505761
5505763
5505771
5505793
5505795
5505803
5505805
5505823
5505856
5505857
5505861
5505870
5505874
5505894
5505897
5505920
5505925
5505931
5505967
5505970
5505998
5506013
5506031
5506033
5506053
5506054
5506055
5506058
5506070
5506071
5506093
5506109
5506112
5506149
5506150
5506160
5506194
5506195
5506210
5506228
5506232
5506254
5506277
5506291
5506301
5506302
5506312
5506316
5506335
5506356
5506363
5506366
5506410
5506417
5506422
5506427
5506437
5506475
5506477
5506500
5506507
5506513
5506516
5506519
5506520
5506548
5506551
5506576
5506578
5506579
5506585
5506590
5506604
5506613
5506624
5506628
5506637
5506658
5506667
5506669
5506697
5506709
5506718
5506721
5506725
5506742
5506745
5506759
5506775
5506779
5506781
5506786
5506793
5506795
5506806
5506814
5506815
5506821
5506837
5506839
5506874
5506879
5506882
5506893
5506903
5506918
5506919
5506925
5506927
5506928
5506932
5506947
5506950
5506952
5506966
5506977
5506982
5506984
5506987
5506993
5507029
5507035
5507042
5507052
5507055
5507069
5507074
5507083
5507085
5507094
5507099
5507104
5507116
5507127
5507129
5507134
5507139
5507146
5507147
5507152
5507154
5507160
5507162
5507171
5507182
5507199
5507203
5507204
5507238
5507240
5507259
5507260
5507273
5507289
5507299
5507306
5507307
5507309
5507316
5507320
5507326
5507332
5507333
5507342
5507348
5507355
5507379
5507388
5507400
5507424
5507431
5507433
5507439
5507453
5507480
5507494
5507499
5507504
5507506
5507514
5507518
5507527
5507540
5507560
5507576
5507578
5507583
5507584
5507590
5507599
5507606
5507607
5507613
5507630
5507631
5507646
5507647
5507674
5507676
5507680
5507691
5507722
5507733
5507754
5507755
5507758
5507760
5507762
5507771
5507775
5507781
5507791
5507806
5507823
5507829
5507835
5507837
5507839
5507840
5507865
5507869
5507870
5507878
5507884
5507886
5507897
5507899
5507903
5507905
5507907
5507910
5507924
5507925
5507943
5507963
5507971
5507975
5507979
5507994
5507997
5508002
5508011
5508013
5508014
5508033
5508039
5508052
5508057
5508065
5508086
5508118
5508124
5508127
5508138
5508139
5508146
5508155
5508186
5508187
5508194
5508197
5508205
5508222
5508232
5508235
5508236
5508243
5508250
5508262
5508266
5508278
5508288
5508290
5508298
5508304
5508306
5508307
5508310
5508318
5508329
5508332
5508335
5508336
5508339
5508362
5508363
5508392
5508416
5508455
5508465
5508472
5508473
5508488
5508491
5508492
5508503
5508511
5508516
5508529
5508532
5508542
5508545
5508549
5508558
5508591
5508594
5508598
5508614
5508625
5508629
5508636
5508640
5508644
5508664
5508676
5508690
5508693
5508705
5508717
5508722
5508750
5508757
5508771
5508773
5508775
5508778
5508779
5508790
5508798
5508799
5508804
5508805
5508806
5508810
5508820
5508823
5508825
5508830
5508832
5508836
5508837
5508868
5508886
5508897
5508905
5508914
5508920
5508923
5508944
5508954
5508963
5508964
5508967
5509006
5509007
5509011
5509029
5509030
5509049
5509059
5509068
5509084
5509091
5509109
5509122
5509125
5509140
5509141
5509143
5509147
5509153
5509168
5509173
5509179
5509182
5509213
5509252
5509255
5509274
5509280
5509285
5509287
5509299
5509304
5509306
5509308
5509310
5509317
5509322
5509324
5509325
5509330
5509332
5509341
5509342
5509344
5509356
5509360
5509371
5509378
5509384
5509387
5509394
5509396
5509406
5509408
5509409
5509424
5509425
5509449
5509454
5509490
5509499
5509525
5509543
5509568
5509573
5509576
5509582
5509584
5509589
5509604
5509624
5509633
5509643
5509648
5509656
5509658
5509663
5509670
5509673
5509675
5509696
5509699
5509703
5509707
5509718
5509759
5509769
5509773
5509781
5509791
5509800
5509806
5509809
5509814
5509821
5509832
5509841
5509850
5509852
5509882
5509884
5509888
5509889
5509909
5509915
5509917
5509959
5509960
5509966
5509969
5509974
5509980
5509985
5509995
5509998
5510019
5510026
5510031
5510033
5510054
5510057
5510073
5510092
5510098
5510108
5510121
5510122
5510125
5510147
5510150
5510206
5510219
5510220
5510248
5510250
5510255
5510265
5510276
5510295
5510297
5510306
5510312
5510327
5510334
5510349
5510353
5510358
5510369
5510375
5510380
5510384
5510396
5510401
5510431
5510440
5510444
5510464
5510467
5510469
5510503
5510514
5510520
5510529
5510556
5510557
5510561
5510574
5510578
5510589
5510594
5510602
5510605
5510613
5510616
5510631
5510632
5510641
5510644
5510655
5510662
5510668
5510678
5510684
5510685
5510687
5510689
5510713
5510715
5510740
5510750
5510757
5510761
5510777
5510790
5510799
5510804
5510813
5510815
5510828
5510837
5510844
5510845
5510848
5510852
5510853
5510862
5510864
5510890
5510902
5510916
5510917
5510922
5510930
5510936
5510940
5510967
5510992
5510993
5511004
5511005
5511011
5511026
5511027
5511030
5511036
5511044
5511066
5511084
5511089
5511104
5511123
5511136
5511139
5511141
5511146
5511168
5511172
5511175
5511178
5511179
5511206
5511210
5511281
5511283
5511284
5511285
5511292
5511301
5511340
5511342
5511370
5511377
5511383
5511390
5511397
5511402
5511406
5511409
5511416
5511421
5511429
5511438
5511442
5511464
5511467
5511493
5511502
5511504
5511522
5511529
5511543
5511544
5511545
5511549
5511559
5511573
5511587
5511630
5511662
5511679
5511684
5511689
5511700
5511713
5511723
5511725
5511732
5511736
5511742
5511744
5511747
5511749
5511752
5511768
5511770
5511777
5511778
5511781
5511822
5511830
5511831
5511846
5511848
5511849
5511852
5511869
5511884
5511910
5511911
5511921
5511927
5511933
5511936
5511938
5511994
5512004
5512028
5512041
5512047
5512077
5512096
5512098
5512101
5512110
5512116
5512139
5512145
5512149
5512151
5512153
5512183
5512216
5512221
5512234
5512244
5512253
5512257
5512263
5512277
5512278
5512290
5512291
5512298
5512301
5512319
5512326
5512328
5512335
5512345
5512346
5512370
5512377
5512384
5512401
5512404
5512417
5512421
5512431
5512433
5512452
5512454
5512461
5512471
5512479
5512481
5512496
5512501
5512521
5512522
5512525
5512530
5512536
5512549
5512553
5512555
5512566
5512570
5512572
5512601
5512617
5512621
5512633
5512635
5512641
5512676
5512680
5512687
5512691
5512695
5512708
5512722
5512729
5512737
5512739
5512760
5512765
5512784
5512800
5512806
5512825
5512835
5512839
5512857
5512863
5512867
5512869
5512877
5512881
5512889
5512899
5512906
5512924
5512929
5512930
5512967
5512970
5512986
5512994
5512998
5513017
5513023
5513031
5513042
5513048
5513070
5513082
5513090
5513103
5513104
5513123
5513129
5513132
5513140
5513159
5513162
5513176
5513189
5513192
5513193
5513198
5513202
5513219
5513236
5513242
5513246
5513252
5513255
5513262
5513264
5513282
5513283
5513320
5513325
5513342
5513354
5513376
5513383
5513386
5513393
5513398
5513402
5513406
5513421
5513451
5513486
5513509
5513515
5513517
5513536
5513539
5513547
5513548
5513552
5513564
5513571
5513580
5513583
5513584
5513590
5513603
5513604
5513605
5513617
5513620
5513633
5513642
5513645
5513660
5513674
5513676
5513677
5513686
5513702
5513705
5513715
5513733
5513737
5513743
5513746
5513748
5513760
5513766
5513768
5513799
5513812
5513813
5513835
5513839
5513848
5513854
5513859
5513861
5513870
5513873
5513889
5513898
5513925
5513939
5513946
5513956
5513959
5513961
5513966
5513971
5513972
5513985
5513991
5514007
5514009
5514010
5514065
5514068
5514077
5514084
5514096
5514097
5514108
5514135
5514140
5514147
5514153
5514155
5514168
5514171
5514182
5514214
5514225
5514232
5514238
5514241
5514260
5514261
5514272
5514284
5514309
5514310
5514318
5514322
5514329
5514330
5514336
5514349
5514352
5514357
5514376
5514393
5514397
5514401
5514404
5514409
5514410
5514430
5514444
5514447
5514455
5514469
5514474
5514477
5514485
5514488
5514516
5514535
5514539
5514546
5514563
5514571
5514576
5514578
5514583
5514586
5514587
5514594
5514606
5514614
5514631
5514645
5514673
5514681
5514703
5514733
5514758
5514760
5514767
5514768
5514783
5514795
5514810
5514827
5514836
5514840
5514847
5514850
5514868
5514873
5514878
5514884
5514898
5514917
5514918
5514919
5514920
5514925
5514928
5514938
5514952
5514963
5514968
5514980
5514981
5514985
5515004
5515017
5515019
5515022
5515027
5515044
5515050
5515056
5515096
5515109
5515120
5515129
5515130
5515148
5515153
5515159
5515169
5515178
5515188
5515191
5515192
5515201
5515203
5515220
5515233
5515245
5515252
5515258
5515261
5515279
5515286
5515292
5515306
5515313
5515314
5515317
5515322
5515327
5515332
5515344
5515357
5515373
5515377
5515385
5515391
5515402
5515406
5515410
5515413
5515428
5515433
5515461
5515465
5515473
5515480
5515483
5515499
5515500
5515501
5515509
5515516
5515526
5515529
5515535
5515546
5515547
5515548
5515556
5515570
5515613
5515615
5515619
5515631
5515633
5515635
5515650
5515669
5515671
5515678
5515679
5515699
5515709
5515710
5515732
5515734
5515741
5515750
5515763
5515768
5515772
5515779
5515789
5515808
5515847
5515862
5515863
5515865
5515866
5515870
5515898
5515908
5515912
5515921
5515923
5515932
5515936
5515938
5515949
5515959
5515965
5515973
5515981
5515991
5515993
5516000
5516001
5516008
5516019
5516020
5516026
5516027
5516031
5516056
5516061
5516062
5516072
5516076
5516087
5516089
5516094
5516100
5516105
5516112
5516118
5516123
5516125
5516127
5516130
5516132
5516142
5516175
5516178
5516181
5516183
5516197
5516198
5516202
5516203
5516230
5516244
5516248
5516271
5516275
5516281
5516294
5516297
5516307
5516310
5516319
5516330
5516338
5516343
5516373
5516376
5516383
5516385
5516392
5516401
5516404
5516409
5516423
5516427
5516445
5516454
5516472
5516506
5516517
5516524
5516533
5516539
5516544
5516559
5516577
5516579
5516583
5516616
5516624
5516629
5516648
5516655
5516661
5516665
5516681
5516711
5516712
5516726
5516742
5516752
5516759
5516792
5516796
5516826
5516838
5516854
5516864
5516870
5516881
5516883
5516893
5516900
5516926
5516934
5516939
5516948
5516958
5516963
5516966
5516967
5516985
5516997
5517000
5517002
5517005
5517012
5517015
5517038
5517051
5517054
5517057
5517071
5517078
5517086
5517092
5517093
5517101
5517106
5517112
5517130
5517150
5517160
5517182
5517190
5517194
5517203
5517205
5517217
5517220
5517233
5517250
5517255
5517256
5517262
5517264
5517276
5517289
5517292
5517294
5517315
5517320
5517337
5517342
5517343
5517366
5517369
5517381
5517388
5517392
5517401
5517408
5517425
5517428
5517429
5517435
5517438
5517457
5517460
5517462
5517463
5517465
5517469
5517481
5517482
5517503
5517508
5517518
5517520
5517522
5517523
5517527
5517531
5517548
5517579
5517591
5517596
5517609
5517629
5517634
5517652
5517653
5517655
5517666
5517674
5517690
5517694
5517697
5517735
5517744
5517749
5517756
5517763
5517782
5517796
5517834
5517859
5517868
5517884
5517895
5517901
5517908
5517915
5517959
5517961
5517963
5517974
5517997
5518010
5518011
5518016
5518018
5518019
5518020
5518022
5518026
5518031
5518034
5518038
5518039
5518048
5518072
5518080
5518091
5518093
5518124
5518129
5518135
5518149
5518171
5518176
5518179
5518206
5518214
5518221
5518222
5518240
5518246
5518249
5518257
5518267
5518286
5518294
5518303
5518307
5518327
5518335
5518366
5518378
5518425
5518430
5518444
5518450
5518458
5518461
5518464
5518486
5518490
5518516
5518525
5518538
5518541
5518545
5518548
5518557
5518572
5518575
5518576
5518604
5518607
5518656
5518657
5518678
5518685
5518706
5518710
5518717
5518732
5518736
5518741
5518763
5518766
5518772
5518776
5518786
5518788
5518805
5518808
5518810
5518829
5518834
5518837
5518838
5518840
5518848
5518858
5518913
5518922
5518930
5518935
5518938
5520672
5520677
5520686
5522218
5522221
5522228
5522234
5522245
5522253
5522263
5522270
5522280
5522285
5522288
5524468
5524478
5524483
5524494
5524496
5524508
5524515
5524528
5524541
5524544
5524548
5524569
5524572
5524611
5524619
5524625
5524627
5524628
5524629
5524642
5524658
5524664
5524670
5524677
5524682
5524698
5524720
5524725
5524734
5524737
5524765
5524769
5524770
5524773
5524813
5524818
5524826
5524831
5524845
5524865
5524867
5524873
5524881
5524890
5524892
5524900
5524908
5524909
5524926
5524940
5524944
5524948
5524953
5524967
5524977
5524995
5524996
5525004
5525015
5525020
5525024
5525026
5525035
5525064
5525090
5525097
5525126
5525134
5525137
5525143
5525151
5525164
5525177
5525178
5525179
5525183
5525185
5525192
5525194
5525199
5525200
5525216
5525219
5525220
5525225
5525229
5525244
5525249
5525264
5525267
5525275
5525278
5525308
5525322
5525323
5525330
5525336
5525342
5525348
5525350
5525358
5525366
5525394
5525397
5525413
5525425
5525430
5525431
5525436
5525454
5525455
5525464
5525476
5525492
5525493
5525498
5525505
5525506
5525534
5525540
5525544
5525575
5525587
5525611
5525619
5525620
5525628
5525632
5525640
5525657
5525666
5525673
5525691
5525702
5525716
5525717
5525719
5525731
5525736
5525738
5525743
5525753
5525754
5525762
5525763
5525777
5525791
5525810
5525814
5525815
5525825
5525838
5525840
5525859
5525877
5525887
5525893
5525895
5525900
5525905
5525907
5525921
5525932
5525937
5525941
5525948
5525959
5525970
5525983
5525989
5525990
5525996
5526006
5526009
5526020
5526021
5526029
5526043
5526058
5526075
5526076
5526096
5526114
5526121
5526124
5526133
5526135
5526154
5526155
5526158
5526172
5526181
5526183
5526200
5526214
5526215
5526217
5526221
5526226
5526228
5526235
5526242
5526248
5526257
5526263
5526280
5526283
5526301
5526322
5526332
5526354
5526366
5526386
5526392
5526411
5526412
5526417
5526429
5526443
5526479
5526480
5526498
5526515
5526519
5526520
5526533
5526538
5526544
5526574
5526587
5526598
5526600
5526613
5526614
5526620
5526640
5526647
5526654
5526657
5526660
5526670
5526677
5526695
5526724
5526730
5526749
5526755
5526758
5526765
5526767
5526771
5526781
5526782
5526783
5526802
5526814
5526818
5526820
5526821
5526828
5526836
5526837
5526842
5526848
5526853
5526863
5526864
5526885
5526891
5526897
5526907
5526925
5526929
5526934
5526944
5526945
5526949
5526959
5526960
5527005
5527034
5527055
5527056
5527060
5527062
5527065
5527066
5527072
5527102
5527103
5527116
5527119
5527127
5527141
5527145
5527146
5527171
5527181
5527192
5527194
5527198
5527199
5527211
5527222
5527223
5527224
5527228
5527238
5527247
5527249
5527251
5527266
5527290
5527311
5527312
5527314
5527333
5527338
5527340
5527345
5527351
5527368
5527370
5527380
5527394
5527402
5527415
5527424
5527426
5527463
5527486
5527500
5527535
5527540
5527563
5527566
5527567
5527577
5527591
5527608
5527615
5527625
5527631
5527632
5527638
5527640
5527648
5527650
5527658
5527659
5527663
5527672
5527676
5527678
5527687
5527704
5527711
5527714
5527729
5527730
5527741
5527759
5527764
5527776
5527792
5527803
5527808
5527809
5527813
5527823
5527841
5527844
5527859
5527870
5527873
5527879
5527890
5527909
5527927
5527928
5527930
5527937
5527946
5527947
5527948
5527957
5527963
5527964
5527972
5527973
5527976
5527977
5528003
5528015
5528019
5528022
5528023
5528025
5528030
5528036
5528048
5528094
5528102
5528113
5528120
5528129
5528139
5528144
5528151
5528158
5528162
5528180
5528203
5528225
5528226
5528228
5528242
5528248
5528252
5528279
5528280
5528281
5528289
5528292
5528295
5528314
5528327
5528335
5528346
5528350
5528351
5528362
5528375
5528382
5528399
5528403
5528411
5528427
5528428
5528432
5528433
5528437
5528443
5528447
5528488
5528501
5528504
5528512
5528525
5528529
5528533
5528534
5528536
5528567
5528599
5528604
5528615
5528617
5528622
5528627
5528642
5528654
5528655
5528656
5528660
5528670
5528672
5528673
5528678
5528682
5528697
5528698
5528711
5528713
5528719
5528734
5528752
5528754
5528758
5528763
5528764
5528766
5528784
5528787
5528791
5528798
5528816
5528830
5528833
5528841
5528868
5528872
5528873
5528892
5528893
5528906
5528909
5528912
5528927
5528937
5528941
5528955
5528956
5528976
5528997
5528999
5529003
5529011
5529037
5529042
5529045
5529046
5529061
5529094
5529097
5529105
5529109
5529113
5529139
5529152
5529166
5529173
5529208
5529211
5529213
5529232
5529263
5529268
5529275
5529281
5529303
5529311
5529323
5529336
5529339
5529343
5529346
5529365
5529376
5529405
5529412
5529420
5529422
5529423
5529430
5529432
5529435
5529450
5529466
5529477
5529486
5529500
5529503
5529524
5529542
5529543
5529564
5529567
5529584
5529591
5529593
5529603
5529612
5529617
5529622
5529647
5529648
5529649
5529654
5529656
5529661
5529673
5529681
5529683
5529684
5529692
5529699
5529703
5529704
5529716
5529721
5529741
5529763
5529772
5529792
5529799
5529801
5529805
5529830
5529834
5529835
5529840
5529846
5529855
5529881
5529889
5529931
5529936
5529937
5529940
5529968
5529972
5529989
5530013
5530024
5530027
5530037
5530054
5530057
5530068
5530073
5530074
5530089
5530102
5530112
5530128
5530136
5530140
5530145
5530163
5530190
5530197
5530224
5530227
5530241
5530266
5530268
5530280
5530281
5530290
5530294
5530307
5530327
5530328
5530339
5530356
5530372
5530380
5530382
5530390
5530396
5530410
5530430
5530431
5530457
5530461
5530474
5530486
5530487
5530489
5530491
5530495
5530517
5530531
5530535
5530543
5530544
5530562
5530565
5530570
5530584
5530600
5530604
5530606
5530607
5530618
5530636
5530640
5530665
5530679
5530681
5530688
5530693
5530700
5530702
5530704
5530707
5530710
5530726
5530735
5530747
5530758
5530761
5530763
5530764
5530768
5530771
5530790
5530804
5530810
5530818
5530822
5530824
5530825
5530826
5530827
5530832
5530835
5530844
5530848
5530861
5530867
5530869
5530873
5530877
5530886
5530904
5535058
5535066
5536698
5536703
5536708
5542942
5548262
5551884
5551886
5551894
2709362
2709388
2709396
2709404
2709406
2709424
2709428
2709447
2709464
2709467
2709470
2709476
2709482
2709487
2709500
2709504
2709515
2709516
2709521
2709522
2709546
2709547
2709558
2709565
2709568
2709607
2709609
2709611
2709618
2709627
2709634
2709648
2709656
2709682
2709706
2709708
2709715
2709718
2709722
2709726
2709727
2709739
2709740
2709748
2709750
2709753
2709754
2709769
2709774
2709777
2709780
2709812
2709821
2709827
2709837
2709844
2709854
2709860
2709866
2709871
2709875
2709876
2709894
2709902
2709903
2709911
2709919
2709935
2709976
2709989
2710001
2710002
2710009
2710024
2710038
2710045
2710046
2710050
2710063
2710072
2710076
2710077
2710079
2710082
2710090
2710093
2710115
2710116
2710131
2710135
2710146
2710174
2710175
2710195
2710197
2710198
2710209
2710214
2710236
2710239
2710253
2710256
2710262
2710265
2710267
2710271
2710284
2710286
2710288
2710293
2710298
2710302
2710303
2710306
2710307
2710308
2710313
2710315
2710320
2710328
2710338
2710350
2710359
2710396
2710409
2710416
2710417
2710448
2710451
2710459
2710468
2710491
2710494
2710503
2710520
2710530
2710544
2710560
2710564
2710571
2710574
2710582
2710607
2710608
2710625
2710630
2710657
2710663
2710665
2710669
2710673
2710688
2710692
2710696
2710701
2710709
2710729
2710741
2710745
2710762
2710768
2710776
2710777
2710807
2710813
2710814
2710844
2710850
2710853
2710854
2710862
2710900
2710908
2710916
2710926
2710932
2710935
2710942
2710944
2710946
2710948
2710951
2710954
2710959
2710966
2710970
2711005
2711006
2711007
2711010
2711035
2711048
2711053
2711064
2711077
2711079
2711086
2711089
2711118
2711134
2711136
2711137
2711140
2711142
2711150
2711156
2711169
2711175
2711193
2711210
2711214
2711229
2711241
2711249
2711257
2711258
2711275
2711277
2711289
2711319
2711326
2711337
2711339
2711345
2711348
2711349
2711360
2711374
2711391
2711392
2711398
2711403
2711425
2711428
2711439
2711440
2711451
2711465
2711472
2711478
2711489
2711506
2711513
2711514
2711519
2711523
2711529
2711537
2711539
2711540
2711542
2711550
2711568
2711579
2711597
2711600
2711602
2711606
2711615
2711619
2711626
2711667
2711669
2711694
2711699
2711700
2711703
2711705
2711706
2711720
2711725
2711733
2711739
2711747
2711756
2711759
2711762
2711764
2711769
2711774
2711781
2711783
2711786
2711806
2711818
2711862
2711880
2711892
2711920
2711945
2711947
2711958
2711964
2711969
2711975
2711983
2711991
2711992
2711995
2711996
2712010
2712011
2712021
2712030
2712036
2712055
2712061
2712070
2712075
2712091
2712102
2712131
2712132
2712133
2712155
2712168
2712170
2712188
2712192
2712199
2712203
2712212
2712213
2712228
2712229
2712261
2712262
2712273
2712277
2712281
2712329
2712332
2712353
2712356
2712368
2712369
2712372
2712375
2712376
2712381
2712382
2712386
2712393
2712410
2712412
2712413
2712414
2712422
2712426
2712428
2712429
2712435
2712436
2712451
2712455
2712458
2712465
2712466
2712482
2712483
2712492
2712531
2712552
2712570
2712574
2712594
2712601
2712607
2712609
2712662
2712667
2712717
2712742
2712751
2712767
2712769
2712784
2712788
2712790
2712800
2712801
2712808
2712822
2712830
2712831
2712874
2712885
2712886
2712887
2712893
2712899
2712901
2712915
2712916
2712918
2712921
2712935
2712936
2712962
2712965
2712973
2712977
2712990
2712996
2713002
2713003
2713006
2713019
2713022
2713024
2713040
2713044
2713051
2713052
2713054
2713077
2713086
2713088
2713111
2713127
2713147
2713149
2713150
2713164
2713173
2713182
2713186
2713208
2713209
2713211
2713227
2713232
2713243
2713249
2713251
2713256
2713263
2713264
2713265
2713266
2713270
2713288
2713301
2713302
2713307
2713321
2713332
2713340
2713349
2713365
2713370
2713389
2713393
2713402
2713432
2713433
2713434
2713438
2713439
2713450
2713463
2713469
2713470
2713473
2713485
2713507
2713522
2713525
2713559
2713569
2713585
2713587
2713591
2713617
2713625
2713628
2713633
2713641
2713648
2713649
2713669
2713675
2713683
2713690
2713714
2713735
2713738
2713751
2713753
2713760
2713773
2713776
2713796
2713809
2713810
2713852
2713855
2713861
2713884
2713889
2713893
2713898
2713902
2713910
2713915
2713936
2713946
2713958
2713962
2713967
2713985
2714018
2714021
2714023
2714048
2714065
2714067
2714072
2714074
2714104
2714105
2714111
2714120
2714123
2714140
2714147
2714155
2714156
2714159
2714162
2714165
2714170
2714175
2714178
2714190
2714206
2714223
2714255
2714268
2714294
2714299
2714300
2714305
2714306
2714332
2714357
2714360
2714378
2714380
2714383
2714385
2714415
2714446
2714452
2714454
2714455
2714483
2714515
2714518
2714529
2714530
2714539
2714556
2714572
2714573
2714607
2714614
2714637
2714647
2714652
2714674
2714686
2714703
2714722
2714730
2714740
2714744
2714783
2714794
2714797
2714800
2714805
2714832
2714838
2714839
2714842
2714854
2714863
2714872
2714882
2714889
2714896
2714912
2714919
2714927
2714932
2714934
2714942
2714944
2714948
2714951
2714970
2714976
2714985
2714986
2714994
2714996
2715011
2715015
2715034
2715038
2715041
2715045
2715046
2715058
2715076
2715096
2715097
2715124
2715125
2715153
2715173
2715184
2715210
2715213
2715218
2715220
2715233
2715242
2715263
2715275
2715284
2715286
2715308
2715319
2715329
2715341
2715354
2715372
2715377
2715379
2715388
2715389
2715390
2715395
2715400
2715408
2715424
2715426
2715428
2715430
2715433
2715438
2715439
2715453
2715491
2715501
2715507
2715516
2715534
2715549
2715552
2715561
2715573
2715589
2715591
2715609
2715611
2715614
2715618
2715629
2715634
2715639
2715649
2715651
2715653
2715654
2715664
2715666
2715671
2715677
2715686
2715697
2715742
2715749
2715753
2715768
2715782
2715791
2715807
2715809
2715815
2715816
2715817
2715825
2715847
2715852
2715867
2715885
2715886
2715897
2715898
2715903
2715904
2715907
2715926
2715931
2715937
2715961
2715991
2716012
2716026
2716034
2716035
2716040
2716045
2716065
2716073
2716074
2716078
2716082
2716086
2716100
2716102
2716116
2716127
2716129
2716145
2716146
2716154
2716155
2716160
2716194
2716199
2716202
2716213
2716222
2716266
2716268
2716273
2716319
2716322
2716324
2716327
2716338
2716350
2716355
2716357
2716376
2716380
2716409
2716412
2716429
2716435
2716438
2716446
2716453
2716471
2716477
2716479
2716493
2716504
2716509
2716545
2716547
2716562
2716570
2716586
2716604
2716608
2716627
2716628
2716636
2716645
2716651
2716655
2716664
2716666
2716673
2716677
2716688
2716701
2716704
2716714
2716716
2716721
2716722
2716728
2716735
2716748
2716758
2716764
2716765
2716775
2716782
2716789
2716791
2716823
2716827
2716828
2716845
2716848
2716864
2716867
2716868
2716877
2716888
2716891
2716924
2716943
2716948
2716954
2716961
2716977
2716986
2716987
2717014
2717019
2717028
2717043
2717046
2717053
2717057
2717070
2717092
2717094
2717098
2717106
2717107
2717114
2717131
2717158
2717166
2717188
2717198
2717200
2717202
2717218
2717222
2717227
2717232
2717268
2717277
2717284
2717285
2717313
2717318
2717332
2717351
2717357
2717381
2717395
2717403
2717422
2717436
2717443
2717452
2717465
2717466
2717469
2717478
2717487
2717521
2717529
2717531
2717554
2717568
2717570
2717571
2717573
2717583
2717584
2717586
2717592
2717600
2717613
2717649
2717651
2717660
2717687
2717706
2717715
2717727
2717767
2717774
2717807
2717816
2717822
2717841
2717852
2717855
2717865
2717902
2717903
2717906
2717922
2717937
2717940
2717949
2717951
2717959
2717961
2717971
2717986
2717993
2717996
2718013
2718017
2718025
2718061
2718080
2718090
2718094
2718109
2718117
2718122
2718125
2718136
2718141
2718144
2718153
2718160
2718169
2718180
2718181
2718206
2718207
2718223
2718234
2718242
2718248
2718275
2718278
2718282
2718289
2718296
2718297
2718301
2718302
2718307
2718316
2718324
2718327
2718338
2718342
2718367
2718380
2718388
2718405
2718410
2718415
2718431
2718443
2718448
2718456
2718460
2718467
2718474
2718488
2718494
2718495
2718502
2718503
2718510
2718516
2718522
2718532
2718535
2718568
2718570
2718582
2718588
2718597
2718635
2718648
2718650
2718652
2718679
2718686
2718687
2718691
2718701
2718712
2718720
2718722
2718723
2718732
2718737
2718740
2718753
2718758
2718766
2718774
2718817
2718818
2718822
2718830
2718839
2718841
2718854
2718862
2718888
2718901
2718940
2718942
2718951
2718960
2718967
2718977
2718988
2718999
2719017
2719032
2719038
2719051
2719063
2719065
2719080
2719081
2719087
2719089
2719092
2719104
2719118
2719134
2719157
2719158
2719161
2719168
2719174
2719175
2719199
2719204
2719209
2719213
2719214
2719228
2719231
2719232
2719235
2719238
2719249
2719257
2719270
2719295
2719299
2719310
2719311
2719323
2719325
2719364
2719367
2719370
2719371
2719388
2719396
2719400
2719404
2719410
2719414
2719419
2719420
2719427
2719433
2719437
2719448
2719452
2719461
2719469
2719482
2719489
2719490
2719515
2719517
2719525
2719531
2719532
2719560
2719576
2719585
2719595
2719599
2719607
2719612
2719617
2719625
2719637
2719638
2719645
2719649
2719651
2719662
2719666
2719703
2719707
2719711
2719716
2719723
2719746
2719752
2719760
2719769
2719780
2719782
2719798
2719802
2719817
2719837
2719843
2719855
2719899
2719907
2719945
2719949
2719970
2719983
2719988
2719994
2720025
2720035
2720054
2720060
2720079
2720081
2720086
2720099
2720104
2720123
2720126
2720137
2720166
2720173
2720197
2720213
2720223
2720229
2720253
2720285
2720304
2720307
2720336
2720356
2720358
2720360
2720373
2720379
2720390
2720393
2720410
2720430
2720438
2720457
2720471
2720475
2720481
2720487
2720492
2720493
2720501
2720505
2720511
2720538
2720545
2720555
2720577
2720585
2720596
2720602
2720609
2720616
2720619
2720623
2720625
2720631
2720640
2720646
2720652
2720660
2720668
2720669
2720672
2720681
2720682
2720692
2720694
2720706
2720713
2720725
2720744
2720754
2720756
2720781
2720782
2720789
2720790
2720793
2720804
2720807
2720811
2720818
2720824
2720847
2720851
2720872
2720875
2720876
2720881
2720886
2720900
2720902
2720903
2720906
2720912
2720913
2720926
2720928
2720941
2720946
2720953
2720955
2720967
2720968
2720972
2720974
2720975
2720981
2720991
2721002
2721004
2721012
2721017
2721019
2721053
2721054
2721057
2721062
2721066
2721075
2721079
2721083
2721089
2721101
2721103
2721116
2721128
2721147
2721153
2721159
2721160
2721171
2721186
2721187
2721193
2721198
2721209
2721227
2721239
2721240
2721250
2721271
2721278
2721302
2721308
2721310
2721330
2721343
2721344
2721351
2721367
2721380
2721383
2721385
2721388
2721392
2721395
2721397
2721398
2721402
2721407
2721413
2721414
2721421
2721431
2721434
2721449
2721452
2721461
2721478
2721483
2721485
2721490
2721500
2721511
2721513
2721516
2721519
2721520
2721530
2721545
2721548
2721549
2721552
2721564
2721565
2721573
2721575
2721592
2721598
2721605
2721608
2721627
2721632
2721633
2721639
2721652
2721670
2721682
2721694
2721700
2721701
2721702
2721705
2721715
2721717
2721719
2721742
2721744
2721745
2721749
2721772
2721779
2721786
2721788
2721790
2721792
2721801
2721813
2721820
2721822
2721825
2721838
2721839
2721855
2721862
2721872
2721877
2721899
2721900
2721913
2721914
2721916
2721918
2721923
2721925
2721929
2721931
2721933
2721934
2721945
2721952
2721961
2721965
2721973
2721992
2721997
2721998
2722009
2722013
2722016
3019345
3019386
3019388
3019412
3019417
3019434
3019443
3039346
3039353
3039354
3039368
3622122
3622136
3622145
3622168
3622173
3622181
3622201
3622203
3622212
3622222
3622223
3622247
3622262
3622288
3622309
3622326
3622341
3622348
3622351
3622353
3622356
3622363
3622379
3622380
3622381
3622396
3622402
3622407
3622413
3622424
3622426
3622429
3622451
3622453
3622455
3622460
3622487
3622494
3622533
3622536
3622553
3622570
3622573
3622589
3622590
3622599
3622606
3622609
3622613
3622622
3622638
3622667
3622669
3622670
3622682
3622696
3622711
3622714
3622724
3622731
3622761
3622763
3622776
3622778
3622798
3622810
3622848
3622861
3622879
3622880
3622884
3622894
3622915
3622927
3622930
3622931
3622933
3622937
3622941
3622949
3622963
3622964
3622971
3622985
3622992
3623001
3623015
3623017
3623027
3623059
3623062
3623063
3623064
3623068
3623071
3623072
3623079
3623082
3623084
3623085
3623100
3623101
3623105
3623114
3623115
3623130
3623152
3623153
3623167
3623173
3623177
3623199
3623231
3623267
3623288
3623289
3623299
3623313
3623317
3623334
3623342
3623348
3623354
3623355
3623363
3623368
3623376
3623382
3623394
3623418
3623420
3623423
3623425
3623447
3623456
3623462
3623464
3623466
3623483
3623504
3623515
3623529
3623534
3624128
3624158
3624178
3624179
3624186
3624188
3624189
3624229
3624233
3624246
3624277
3624287
3624291
3624295
3624309
3624317
3624352
3624370
3624394
3624401
3624402
3624412
3624431
3624446
3624467
3624495
3624497
3624498
3624516
3624520
3624543
3624572
3624578
3624581
3624584
3624602
3624605
3624620
3624626
3624627
3624637
3624664
3624666
3624680
3624694
3624698
3624699
3624725
3624764
3624770
3624789
3624800
3624801
3624807
3624808
3624839
3624906
3624920
3624963
3624965
3624976
3624990
3624994
3625023
3625029
3625030
3625031
3625038
3625040
3625043
3625071
3625080
3625083
3625103
3625112
3625114
3625169
3625174
3625175
3625184
3625204
3625226
3625227
3625228
3625243
3625251
3625258
3625269
3625290
3625297
3625307
3625328
3625370
3625377
3625385
3625395
3625396
3625397
3625424
3625489
3625490
3625496
3625536
3625540
3625542
3625562
3625565
3625573
3625584
3625601
3625616
3625638
3625652
3625667
3625681
3625698
3625715
3625719
3625785
3625790
3625813
3625823
3625845
3625865
3625912
3625963
3625965
3625979
3625985
3626000
3626010
3626016
3626024
3626029
3626036
3626057
3626080
3626088
3626089
3626095
3626131
3626158
3626170
3626174
3626221
3626225
3626230
3626238
3626243
3626249
3626252
3626259
3626288
3626289
3626310
3626319
3626321
3626326
3626333
3626346
3626348
3626358
3626395
3626396
3626413
3626415
3626417
3626453
3626491
3626497
3626502
3629796
3629800
3629807
3629810
3629815
3629816
3629826
3629840
3629846
3629848
3629863
3629872
3629874
3629875
3629881
3629901
3629908
3629943
3629946
3629959
3629976
3630008
3630012
3630018
3630020
3630028
3630030
3630031
3630037
3630042
3630068
3630069
3630111
3630156
3630181
3630198
3630199
3630202
3630223
3630251
3630264
3630274
3630283
3630287
3630289
3630297
3630301
3630308
3630309
3630321
3630323
3630348
3630359
3630360
3630387
3630392
3630399
3630415
3630447
3630449
3630473
3630478
3630509
3630511
3630546
3630551
3630562
3630575
3630597
3630612
3630614
3630626
3630634
3630638
3630639
3630643
3630646
3630647
3630686
3630690
3630701
3630705
3630712
3630741
3630759
3630773
3630785
3630811
3630829
3630850
3630865
3630875
3630882
3630885
3630898
3630924
3630933
3630935
3630939
3630950
3630961
3630962
3630971
3630974
3630975
3630979
3630983
3630993
3631010
3631011
3631040
3631042
3631060
3631068
3631069
3631073
3631076
3631098
3631104
3631117
3631126
3631130
3631132
3631133
3631134
3631141
3631151
3631160
3631164
3631178
3631201
3631208
3631229
3631236
3631239
3631252
3631258
3631261
3631266
3631280
3631289
3631297
3631299
3631302
3631321
3631322
3631325
3631326
3631337
3631356
3631372
3631378
3631403
3631405
3631413
3631420
3631425
3631451
3631474
3631476
3631501
3631511
3631512
3631521
3631527
3631547
3631565
3631568
3631573
3631586
3631590
3631616
3631620
3631653
3631657
3631664
3631681
3631686
3631687
3631705
3631728
3631750
3631754
3631774
3631775
3631782
3631787
3631794
3631802
3631825
3631826
3631857
3631885
3631903
3631907
3631935
3631953
3631984
3631991
3631993
3631999
3632000
3632002
3632012
3632036
3632038
3632046
3632058
3632062
3632071
3632073
3632075
3632091
3632097
3632113
3632127
3632133
3632157
3632191
3632192
3640102
3640118
3640122
3640137
3640160
3640162
3640163
3640166
3640169
3640188
3640196
3640210
3640218
3640228
3640248
3640275
3640289
3640308
3640313
3640339
3640355
3640389
3640402
3640409
3640417
3640495
3640505
3640506
3640515
3640520
3640535
3640578
3640579
3640580
3640581
3640584
3640592
3640616
3640624
3640632
3640644
3640659
3640668
3640687
3640697
3640700
3640709
3640715
3640728
3640742
3640748
3640785
3640806
3640824
3640828
3640830
3640833
3640868
3640886
3640888
3640900
3640909
3640912
3640934
3640935
3640939
3640945
3640951
3640952
3640968
3640969
3640979
3640988
3640989
3640999
3641010
3641018
3641021
3641036
3641054
3641059
3641086
3641097
3641104
3641113
3641130
3641145
3641150
3641153
3641154
3641174
3641231
3641271
3641326
3641335
3641340
3641341
3641347
3641352
3641374
3641399
3641406
3641425
3641435
3641463
3641485
3641508
3641532
3641551
3641560
3641582
3641599
3641600
3641604
3641635
3641641
3641685
3641709
3641710
3641718
3641725
3641734
3641742
3641744
3641753
3641764
3641767
3641794
3641799
3641807
3641817
3641828
3641865
3641874
3641898
3641919
3641929
3641932
3641941
3641967
3641999
3642006
3642012
3642026
3642038
3642062
3642068
3642071
3642089
3642108
3642121
3642126
3642138
3642154
3642179
3642206
3642215
3642220
3642222
3642223
3642227
3642230
3642232
3642233
3642239
3642247
3642248
3642256
3642259
3642261
3642315
3642361
3642396
3642401
3642428
3642449
3642463
3642484
3642485
3642488
3642515
3642516
3642522
3642531
3642560
3642561
3642562
3642580
3642602
3642613
3642642
3642644
3642665
3642671
3642672
3642678
3642687
3642701
3642723
3642733
3642737
3642744
3642755
3642788
3642792
3642800
3642812
3642813
3642823
3642836
3642862
3642884
3642891
3642893
3642894
3642908
3642943
3642948
3642956
3642962
3642979
3642980
3642990
3642998
3643004
3643019
3643034
3643035
3643040
3643052
3643053
3643058
3643064
3643065
3643068
3643086
3643100
3643126
3643146
3643158
3643169
3643171
3643177
3643211
3643216
3643219
3643228
3643233
3643236
3643246
3643249
3643252
3643254
3643255
3643265
3643268
3643273
3643279
3643285
3643306
3643310
3643312
3643321
3643329
3643358
3643366
3643369
3643370
3643374
3643382
3643398
3643399
3643405
3643414
3643452
3643456
3643464
3643471
3643482
3643492
3643530
3643531
3643533
3643540
3643541
3643561
3643562
3643564
3643586
3643603
3643648
3643662
3643663
3643669
3643674
3643680
3643686
3643695
3643700
3643701
3643703
3643709
3643719
3643720
3643783
3643839
3643841
3643844
3643852
3643862
3643864
3643873
3643901
3643913
3643921
3643931
3643948
3643973
3643989
3644001
3644027
3644044
3644054
3644063
3644079
3644083
3644098
3644110
3644117
3644155
3644157
3644178
3644192
3644199
3644217
3644241
3644255
3644257
3644263
3644265
3644268
3644270
3644276
3644292
3644313
3644335
3644347
3644355
3644359
3644368
3644393
3644396
3644419
3644422
3644428
3644435
3644446
3644477
3644496
3644517
3644519
3644523
3644544
3644565
3644568
3644570
3644580
3644598
3644599
3644602
3644605
3644607
3644609
3644610
3644662
3644665
3644706
3644710
3644723
3644753
3644775
3644783
3644786
3644796
3644811
3644820
3644845
3644846
3644850
3644861
3644875
3644889
3644896
3644902
3644922
3644944
3644952
3644978
3644981
3644986
3644996
3645002
3645003
3645010
3645049
3645060
3645095
3645101
3645110
3645153
3645180
3645199
3645211
3645224
3645226
3645235
3645238
3645244
3645255
3645269
3645278
3645284
3645307
3645331
3645355
3645358
3645364
3645368
3645384
3645432
3645438
3645439
3651419
3651427
3651440
3651476
3651478
3651502
3651509
3651515
3651579
3651608
3651614
3651655
3651686
3651695
3651702
3651712
3651721
3651726
3651757
3651762
3651793
3651804
3651830
3651856
3651871
3651939
3651949
3651968
3651971
3651975
3651989
3651993
3651995
3652002
3652033
3652043
3652075
3652082
3652090
3652124
3652128
3652146
3652190
3652203
3652268
3652276
3652319
3652320
3652324
3652334
3652337
3652340
3652342
3652344
3652369
3652387
3652391
3652394
3652401
3652402
3652410
3652417
3652437
3652447
3652448
3652474
3652524
3652552
3652561
3652572
3652603
3652606
3652623
3652657
3652658
3652669
3652670
3652685
3652752
3652778
3652780
3652785
3652795
3652799
3652808
3652811
3652832
3652838
3652844
3652848
3652849
3652865
3652872
3652886
3652891
3652899
3652903
3652922
3652942
3652943
3652948
3652967
3652974
3652976
3653015
3653017
3653026
3653031
3653040
3653045
3653060
3653082
3653116
3653117
3653125
3653127
3653139
3653148
3653181
3653191
3653194
3653227
3653236
3653262
3653270
3653277
3653278
3653284
3653299
3653310
3653332
3653352
3653372
3653386
3653388
3653398
3653449
3653457
3653459
3653477
3653508
3653510
3653522
3653532
3653556
3653590
3653614
3653615
3653634
3653649
3653663
3653679
3653684
3653693
3653705
3653708
3653709
3653714
3653726
3653727
3653745
3653749
3653751
3653762
3653767
3653781
3653796
3653838
3653856
3653881
3653882
3653884
3653891
3653893
3653896
3653900
3653905
3653908
3653936
3653937
3653951
3653957
3653960
3653970
3653975
3654018
3654019
3654035
3654036
3654037
3654043
3654044
3654054
3654069
3654070
3654071
3654075
3654076
3654092
3654101
3654111
3654112
3654120
3654139
3654145
3654169
3654182
3654221
3654223
3654241
3654243
3654254
3654263
3654266
3654267
3654269
3654280
3654286
3654290
3654320
3654347
3654356
3654370
3654381
3654384
3654429
3654436
3654453
3654463
3654492
3654498
3654525
3654552
3654556
3654575
3654591
3654597
3654606
3654611
3654613
3654632
3654636
3654645
3654663
3654667
3654684
3654692
3654725
3654732
3654739
3654762
3654767
3654784
3654787
3654793
3654803
3654808
3654809
3654816
3654849
3654872
3654877
3654885
3654888
3654890
3654894
3654908
3654926
3654933
3654936
3654970
3654978
3654993
3655000
3655001
3655005
3655015
3655032
3655059
3655068
3655072
3655075
3655088
3655106
3655120
3655127
3655131
3655160
3655161
3655212
3655217
3655222
3655224
3655225
3655228
3655233
3655241
3655248
3655263
3655266
3655267
3655286
3655292
3655300
3655301
3655312
3655316
3655330
3655358
3655377
3655402
3655427
3655430
3655431
3655438
3655516
3655520
3655526
3655528
3655548
3655552
3655575
3655594
3655599
3655609
3655616
3655636
3655651
3655654
3655668
3655679
3655680
3655707
3655708
3655722
3655727
3655731
3655734
3655752
3655779
3655802
3655805
3668017
3668018
3668020
3668031
3668034
3668048
3668052
3668066
3668072
3668079
3668098
3668102
3668112
3668125
3668151
3668154
3668155
3668176
3668181
3668189
3668199
3668201
3668216
3668253
3668264
3668293
3668319
3668321
3668337
3668382
3668388
3668399
3668419
3668421
3668446
3668452
3668469
3668478
3668485
3668486
3668489
3668496
3668501
3668533
3668540
3668541
3668549
3668561
3668582
3668591
3668596
3668609
3668636
3668641
3668648
3668658
3668660
3668699
3668716
3668724
3668754
3668763
3668765
3668810
3668852
3668863
3668870
3668875
3668895
3668915
3668917
3668936
3668940
3668943
3668951
3668962
3668978
3668982
3668999
3669001
3669006
3669010
3669016
3669058
3669067
3669106
3669109
3669110
3669117
3669175
3669214
3669215
3669228
3669254
3669276
3669296
3669301
3669307
3669330
3669346
3669384
3669385
3669393
3669401
3669435
3669451
3669502
3669527
3669550
3669555
3669567
3669601
3669605
3669615
3669633
3669648
3669664
3669675
3669681
3669700
3669703
3669708
3669735
3669782
3669788
3669794
3669796
3669842
3669847
3669871
3669919
3669924
3669936
3669937
3669958
3669968
3669972
3669976
3669981
3669983
3670006
3670055
3670073
3670111
3670137
3670159
3670198
3670213
3670214
3670216
3670228
3670230
3670252
3670276
3670281
3670285
3670290
3670294
3670300
3670305
3670311
3670318
3670358
3670377
3670394
3670429
3670442
3670448
3670463
3670465
3670485
3670495
3670498
3670504
3670508
3670532
3670537
3670542
3670575
3670578
3670584
3670635
3670648
3670650
3670653
3670661
3670670
3670671
3670673
3670683
3670688
3670693
3670715
3670738
3670752
3670770
3670784
3670785
3670800
3670819
3670820
3670825
3670859
3670864
3670894
3670912
3670921
3670936
3670946
3670952
3670964
3670967
3670974
3670984
3670986
3670989
3671019
3671048
3671059
3671112
3671123
3671132
3671172
3671188
3671204
3671211
3671239
3671282
3671295
3671314
3671341
3671391
3671396
3671403
3671408
3671413
3671415
3671432
3671435
3671449
3671455
3671485
3671489
3671491
3671492
3671499
3671508
3671510
3671512
3671516
3671527
3671539
3671568
3671575
3671652
3671654
3671670
3671678
3671684
3671697
3671707
3671710
3671717
3671720
3671725
3671747
3671755
3671764
3671786
3671802
3671819
3671827
3671843
3671856
3671873
3671891
3671929
3671933
3671937
3671949
3671982
3672003
3672019
3672021
3672026
3672030
3672051
3672116
3672125
3672127
3672158
3672245
3672288
3672291
3672292
3672297
3672301
3672302
3672308
3672340
3672364
3672370
3672375
3672387
3672390
3672391
3672405
3672412
3672449
3672461
3672519
3672523
3672527
3672530
3672535
3678887
3679145
3679155
3679175
3679193
3679201
3679219
3679241
3679280
3679304
3679307
3679311
3679315
3679324
3679329
3679346
3679363
3679373
3679387
3679389
3679393
3679397
3679400
3679417
3679478
3679488
3679489
3679493
3679507
3679520
3679542
3679546
3679552
3679557
3679570
3679592
3679612
3679621
3679631
3679632
3679689
3679690
3679715
3679735
3679760
3679769
3679772
3679788
3679791
3679796
3679799
3679800
3679814
3679821
3679831
3679837
3679842
3679845
3679849
3679863
3679873
3679876
3679884
3679889
3679892
3679893
3679946
3679949
3679966
3679974
3680025
3680054
3680081
3680101
3680112
3680121
3680130
3680131
3680133
3680138
3680140
3680145
3680148
3680159
3680176
3680184
3680198
3680220
3680241
3680244
3680251
3680257
3680258
3680260
3680261
3680268
3680271
3680283
3680285
3680293
3680300
3680347
3680358
3680394
3680405
3680410
3680413
3680461
3680469
3680597
3680650
3680653
3680660
3680667
3680694
3680711
3680714
3680721
3680742
3680747
3680748
3680775
3680805
3680855
3680921
3680989
3681005
3681030
3681051
3681057
3681059
3681062
3681067
3681081
3681098
3681103
3681130
3681163
3681178
3681197
3681199
3681237
3681254
3681261
3681262
3681264
3681289
3681302
3681363
3681375
3681390
3681426
3681449
3681450
3681464
3681475
3681484
3681485
3681526
3681545
3681568
3681589
3681612
3681622
3681629
3681631
3681632
3681638
3681651
3681660
3681667
3681678
3681704
3681721
3681726
3681752
3681770
3681784
3681789
3681797
3681828
3681831
3681832
3681835
3681839
3681845
3681853
3681856
3681869
3681886
3681899
3681905
3681932
3681935
3681941
3681951
3681954
3681956
3681968
3681969
3681984
3681992
3682020
3682041
3682046
3682048
3682056
3682058
3682062
3682063
3682077
3682090
3682094
3682103
3682107
3682111
3682141
3682144
3682150
3682152
3682158
3682213
3682218
3682228
3682232
3682237
3682241
3682270
3682309
3682310
3682317
3682325
3682344
3682355
3682389
3682397
3682431
3682449
3682457
3682489
3682492
3682500
3682521
3682522
3682542
3682547
3682572
3682576
3682584
3682631
3682634
3682661
3682668
3682670
3682679
3682686
3682703
3682710
3682732
3682733
3682735
3682779
3682793
3682795
3682798
3682801
3682808
3682813
3682821
3682844
3682845
3682850
3682851
3682862
3682891
3682913
3682936
3682941
3682948
3682959
3682967
3683124
3683136
3683138
3683139
3683264
3683268
3694113
3694116
3694117
3694147
3694152
3694174
3694176
3694193
3694197
3694210
3694215
3694566
3694584
3694591
3694605
3694606
3694612
3694639
3694646
3694651
3694673
3694675
3694688
3694702
3694726
3694740
3694741
3694754
3694756
3694760
3694797
3694807
3694809
3694838
3694840
3694842
3694848
3694923
3694926
3694947
3694959
3694968
3694977
3695003
3695011
3695013
3695016
3695088
3695093
3695101
3695110
3695115
3695130
3695148
3695217
3695229
3695231
3695245
3695258
3695259
3695265
3695267
3695275
3695278
3695293
3695294
3695349
3695367
3695380
3695409
3695412
3695414
3695422
3695425
3695430
3695431
3695433
3695445
3695459
3695460
3695465
3695475
3695482
3695486
3695489
3695495
3695496
3695499
3695500
3695512
3695516
3695526
3695553
3695558
3695564
3695569
3695596
3695618
3695637
3695638
3695642
3695658
3695668
3695708
3695752
3695774
3695778
3695784
3695801
3695803
3695810
3695823
3695837
3695843
3695845
3695891
3695895
3695938
3695947
3695952
3695976
3695978
3695991
3696048
3696049
3696066
3696071
3696103
3696104
3696105
3696112
3696129
3696149
3696162
3696196
3696205
3696211
3696217
3696234
3696250
3696261
3696274
3696279
3696285
3696289
3696298
3696319
3696346
3696354
3696375
3696376
3696385
3696435
3696437
3696456
3696537
3696578
3696592
3696638
3696647
3696650
3696651
3696678
3696679
3696698
3696723
3696739
3696763
3696774
3696798
3696803
3696809
3696811
3696868
3696875
3696887
3696911
3696917
3696929
3696954
3696963
3696966
3696979
3696982
3696994
3697015
3697041
3697048
3697049
3697051
3697057
3697058
3697090
3697112
3697150
3697161
3697167
3697181
3697185
3697251
3697253
3697283
3697311
3697323
3697333
3697374
3697380
3697381
3697396
3697401
3697403
3697408
3697412
3697414
3697439
3697447
3697450
3697456
3697487
3697492
3697494
3697502
3697518
3697519
3697563
3697566
3697568
3697571
3697583
3697604
3697607
3697617
3697619
3697686
3697712
3697714
3697728
3697734
3697737
3697765
3697825
3697836
3697837
3697838
3697853
3697862
3697866
3697869
3697870
3697878
3697879
3697893
3697902
3697908
3697958
3697962
3697971
3697987
3698001
3698018
3698024
3698035
3698040
3698056
3698080
3698107
3698146
3698157
3698158
3698174
3698179
3698180
3698185
3698188
3698190
3698211
3698225
3698253
3698254
3698257
3698258
3698291
3698313
3698326
3698329
3698359
3698369
3698391
3698414
3698419
3698426
3698427
3698430
3698438
3698442
3698453
3698455
3698463
3698479
3698480
3698484
3698504
3698509
3698542
3698546
3698556
3698559
3698620
3698626
3698652
3698653
3698662
3698666
3698671
3698677
3698692
3698703
3698735
3698743
3698744
3698751
3698772
3698774
3698781
3698793
3698827
3698831
3698832
3698834
3698845
3698848
3698881
3698893
3698894
3698921
3698922
3698930
3698931
3698963
3698965
3698980
3698986
3698997
3699004
3699016
3699017
3699025
3699038
3699041
3699069
3699073
3699075
3699124
3699133
3699134
3699142
3699146
3699147
3699159
3699162
3699201
3699232
3699233
3699237
3699271
3699293
3699305
3699307
3699318
3699323
3699324
3699327
3699355
3699357
3699363
3699379
3699419
3699434
3699435
3699453
3699454
3699462
3699466
3699467
3699481
3699520
3699531
3699561
3699578
3699582
3699600
3699646
3699651
3699660
3699662
3699668
3699698
3699716
3699727
3699728
3699745
3699754
3699758
3699760
3699763
3699798
3699805
3699806
3699807
3699818
3699819
3699824
3699825
3699828
3699859
3699861
3699866
3699870
3699897
3699910
3699915
3699919
3699921
3699922
3699926
3699930
3699938
3699942
3699960
3699961
3699971
3699989
3699994
3700005
3700010
3700026
3700050
3700058
3700067
3700098
3700100
3700102
3700120
3700175
3700202
3700209
3700285
3700286
3700307
3700308
3711008
3711011
3711015
3711018
3711028
3711033
3711064
3711087
3711115
3711120
3711162
3711165
3711179
3711184
3711221
3711223
3711249
3711260
3711289
3711290
3711291
3711292
3711293
3711316
3711362
3711388
3711397
3711414
3711418
3711452
3711471
3711474
3711513
3711521
3711523
3711545
3711556
3711566
3711589
3711595
3711623
3711627
3711633
3711649
3711655
3711712
3711714
3711717
3711751
3711798
3711799
3711806
3711856
3711870
3711886
3711930
3711931
3711932
3711937
3711952
3711971
3711995
3712020
3712037
3712041
3712042
3712048
3712049
3712059
3712068
3712076
3712113
3712117
3712119
3712140
3712141
3712147
3712148
3712178
3712180
3712208
3712226
3712239
3712243
3712267
3712283
3712298
3712327
3712333
3712338
3712351
3712394
3712397
3712418
3712419
3712450
3712457
3712464
3712470
3712473
3712574
3712575
3712581
3712603
3712648
3712653
3712660
3712712
3712717
3712734
3712737
3712738
3712739
3712782
3712797
3712798
3712815
3712821
3712848
3712853
3712928
3712952
3712978
3712986
3712988
3713010
3713014
3713020
3713030
3713062
3713074
3713082
3713111
3713115
3713119
3713123
3713126
3713134
3713149
3713154
3713157
3713171
3713172
3713185
3713217
3713283
3713291
3713296
3713297
3713361
3713363
3713382
3713395
3713399
3713411
3713429
3713435
3713440
3713443
3713445
3713456
3713466
3713521
3713537
3713543
3713571
3713574
3713589
3713608
3713631
3713635
3713648
3713649
3713650
3713651
3713688
3713694
3713755
3713760
3713761
3713765
3713766
3713805
3713824
3713846
3713850
3713889
3713891
3713892
3713893
3713894
3713896
3713908
3713921
3713927
3713937
3713948
3713950
3713983
3713986
3714011
3714014
3714018
3714029
3714037
3714039
3714041
3714058
3714070
3714077
3714087
3714128
3714148
3714176
3714223
3714227
3714278
3714281
3714343
3714353
3714361
3714382
3714389
3714433
3714446
3714449
3714455
3714458
3714461
3714472
3714497
3714506
3714515
3714516
3714517
3714539
3714542
3714565
3714607
3714621
3714630
3714640
3714644
3714699
3714716
3714717
3714729
3714732
3714742
3714747
3714752
3714799
3714801
3714825
3714848
3714895
3714910
3714930
3714969
3714980
3714981
3715025
3715043
3715044
3715048
3715049
3715066
3715070
3715078
3715089
3715122
3715138
3715183
3715197
3715199
3715226
3715235
3715264
3715266
3715285
3715288
3715297
3715366
3715413
3715431
3715458
3715461
3715477
3715481
3715492
3715579
3715586
3715614
3715658
3715693
3715697
3715704
3715708
3715718
3715730
3715773
3715798
3715822
3715852
3715853
3715906
3715911
3715913
3715923
3715925
3716004
3716017
3716019
3716020
3716035
3716041
3716048
3716055
3716056
3716161
3716178
3716192
3716193
3716210
3716236
3716264
3716286
3716292
3716316
3716352
3716361
3716371
3716374
3716379
3716380
3716386
3716388
3716403
3716404
3716424
3716435
3716444
3716467
3716468
3716520
3716523
3716536
3716551
3716561
3716569
3716576
3716585
3716591
3716598
3716612
3716619
3716628
3716637
3716688
3716703
3716711
3716741
3716744
3716755
3716765
3716767
3716771
3716790
3716793
3716801
3716805
3716823
3716829
3716844
3716862
3716864
3716873
3716882
3716894
3716897
3716898
3716899
3716929
3716940
3716972
3716984
3716986
3716989
3716992
3716996
3717022
3717057
3717068
3717070
3717071
3717074
3717094
3717134
3717138
3717148
3717149
3717183
3718020
3718024
3734212
3734216
3734221
3734256
3734277
3734288
3734291
3734296
3734330
3734361
3734365
3734375
3734403
3734415
3734416
3734422
3734427
3734430
3734432
3734439
3734450
3734458
3734461
3734471
3734476
3734482
3734494
3734496
3734501
3734510
3734523
3734700
3734722
3734724
3734752
3734759
3734761
3734763
3734778
3734780
3734787
3734809
3734816
3734818
3734820
3734872
3734878
3734908
3734909
3734932
3734942
3734944
3734947
3734955
3734956
3734962
3734966
3734971
3734984
3734993
3734997
3735008
3735013
3735024
3735063
3735066
3735081
3735087
3735105
3735162
3735178
3735196
3735201
3735210
3735244
3735245
3735255
3735261
3735270
3735277
3735278
3735279
3735280
3735301
3735332
3735353
3735373
3735408
3735409
3735418
3735419
3735431
3735446
3735464
3735470
3735474
3735478
3735480
3735481
3735493
3735498
3735500
3735505
3735551
3735553
3735554
3735556
3735585
3735588
3735602
3735626
3735631
3735661
3735664
3735670
3735688
3735690
3735726
3735749
3735770
3735774
3735811
3735822
3735831
3735851
3735874
3735876
3735888
3735924
3735940
3735971
3735988
3736009
3736032
3736079
3736120
3736139
3736142
3736143
3736145
3736146
3736150
3736151
3736155
3736190
3736203
3736225
3736260
3736262
3736273
3736278
3736308
3736315
3736329
3736331
3736352
3736372
3736406
3736418
3736425
3736453
3736491
3736495
3736498
3736502
3736506
3736527
3736528
3736529
3736540
3736541
3736544
3736611
3736612
3736622
3736649
3736650
3736652
3736684
3736691
3736695
3736699
3736707
3736727
3736729
3736766
3736774
3736777
3736781
3736784
3736788
3736813
3736822
3736832
3736833
3736867
3736871
3736881
3736890
3736937
3736943
3736970
3737011
3737020
3737040
3737055
3737084
3737088
3737100
3737111
3737134
3737182
3737186
3737216
3737239
3737274
3737324
3737325
3737331
3737339
3737383
3737390
3737393
3737403
3737411
3737415
3737416
3737417
3737426
3737427
3737440
3737556
3737559
3737563
3737586
3737588
3737591
3737605
3737623
3737626
3737647
3737656
3737703
3737737
3737742
3737750
3737765
3737768
3737784
3737789
3737799
3737821
3737858
3737867
3737899
3737923
3737946
3737958
3737967
3737982
3738000
3738002
3738007
3738022
3738110
3738164
3738166
3738206
3738237
3738239
3738256
3738274
3738282
3738285
3738288
3738343
3738344
3738358
3738378
3738401
3738423
3738447
3738459
3738463
3738467
3738490
3738499
3738571
3738594
3738605
3738647
3738680
3738696
3738713
3738726
3738727
3738729
3738764
3738766
3738767
3738774
3738776
3738807
3738809
3738820
3738821
3738864
3738882
3738889
3738908
3738930
3738935
3738947
3738953
3738954
3738963
3738980
3738990
3738997
3738998
3739007
3739014
3739031
3739035
3739051
3739072
3739102
3739106
3739111
3739112
3739127
3739152
3739169
3739172
3739173
3739231
3739243
3739266
3739276
3739307
3739310
3739313
3739325
3739332
3739334
3739343
3739346
3739413
3739421
3739431
3739435
3739440
3739456
3739512
3739517
3739523
3739546
3739550
3739566
3739579
3739586
3739590
3739596
3739709
3739766
3739770
3739774
3739790
3739804
3739808
3739843
3739844
3739875
3739876
3739891
3739894
3739961
3739968
3739999
3740018
3740021
3740077
3740082
3740128
3740130
3740132
3740176
3740191
3740203
3740218
3740226
3740229
3740235
3740236
3740241
3740263
3740296
3740297
3740298
3740306
3740309
3740312
3740322
3740342
3740355
3740358
3740381
3740383
3740434
3740448
3740451
3740456
3740464
3740471
3740549
3740554
3740602
3740607
3740636
3740642
3740651
3740667
3740679
3740690
3740697
3740722
3740729
3740755
3740764
3740765
3740766
3740810
3740820
3740834
3740835
3740840
3740863
3740877
3740889
3740901
3740922
3740930
3740948
3740961
3740964
3740967
3740982
3740987
3741010
3741059
3741071
3741074
3741075
3741104
3741114
3741124
3741137
3741142
3741155
3741188
3741199
3741207
3741214
3741215
3741218
3741220
3741238
3741240
3741264
3741352
3741359
3741361
3741366
3741372
3741399
3741415
3741426
3741474
3741487
3741502
3741506
3741537
3741539
3741542
3741543
3741598
3741611
3741645
3741648
3741652
3741655
3741668
3741669
3741712
3741713
3741715
3741725
3741731
3741732
3741749
3741757
3741781
3741788
3741818
3741819
3741823
3741824
3741870
3741912
3741919
3741976
3741987
3742007
3742026
3742064
3742082
3742084
3742095
3742114
3742125
3742127
3742151
3742170
3742186
3742187
3742217
3742221
3742235
3742244
3742266
3742269
3742279
3742282
3742295
3742311
3742316
3742319
3742387
3742389
3742390
3742397
3742412
3742413
3742428
3742432
3742447
3742450
3742457
3742460
3742473
3742476
3742479
3742563
3742568
3742570
3742572
3742580
3742581
3742608
3742706
3742717
3742726
3742748
3742756
3742780
3742786
3742788
3742797
3742801
3742818
3742842
3742844
3742845
3742875
3742882
3742885
3742891
3742918
3742945
3742947
3742951
3742958
3742977
3742978
3742987
3742989
3742990
3743000
3743001
3743007
3743037
3743040
3743047
3743052
3743102
3743108
3743114
3743120
3743121
3743153
3743157
3743160
3743175
3743205
3743249
3743251
3743267
3743288
3743298
3743308
3743310
3743312
3743357
3743359
3743362
3743363
3743384
3743411
3743415
3743417
3743418
3743435
3743436
3743452
3743455
3743485
3743487
3743533
3743563
3743565
3743637
3743639
3743640
3743642
3743643
3743671
3743674
3743678
3743710
3743711
3743720
3743730
3743749
3743758
3743813
3743815
3743819
3743821
3743830
3743849
3743862
3743864
3743865
3743887
3743891
3743930
3743937
3743949
3743971
3743980
3743985
3744005
3744014
3744027
3744030
3744039
3744081
3744085
3744087
3744098
3744104
3744106
3744131
3744137
3744141
3744175
3744242
3744289
3744300
3744325
3744343
3744348
3744353
3744356
3744387
3744397
3744404
3744413
3744418
3744435
3744438
3744482
3744488
3744518
3744522
3744537
3744585
3744588
3744628
3744630
3744637
3744645
3744652
3744679
3744711
3744737
3744745
3744779
3744790
3744792
3744821
3744850
3744873
3744879
3744882
3744888
3744893
3766479
3766486
3766500
3766503
3766528
3768657
3768773
3768792
3768816
3768818
3768916
3768919
3768929
3768941
3768962
3768963
3768972
3768993
3769026
3769032
3769050
3769054
3769064
3769071
3769074
3769084
3769097
3769114
3769160
3769190
3769208
3769227
3769239
3769244
3769271
3769281
3769301
3769302
3769326
3769362
3769365
3769366
3769384
3769429
3769479
3769494
3769534
3769539
3769546
3769576
3769596
3769603
3769613
3769615
3769632
3769639
3769653
3769663
3769732
3769773
3769853
3769913
3769947
3769971
3769979
3770024
3770085
3770087
3770097
3770101
3770107
3770108
3770113
3770136
3770155
3770186
3770199
3770203
3770208
3770256
3770261
3770301
3770306
3770308
3770313
3770338
3770341
3770367
3770372
3770402
3770404
3770494
3770533
3770567
3770580
3770623
3770645
3770668
3770693
3770702
3770704
3770715
3770755
3770762
3770765
3770773
3770779
3770792
3770880
3770890
3770891
3770892
3770913
3770924
3770933
3770938
3770944
3770992
3771001
3771093
3771125
3771135
3771156
3771161
3771182
3771195
3771206
3771217
3771219
3771228
3771231
3771234
3771245
3771258
3771261
3771292
3771305
3771307
3771310
3771318
3771342
3771372
3771374
3771387
3771406
3771424
3771433
3771446
3771457
3771473
3771477
3771478
3771500
3771509
3771517
3771523
3771550
3771567
3771570
3771576
3771578
3771593
3771637
3771663
3771666
3771714
3771717
3771731
3771780
3771822
3771858
3771904
3771914
3771916
3771917
3771925
3771936
3771976
3771981
3771989
3771996
3772095
3772107
3772118
3772154
3772158
3772159
3772174
3772186
3772193
3772200
3772204
3772232
3772236
3772247
3772260
3772264
3772280
3772292
3772319
3772359
3772364
3772366
3772368
3772410
3772416
3772462
3772675
3772695
3772709
3772711
3772715
3772738
3772742
3772748
3772792
3772794
3772812
3772824
3772833
3772851
3772856
3772904
3772940
3772946
3772954
3772974
3772991
3772992
3772995
3772998
3773005
3773018
3773027
3773030
3773063
3773070
3773075
3773085
3773095
3773107
3773113
3773117
3773168
3773192
3773201
3773213
3773248
3773259
3773270
3773276
3773323
3773335
3773366
3773387
3773413
3773440
3773459
3773488
3773512
3773515
3773545
3773563
3773585
3773601
3773603
3773617
3773692
3773694
3773701
3773702
3773715
3773729
3773731
3773736
3773747
3773766
3773774
3773798
3773819
3773828
3773837
3773838
3773850
3773868
3773873
3773877
3773884
3773894
3773902
3773959
3773975
3774083
3774086
3774089
3774101
3774108
3774110
3774119
3774166
3774168
3774183
3774191
3774192
3774193
3774203
3774205
3774209
3774211
3774261
3774264
3774272
3774279
3774311
3774361
3774377
3774386
3774387
3774395
3774412
3774423
3774431
3774439
3774440
3774444
3774458
3774466
3774493
3774507
3774511
3774512
3774530
3774536
3774547
3774551
3774565
3774578
3774612
3774621
3774634
3774641
3774726
3774728
3774769
3774790
3774794
3774805
3774827
3774828
3774832
3774844
3774863
3774874
3774876
3774878
3774887
3774899
3774906
3774914
3774966
3774972
3775046
3775060
3775084
3775085
3775095
3775109
3775123
3775127
3775132
3775153
3775168
3775181
3775187
3775188
3775196
3775203
3775211
3775212
3775221
3775233
3775249
3775252
3775260
3775265
3775341
3775350
3782212
3782245
3782249
3788885
3788918
3788921
3788922
3788944
3788956
3788973
3788999
3789001
3789038
3789041
3789096
3789100
3789140
3789156
3789159
3789162
3789169
3789170
3789176
3789182
3789185
3789221
3789224
3789244
3789336
3789337
3789354
3789356
3789372
3789399
3789417
3789428
3789434
3789440
3789443
3789469
3789474
3789493
3789498
3789511
3789512
3789514
3789526
3789551
3789619
3789653
3789661
3789755
3789778
3789794
3789812
3789819
3789820
3789822
3789855
3789861
3789869
3789883
3789908
3789912
3789939
3789940
3789945
3789949
3789973
3789979
3790003
3790024
3790029
3790097
3790136
3790151
3790159
3790168
3790170
3790175
3790179
3790186
3790187
3790190
3790195
3790198
3790203
3790210
3790211
3790265
3790266
3790283
3790291
3790295
3790298
3790324
3790331
3790335
3790603
3790629
3790631
3790659
3790684
3790693
3790706
3790712
3790717
3790735
3790760
3790773
3790803
3790830
3790833
3790840
3790847
3790865
3790875
3790887
3790921
3790998
3791006
3791030
3791038
3791042
3791051
3791072
3791079
3791091
3791093
3791102
3791106
3791117
3791133
3791134
3791143
3791163
3791197
3791199
3791208
3791209
3791210
3791217
3791235
3791237
3791286
3791304
3791320
3791325
3791329
3791339
3791341
3791347
3791357
3791386
3791396
3791409
3791432
3791437
3791438
3791460
3791461
3791465
3791481
3791488
3791494
3791501
3791522
3791548
3791559
3791595
3791601
3791605
3791607
3791634
3791646
3791680
3791682
3791692
3791706
3791710
3791712
3791713
3791738
3791742
3791752
3791807
3791808
3791816
3791841
3791900
3791901
3791913
3791917
3791924
3791929
3791931
3791941
3791947
3791967
3791977
3791983
3791984
3791986
3791989
3791992
3791996
3792007
3792013
3792072
3792078
3792099
3792128
3792153
3792154
3792156
3792160
3792174
3792204
3792261
3792272
3792296
3792298
3792310
3792328
3792331
3792332
3792343
3792393
3792396
3792474
3792484
3792488
3792492
3792528
3792545
3792548
3792560
3792654
3792661
3792664
3792696
3792716
3792771
3792772
3792796
3792798
3792825
3792853
3792861
3792922
3792957
3792961
3792963
3792968
3792985
3792992
3793002
3793061
3793064
3793071
3793080
3793085
3793103
3793115
3793136
3793147
3793151
3793159
3793274
3793291
3793319
3793350
3793351
3793427
3793438
3793473
3793507
3793540
3793552
3793566
3793569
3793599
3793603
3793610
3793612
3793620
3793627
3793632
3793674
3793700
3793722
3793731
3793773
3793778
3793805
3793807
3793851
3793858
3793871
3793880
3793914
3793922
3793926
3793961
3793973
3793990
3794013
3794016
3794040
3794049
3794050
3794052
3794075
3794088
3794110
3794116
3794121
3794147
3794152
3794157
3794160
3794177
3794187
3794188
3794189
3794197
3794244
3794245
3794249
3794379
3794396
3794435
3794459
3794467
3794473
3794485
3794520
3794523
3794524
3794534
3794605
3794618
3794629
3794633
3794641
3794644
3794662
3794674
3794693
3794741
3794809
3794814
3794824
3794853
3794871
3794877
3794880
3794887
3794900
3794901
3794906
3794936
3794948
3794954
3794967
3795007
3795013
3795017
3795019
3795030
3795037
3795045
3795084
3795090
3795097
3795102
3795127
3795129
3795130
3795177
3795188
3795194
3795197
3795199
3795202
3795210
3795238
3795239
3795247
3795250
3795275
3795299
3795333
3795381
3795419
3795468
3795472
3795533
3795538
3795614
3795615
3795621
3795622
3795644
3795703
3795710
3795744
3795747
3795758
3795762
3795763
3795771
3795807
3795825
3795828
3795850
3795856
3795875
3795877
3795881
3795910
3795914
3795960
3795979
3795985
3795988
3796039
3796040
3796071
3796074
3796159
3796160
3796161
3796167
3796168
3796170
3796183
3796214
3796228
3796229
3796231
3796240
3796247
3796249
3796258
3796279
3796291
3796326
3796328
3796332
3796341
3796348
3796349
3796351
3796393
3796395
3796414
3796415
3796419
3796437
3796450
3796451
3796453
3796461
3796517
3796519
3796523
3796558
3796562
3796584
3796587
3796598
3796602
3796603
3796640
3796688
3796703
3796712
3796736
3796739
3796748
3796758
3796778
3796779
3796780
3796790
3796807
3796810
3796812
3796855
3796859
3796895
3796915
3796916
3796953
3796966
3796977
3797010
3797013
3797022
3797023
3797027
3797031
3797048
3797084
3797085
3797091
3797095
3797113
3797115
3797120
3797133
3797166
3797223
3797287
3797294
3797306
3797313
3797333
3797338
3797359
3797368
3797371
3797389
3797538
3797540
3797546
3797590
3797637
3797659
3797708
3797709
3797711
3797733
3797737
3797793
3797819
3797828
3797831
3797857
3797861
3797882
3797933
3798043
3798044
3798064
3798076
3798101
3798102
3798176
3798211
3798222
3798243
3798244
3798266
3798348
3798375
3798391
3798416
3798425
3798447
3798457
3798511
3798547
3798551
3798553
3798577
3798636
3798654
3798663
3798670
3798672
3798673
3798700
3798705
3798706
3798711
3798716
3798718
3798739
3798740
3798766
3798812
3798837
3798840
3798858
3798871
3798874
3798917
3798921
3798987
3799025
3799042
3799061
3799064
3799074
3799076
3799094
3799125
3799255
3799268
3799321
3799324
3799387
3799388
3799392
3799489
3799491
3799506
3799537
3799550
3799565
3799567
3799629
3799668
3799682
3799684
3799711
3799713
3799721
3799724
3799727
3799745
3799761
3799763
3799789
3799791
3799796
3799798
3799871
3799882
3799885
3799916
3799932
3799936
3799974
3799998
3800024
3800043
3800045
3800068
3800089
3800137
3800193
3800207
3800208
3800252
3800254
3800257
3800258
3800266
3800269
3800275
3800311
3800313
3800353
3800357
3800389
3800405
3800408
3800585
3800587
3800589
3800600
3800601
3800626
3800642
3800643
3800748
3800749
3800756
3800759
3800791
3800815
3800832
3800841
3800844
3800877
3800885
3800889
3801002
3801004
3801018
3801097
3801107
3801110
3801149
3801323
3801345
3801379
3801380
3801410
3801418
3801441
3801452
3801508
3801529
3801533
3801558
3801576
3801601
3801617
3801622
3801631
3801635
3801700
3801717
3801735
3801750
3801755
3801806
3801832
3801859
3801875
3801925
3801949
3801984
3802006
3802045
3802046
3802048
3802052
3802065
3802066
3802078
3802079
3802110
3802194
3802243
3802274
3802275
3802284
3802297
3802348
3802354
3802373
3802377
3802378
3802382
3802437
3802475
3802477
3802479
3802492
3802507
3802523
3802526
3802529
3802558
3802566
3802567
3802578
3802647
3802664
3802700
3802707
3802715
3802720
3802723
3802728
3802730
3802748
3802758
3802765
3802767
3802778
3802780
3802851
3802857
3802874
3802968
3803019
3803020
3803028
3803041
3803042
3803043
3803116
3803419
3803420
3803425
3803426
3803440
3803492
3803516
3803549
3803550
3803589
3803597
3803602
3803633
3803688
3803691
3803694
3803699
3803717
3803719
3803731
3803764
3803800
3803806
3803809
3803813
3803827
3803832
3803837
3803900
3803908
3803914
3803922
3803929
3803935
3803942
3803955
3803962
3803997
3803998
3804008
3804012
3804051
3804055
3804057
3804062
3804078
3804084
3804091
3804109
3804110
3804113
3804114
3804124
3823288
3823298
3823382
3823388
3823389
3823412
3823420
3823442
3823459
3823514
3823521
3823538
3823612
3823675
3823678
3823679
3823691
3823693
3823695
3823702
3823723
3823724
3823728
3823765
3823768
3823780
3823782
3823791
3823800
3823806
3823807
3823808
3823835
3823848
3823853
3823854
3823865
3823881
3823886
3823897
3823898
3823916
3823927
3823985
3824094
3824137
3824142
3824152
3824159
3824163
3824243
3824312
3824314
3824340
3824345
3824401
3824407
3824429
3824438
3824473
3824476
3824480
3824484
3824541
3824544
3824582
3824590
3824628
3824637
3824650
3824651
3824655
3824665
3824707
3824718
3824727
3824737
3824784
3824803
3824820
3824831
3824875
3824878
3824881
3824883
3824970
3824977
3824978
3825031
3825037
3825049
3825055
3825074
3825075
3825080
3825103
3825145
3825172
3825183
3825189
3825199
3825202
3825218
3825234
3825245
3825247
3825275
3825278
3825290
3825293
3825311
3825361
3825385
3825420
3825423
3825455
3825458
3825462
3825483
3825488
3825523
3825571
3825575
3825594
3825595
3825597
3825602
3825648
3825657
3825658
3825665
3825680
3825688
3825705
3825724
3825731
3825771
3825780
3825786
3825821
3825829
3825834
3825840
3825844
3825849
3825874
3825881
3825898
3825908
3826004
3826013
3826021
3826048
3826050
3826097
3826104
3826106
3826121
3826129
3826144
3826152
3826157
3826165
3826179
3826180
3826189
3826196
3826209
3826212
3826213
3826223
3826242
3826254
3826255
3826265
3826295
3826298
3826370
3826454
3826504
3826507
3826558
3826591
3826595
3826600
3826611
3826626
3826630
3826655
3826668
3826678
3826747
3826748
3826754
3826777
3826780
3826785
3826787
3826806
3826819
3826859
3827017
3827024
3827031
3827049
3827055
3827062
3827076
3827077
3827088
3827148
3827164
3827173
3827180
3827194
3827200
3827215
3827252
3827262
3827334
3827373
3827433
3827471
3827473
3827474
3827476
3827489
3827493
3827495
3827527
3827543
3827549
3827573
3827575
3827604
3827679
3827795
3827797
3827801
3827802
3827805
3827807
3827808
3827821
3827843
3827845
3827871
3827877
3827918
3827926
3827934
3827950
3827951
3827960
3827982
3828005
3828006
3828010
3828012
3828016
3828019
3828022
3828026
3828030
3828031
3828048
3828059
3828091
3828154
3828167
3828170
3828186
3828192
3828195
3828201
3828222
3828245
3828256
3828300
3828349
3828367
3828370
3828391
3828450
3828459
3828474
3828483
3828504
3828510
3828512
3828522
3828538
3828559
3828566
3828577
3828608
3828616
3828619
3828620
3828640
3828642
3828646
3828663
3828665
3828685
3828688
3828695
3828738
3828751
3828753
3828754
3828757
3828775
3828778
3828779
3828802
3828804
3828868
3828884
3828891
3828906
3828911
3828924
3828928
3828944
3828956
3828962
3828963
3828966
3828968
3829000
3829004
3829013
3829084
3829089
3829116
3829119
3829121
3829129
3829154
3829159
3829160
3829178
3829181
3829195
3829220
3829233
3829262
3829265
3829272
3829273
3829275
3829276
3829299
3829314
3829341
3829344
3829346
3829347
3829348
3829438
3829480
3829485
3829486
3829522
3829561
3829574
3829589
3829610
3829620
3829621
3829646
3829655
3829662
3829673
3829675
3829694
3829709
3829710
3829713
3829724
3829748
3829761
3829763
3829791
3829796
3829799
3829836
3829869
3829870
3829879
3829889
3829890
3829926
3829930
3829940
3829941
3829954
3830010
3830011
3830012
3830013
3830016
3830050
3830060
3830065
3830067
3830074
3830089
3830103
3830128
3830132
3830208
3830216
3830217
3830236
3830311
3830312
3830314
3830390
3830407
3830408
3830410
3830413
3830461
3830494
3830521
3830530
3830535
3830540
3830566
3830579
3830659
3830675
3830686
3830690
3830702
3830704
3830711
3830735
3830792
3830797
3830860
3830863
3830891
3830907
3830912
3830916
3830945
3830994
3831007
3831028
3831048
3831052
3831067
3831072
3831099
3831129
3831138
3831152
3831236
3831260
3831315
3831326
3831343
3831366
3831378
3831389
3831397
3831402
3831428
3831430
3831450
3831501
3831623
3831625
3831648
3831704
3831706
3831707
3831862
3831864
3831874
3831875
3831880
3831932
3831934
3832000
3832134
3832136
3832167
3832222
3850498
3850519
3850535
3850547
3850548
3850608
3850625
3850740
3850742
3850748
3850759
3850761
3850770
3850806
3850820
3850822
3850826
3850863
3850888
3850928
3851009
3851061
3851065
3851083
3851086
3851091
3851167
3851176
3851294
3851302
3851310
3851370
3851389
3851432
3851433
3851438
3851440
3851458
3851459
3851466
3851491
3851494
3851507
3851550
3851555
3851556
3851576
3851587
3851594
3851616
3851617
3851627
3851631
3851787
3851790
3851871
3851881
3851913
3851964
3851967
3851969
3851997
3852013
3852025
3852031
3852059
3852062
3852066
3852075
3852080
3852097
3852137
3852185
3852191
3852198
3852314
3852316
3852319
3852339
3852353
3852355
3852363
3852369
3852370
3852389
3852390
3852398
3852418
3852442
3852443
3852465
3852493
3852502
3852508
3852514
3852539
3852546
3852554
3852556
3852560
3852572
3852611
3852627
3852628
3852686
3852691
3852721
3852728
3852733
3852757
3852763
3852786
3852802
3852805
3852820
3852878
3852903
3852923
3852945
3852947
3852972
3852976
3852999
3853005
3853023
3853024
3853036
3853037
3853039
3853043
3853051
3853056
3853074
3853131
3853133
3853137
3853139
3853143
3853144
3853163
3853203
3853219
3853221
3853227
3853228
3853232
3853260
3853307
3853308
3853311
3853319
3853362
3853387
3853392
3853393
3853417
3853419
3853423
3853430
3853435
3853436
3853449
3853510
3853547
3853625
3853629
3853644
3853645
3853653
3853669
3853671
3853685
3853690
3853696
3853700
3853701
3853717
3853737
3853740
3853741
3853747
3853750
3853809
3853815
3853816
3853826
3853853
3853984
3853994
3854012
3854037
3854091
3854096
3854113
3854122
3854134
3854139
3854140
3854148
3854153
3854154
3854182
3854183
3854185
3854220
3854256
3854269
3854278
3854349
3854360
3854411
3854423
3854427
3854449
3854455
3854467
3854468
3854484
3854506
3854511
3854518
3854563
3854570
3854577
3854637
3854649
3854656
3854661
3854671
3854687
3854714
3854731
3854740
3854741
3854745
3854771
3854802
3854804
3854815
3854868
3854877
3854884
3854890
3854891
3854897
3854904
3854925
3854928
3854946
3854974
3854983
3854987
3855015
3855035
3855054
3855064
3855081
3855082
3855109
3855145
3855153
3855180
3855224
3855264
3855297
3855300
3855318
3855336
3855343
3855346
3855363
3855368
3855382
3855395
3855397
3855401
3855405
3855418
3855420
3855424
3855459
3855462
3855464
3855465
3855471
3855487
3855492
3855503
3855507
3855515
3855519
3855528
3855534
3855537
3855557
3855559
3855591
3855625
3855652
3855656
3855708
3855728
3855731
3855733
3855742
3855747
3855748
3855774
3855818
3855825
3855830
3855917
3855985
3855995
3855996
3856006
3856008
3856009
3856012
3856013
3856017
3856024
3856026
3856033
3856051
3856060
3856062
3856069
3856081
3856095
3856104
3856111
3856112
3856139
3856142
3856210
3856227
3856285
3856290
3856323
3856325
3856339
3856345
3856350
3856425
3856435
3856440
3856468
3856489
3856515
3856523
3856552
3856558
3856566
3856575
3856589
3856634
3856640
3856670
3856673
3856688
3856726
3856727
3856754
3856828
3856834
3856856
3856865
3856866
3856871
3856873
3856894
3856909
3856912
3856922
3856941
3856944
3856975
3856977
3856984
3856989
3856990
3856991
3857042
3857070
3857081
3857085
3857091
3857092
3857095
3857116
3857133
3857140
3857143
3857167
3857231
3857237
3857252
3857268
3857292
3857311
3857313
3857316
3857317
3857375
3857386
3857394
3857397
3857400
3857404
3857426
3857450
3857461
3857496
3857503
3857516
3857531
3857544
3857590
3857609
3857610
3857623
3857630
3857641
3857672
3857696
3857709
3857711
3857740
3857742
3857754
3857785
3857789
3857898
3857903
3857905
3857939
3857960
3857964
3857965
3857992
3858006
3858011
3858012
3858015
3858019
3858039
3858041
3858048
3858067
3858079
3858089
3858165
3858199
3858205
3858207
3858208
3858230
3858236
3858237
3858238
3858277
3858278
3858285
3858320
3858321
3858326
3858379
3858382
3858384
3858394
3858403
3858408
3858428
3858432
3858437
3858451
3858466
3858478
3858510
3858568
3858572
3858592
3858623
3858644
3858648
3858700
3858702
3858728
3858736
3858788
3858795
3858816
3858839
3858849
3858898
3858932
3858986
3858993
3858996
3858999
3859003
3859007
3859010
3859021
3859040
3859076
3859117
3859182
3859185
3859193
3859194
3859202
3859220
3859244
3859285
3859295
3859303
3859317
3859342
3859357
3859367
3859369
3859415
3859473
3859484
3859511
3859515
3859555
3859557
3859560
3859572
3859606
3859627
3859636
3859711
3859713
3859761
3859779
3859780
3859788
3859818
3859825
3859826
3859849
3859854
3859855
3859861
3859862
3859872
3859876
3859895
3859898
3859906
3859944
3859951
3859981
3859984
3859999
3860007
3860013
3860014
3860026
3860043
3860053
3860076
3860077
3860084
3860086
3860089
3860100
3860106
3860118
3860135
3860138
3860139
3860142
3860146
3860159
3860207
3860248
3860249
3860292
3860332
3860335
3860337
3860348
3860373
3860377
3860378
3860386
3860402
3860420
3860421
3860469
3860484
3860517
3860634
3860651
3860652
3860688
3860702
3860712
3860717
3887297
3887325
3887327
3887342
3887350
3887353
3887368
3887369
3887370
3887372
3887374
3887387
3887411
3887416
3887423
3887426
3887506
3887507
3887542
3887543
3887552
3887567
3887568
3887574
3887582
3887583
3887586
3887591
3887619
3887637
3887645
3887649
3887651
3887660
3887676
3887678
3887679
3887684
3887692
3887704
3887717
3887720
3887735
3887783
3887785
3887796
3887841
3887849
3887850
3887853
3887866
3887868
3887910
3887912
3887916
3887918
3887973
3887979
3887982
3887986
3887989
3887999
3888025
3888030
3888052
3888102
3888108
3888138
3888142
3888152
3888156
3888247
3888259
3888260
3888265
3888268
3888291
3888294
3888329
3888338
3888347
3888348
3888367
3888371
3888397
3888450
3888487
3888506
3888507
3888582
3888607
3888613
3888615
3888618
3888638
3888674
3888735
3888738
3888756
3888776
3888780
3888786
3888796
3888823
3888834
3888837
3888856
3888860
3888867
3888874
3888921
3888943
3889078
3889150
3889161
3889178
3889180
3889206
3889219
3889223
3889224
3889227
3889228
3889231
3889238
3889239
3889252
3889279
3889290
3889315
3889318
3889376
3889385
3889399
3889502
3889503
3889504
3889536
3889568
3889577
3889592
3889620
3889621
3889623
3889668
3889724
3889797
3889860
3889886
3889897
3889906
3889916
3889920
3889927
3889928
3889933
3889968
3889973
3889978
3890012
3890052
3890064
3890130
3890148
3890213
3890214
3890227
3890229
3890243
3890248
3890255
3890259
3890265
3890286
3890308
3890350
3890352
3890387
3890389
3890398
3890403
3890413
3890422
3890427
3890432
3890488
3890494
3890498
3890521
3890523
3890529
3890597
3890608
3890612
3890641
3890644
3890654
3890767
3890769
3890782
3890805
3890810
3890811
3890815
3890838
3890877
3890884
3890887
3890889
3890911
3890915
3890922
3890933
3890940
3890973
3891005
3891006
3891046
3891068
3891096
3891101
3891102
3891103
3891115
3891116
3891120
3891126
3891229
3891240
3891285
3891286
3891291
3891298
3891308
3891324
3891399
3891470
3891488
3891552
3891674
3891683
3891722
3891774
3891783
3891805
3891817
3891880
3891922
3891926
3892015
3892063
3892074
3892089
3892135
3892171
3892178
3892200
3892201
3892269
3892271
3892273
3892276
3892297
3892300
3892302
3892314
3892332
3892335
3892337
3892358
3892360
3892365
3892392
3892400
3892434
3892450
3892452
3892455
3892461
3892519
3892527
3892601
3892665
3892687
3892689
3892693
3892789
3892794
3892879
3892952
3892955
3892965
3892989
3892990
3893058
3893061
3893066
3893072
3893079
3893081
3893087
3893090
3893096
3893143
3893148
3893231
3893284
3893303
3893305
3893350
3893453
3893482
3893520
3893562
3893620
3893623
3893628
3893657
3893659
3893663
3893686
3893859
3893861
3893863
3893890
3893913
3894051
3894062
3894064
3894069
3894070
3894096
3894097
3894145
3894157
3894194
3894222
3894233
3894247
3894304
3894313
3894317
3894320
3894339
3894345
3894369
3894378
3894403
3894405
3894408
3894418
3894460
3894470
3894473
3894505
3894531
3894540
3894556
3894557
3894567
3894648
3894765
3894790
3894798
3894808
3894819
3894827
3894834
3894838
3894867
3894880
3894884
3894889
3894891
3894920
3894955
3894967
3894981
3894990
3895042
3895047
3895111
3895113
3895116
3895120
3895122
3895251
3895287
3895297
3895301
3895314
3895346
3895371
3895373
3895411
3895416
3895433
3895502
3895601
3895611
3895612
3895617
3895670
3895730
3895738
3895743
3895745
3895761
3895855
3895879
3895977
3895994
3896017
3896064
3896115
3952809
3952824
3952885
3952913
3952920
3952952
3952967
3952971
3952974
3952995
3953002
3953031
3953040
3953054
3953081
3953108
3953129
3953143
3953173
3953186
3953190
3953193
3953198
3953226
3953243
3953255
3953269
3953328
3953424
3953428
3953455
3953475
3953501
3953505
3953506
3953538
3953540
3953720
3954071
3954072
3954736
3954751
3954766
3954769
3954794
3954804
3954807
3954815
3954819
3954827
3954869
3954896
3954909
3954912
3954920
3954923
3954929
3954936
3954948
3954967
3955049
3955067
3955089
3955093
3955099
3955132
3955138
3955168
3955181
3955187
3955364
3955368
3955382
3955394
3955403
3955412
3955432
3955438
3955462
3955478
3955502
3955566
3955573
3955577
3955616
3955690
3955694
3955737
3955756
3955776
3955785
3955961
3955974
3955981
3956006
3956008
3956027
3956052
3956059
3956066
3956115
3956153
3956156
3956169
3956211
3956219
3956241
3956367
3956424
3956450
3956489
3956575
3956584
3956659
3956660
3956661
3956691
3956710
3956721
3956724
3956783
3956813
3956815
3956849
3956907
3956910
3956990
3957019
3957033
3957057
3957080
3957207
3957211
3957227
3957257
3957271
3957278
3957298
3957342
3957356
3957389
3957392
3957397
3957417
3957418
3957444
3957452
3957460
3957466
3957576
3957632
3957634
3957666
3957670
3957684
3957724
3957762
3957779
3957782
3957793
3957833
3957861
3957862
3957923
3958005
3958024
3958030
3958037
3958166
3958169
3958188
3958192
3958193
3958203
3958211
3958228
3958237
3958307
3958320
3958341
3958392
3958442
3958466
3958619
3958620
3958639
3958650
3958661
3958664
3958665
3958668
3958732
3958807
3958823
3958833
3958844
3958856
3958895
3958902
3958937
3958945
3958975
3958984
3959049
3959065
3959117
3959119
3959151
3959157
3959188
3959219
3959228
3959366
3959367
3959370
3959386
3959390
3959397
3959458
3959464
3959465
3959493
3959496
3959572
3959591
3959600
3959601
3959608
3959609
3959613
3959642
3959653
3959655
3959661
3959700
3959712
3959722
3959735
3959742
3959755
3959797
3959805
3959813
3959818
3959830
3959840
3959842
3959856
3959886
3959890
3959941
3959969
3959971
3959996
3960013
3960020
3960024
3960028
3960038
3960067
3960088
3960093
3960094
3960099
3960149
3960210
3960216
3960240
3960245
3960269
3960283
3960286
3960314
3960333
3960338
3960364
3960371
3960373
3960392
3960423
3960428
3960445
3960480
3960481
3960493
3960501
3960504
3960556
3960569
3960572
3960580
3960594
3960596
3960617
3960679
3960680
3960692
3960710
3960713
3960790
3960797
3960821
3960850
3960881
3960888
3960894
3960898
3960918
3960941
3960950
3960958
3960973
3960985
3961012
3961013
3961079
3961086
3961107
3961108
3961112
3961127
3961180
3961183
3961194
3961226
3961242
3961292
3961298
3961315
3961344
3961366
3961370
3961372
3961375
3961383
3961409
3961419
3961476
3961485
3961501
3961528
3961548
3961549
3961639
3961659
3961674
3961677
3961682
3961690
3961703
3961744
3961749
3961776
3961778
3961799
3961811
3961850
3961886
3961894
3961900
3961986
3961995
3962006
3962021
3962036
3962121
3962168
3962172
3962308
3962325
3962333
3962334
3962350
3962365
3962368
3962385
3962393
3962397
3962399
3962400
3962408
3962439
3962461
3962465
3962472
3962483
3962514
3962589
3962600
3962606
3962607
3962647
3962651
3962661
3962665
3962667
3962673
3962705
3962708
3962739
3962780
3962801
3962827
3962847
3962848
3962862
3962863
3962865
3962868
3962870
3962877
3962890
3962911
3962912
3962915
3962923
3962930
3962953
3962964
3962972
3962988
3962990
3962993
3962995
3962997
3963024
3963030
3963033
3963048
3963131
3963161
3963165
3963178
3963179
3963259
3963281
3963314
3963328
3963346
3963349
3963371
3963372
3963375
3963382
3963413
3963419
3963438
3963441
3963465
3963483
3963513
3963532
3963545
3963563
3963577
3963597
3963607
3963626
3963675
3963683
3963697
3963699
3963700
3963799
3963828
3963831
3963841
3963865
3963992
3964017
3964027
3964039
3964077
3964087
3964097
3964104
3964106
3964148
3964154
3964156
3964186
3964204
3964209
3964232
3964243
3964252
3964268
3964288
3964290
3964292
3964295
3964330
3964341
3964367
3964371
3964373
3964386
3964391
3964415
3964423
3964424
3964426
3964446
3964463
3964469
3964476
3964535
3964609
3964611
3964633
3964646
3964655
3964703
3964758
3964760
3964763
3964825
3964870
3964874
3964891
3964927
3964987
3965020
3965024
3965043
3965074
3965088
3965107
3965109
3965122
3965124
3965197
3965203
3965369
3965425
3965440
3965452
3965502
3965505
3965539
3965548
3965567
3965665
3965673
3965685
3965723
3965727
3965733
3965745
3965763
3965818
3965837
3965852
3965857
3965860
3965871
3965878
3965881
3965883
3965886
3965908
3965919
3965954
3965960
3966042
3966067
3966071
3966119
3966156
3966321
3966332
3966335
3966376
3966421
3966432
3966456
3966496
3966509
3966515
3966540
3966541
3966544
3966550
3966578
3966579
3966580
3966617
3966622
3966674
3966717
3966739
3966759
3966760
3966764
3966772
3966774
3966779
3966780
3966798
3966799
3966861
3966867
3966873
3966957
3967054
3977550
3977552
3977554
3977556
3977740
3977817
3977842
3977920
3977946
3977968
3977989
3977992
3978000
3978032
3978033
3978178
3978180
3978210
3978509
3978578
3978588
3978590
3978600
3978602
3978603
3978607
3978611
3978615
3978623
3978624
3978635
3978702
3978801
3978808
3978816
3978861
3978910
3978914
3978918
3979027
3979039
3979045
3979066
3979069
3979091
3979097
3979100
3979111
3979116
3979139
3979141
3979269
3979276
3979300
3979312
3979377
3979473
3979502
3979521
3979530
3979557
3979565
3979568
3979608
3979650
3979688
3979698
3979738
3979739
3979744
3979746
3979759
3979765
3979769
3979772
3979840
3979866
3979883
3980021
3980037
3980038
3980044
3980164
3980340
3980352
3980355
3980395
3980417
3980421
3980440
3980459
3980508
3980528
3980550
3980581
3980589
3980643
3980697
3980711
3980712
3980717
3980719
3980786
3980787
3980790
3980821
3980823
3980828
3980830
3980831
3980852
3980855
3980857
3980871
3980907
3981042
3981062
3981063
3981065
3981066
3981126
3981132
3981136
3981153
3981183
3981236
3981239
3981258
3981271
3981322
3981331
3981350
3981352
3981353
3981465
3981475
3981476
3981529
3981531
3981568
3981607
3981704
3981706
3981708
3981713
3981721
3981760
3981832
3981886
3981888
3981891
3981893
3981900
3981915
3981985
3982063
3982064
3982140
3982160
3982174
3982221
3982322
3982327
3982343
3982380
3982381
3982416
3982442
3982451
3982453
3982489
3982579
3982582
3982584
3982586
3982600
3982602
3982683
3982716
3982779
3982780
3983052
3983119
3983140
3983144
3983155
3983158
3983168
3983206
3983207
3983210
3983215
3983257
3983332
3983389
3983394
3983417
3983420
3983447
3983497
3983502
3983568
3983571
3983682
3983757
3983796
3983910
3983912
3983915
3983926
3983959
3983961
3983984
3983986
3983987
3984012
3984018
3984053
3984062
3984080
3984089
3984096
3984205
3984206
3984212
3984222
3984228
3984231
3984247
3984254
3984255
3984259
3984295
3984297
3984308
3984400
3984422
3984443
3984448
3984452
3984453
3984459
3984464
3984465
3984467
3984554
3984556
3984568
3984573
3984584
3984587
3984602
3984621
3984624
3984626
3984639
3984641
3984646
3984648
3984692
3984714
3984760
3984768
3984802
3984822
3984824
3984839
3984840
3984845
3984858
3984866
3984907
3984923
3984969
3985002
3985045
3985074
3985079
3985095
3985140
3985206
3985209
3985231
3985257
3985273
3985279
3985280
3985281
3985285
3985320
3985334
3985348
3985350
3985363
3985376
3985381
3985384
3985386
3985389
3985391
3985393
3985395
3985439
3985444
3985446
3985457
3985467
3985476
3985490
3985493
3985495
3985513
3985555
3985576
3985578
3985600
3985610
3985634
3985689
3985718
3985721
3985726
3985747
3985805
3985941
3985987
3985994
3986094
3986180
3986268
3986278
3986314
3986340
3986343
3986385
3986397
3986437
3986459
3986464
3986497
3986556
3986580
3986582
3986639
3986642
3986644
3986771
3986787
3986794
3986799
3986828
3986830
3986831
3986857
3986885
3986908
3986911
3986922
3986945
3986950
3986960
3986965
3986976
3986979
3987130
3987175
3987179
3987182
3987217
3987272
3987295
3987335
3987353
3987406
3987411
3987412
3987440
3987453
3987471
3987478
3987480
3987482
3987484
3987510
3987516
3987519
3987531
3987539
3987545
3987547
3987558
3987565
3987567
3987622
3987716
3987727
3987737
3987777
3987782
3987803
3987810
3987816
3987828
3987842
3987845
3987860
3987872
3987888
3987956
3987985
3988027
3988078
3988079
3988087
3988114
3988185
3988197
3988273
3988274
3988287
3988306
3988307
3988314
3988348
3988363
3988368
3988373
3988376
3988407
3988445
3988491
3988507
3988573
3988577
3988584
3988587
3988598
3988619
3988687
3988734
3988759
3988777
3988798
3988816
3988826
3988836
3988864
3988883
3988910
3988913
3988972
3988973
3988981
3988993
3989037
3989046
3989141
3989143
3989196
3989289
3989307
3989327
3989390
3989418
3989444
3989445
3989455
3989466
3989479
3989481
3989484
3989487
3989489
3989519
3989567
3989611
3989616
3989626
3989645
3989649
3989693
3989700
3989751
3989757
3989760
3989811
3989820
3989821
3989954
3989982
3989992
3990016
3990037
3990151
3990187
3990241
3990253
3990301
3990383
3990396
3990426
3990428
3990469
3990483
3990504
3990652
3990723
3990735
3990766
3990780
3990806
3990812
3990814
3990830
3990835
3990865
3990879
3990884
3990894
3990898
3990904
3990911
3990958
3990972
3990973
3991001
3991024
3991026
3991107
3991113
3991116
3991132
3991138
3991143
3991149
3991190
3991192
3991248
3991271
3991276
3991313
3991319
3991322
3991343
3991347
3991350
3991432
3991459
3991649
3991650
3991662
3991708
3991715
3991716
3991748
3991786
3991823
3991826
3991831
3991833
3991836
3991841
3991861
3991870
3991888
3991893
3991918
3991924
3991953
3992057
3992074
3992081
3992102
3992122
3992170
3992181
3992213
3992226
3992230
3992243
3992262
3992264
3992283
3992369
3992379
3992407
3992409
3992413
3992421
3992436
3992443
3992447
3992473
3992487
3992494
3992519
3992523
3992550
3992557
3992584
3992609
3992616
3992647
3992653
3992675
3992681
3992697
3992709
3992733
3992752
3992758
3992817
3992834
3992893
3992937
3992948
3992966
3993014
3993018
3993024
3993033
3993066
3993099
3993105
3993116
3993128
3993156
3993208
3993214
3993218
3993247
3993249
3993261
3993269
3993271
3993303
3993305
3993315
3993339
3993349
3993355
3993362
3993369
3993393
3993417
3993418
3993442
3993445
3993584
3993594
3993599
3993602
3993613
3993628
3993650
3993682
3993686
3993712
3993716
3993727
3993729
3993737
3993745
3993757
3993773
3993779
3993781
3993794
3993797
3993861
3993876
3993882
3993893
3993894
3993903
3993947
3993955
3993964
3993993
3993999
3994007
3994026
3994052
3994057
3994071
3994112
3994136
3994163
3994194
3994216
3994218
3994231
3994232
3994252
3994256
3994259
3994265
3994276
3994284
3994323
3994326
3994329
3994331
3994342
3994345
3994393
3994394
3994400
3994514
3994547
3994550
3994556
3994562
3994568
3994591
3994628
3994680
3994709
3994738
3994807
3994838
3994864
3994867
3994872
3994892
3994963
3994967
3994970
3994983
3994992
3995002
3995018
3995031
3995059
3995103
3995112
3995114
3995135
3995148
3995178
3995204
3995213
3995218
3995237
3995239
3995257
3995280
3995290
3995346
3995354
3995393
3995452
3995457
3995459
3995492
3995526
3995536
3995539
3995553
3995598
3995612
3995613
3995622
3995625
3995688
3995713
3995785
3995795
3995802
3995806
3995811
3995817
3995868
3995878
3995899
3995927
3996003
3996020
3996052
3996055
3996057
3996060
3996081
3996113
3996130
3996137
3996190
3996194
3996197
3996221
3996236
3996247
3996298
3996317
3996329
3996331
3996341
3996356
3996374
3996410
3996418
3996426
3996441
3996491
3996584
3996586
3996602
3996618
3996621
3996629
3996632
3996648
3996677
3996684
3996703
3996714
3996722
3996778
3996787
3996797
3996801
3996811
3996816
3996828
3996846
3996849
3996862
3996903
3996904
3996910
3996917
3996938
3996952
3996958
3996960
3996963
3996966
3997124
3997133
3997169
3997171
3997210
3997211
3997218
3997222
3997230
3997266
3997268
3997308
3997312
3997318
3997346
3997351
3997354
3997365
3997466
3997476
3997492
3997527
3997538
3997592
3997607
3997630
3997682
3997684
3997697
3997703
3997706
3997747
3997804
3997813
3997814
3997824
3997919
3997947
3997949
3998051
3998069
3998117
3998119
3998178
3998206
3998208
3998324
3998325
3998330
3998355
3998361
3998367
3998370
3998387
3998394
3998422
3998436
3998469
3998481
3998498
3998516
3998532
3998590
3998621
3998636
3998647
3998648
3998653
3998662
3998688
3998768
3998808
3998819
3998827
3998854
3998878
3998940
3998943
3998979
3999034
3999036
3999066
3999084
3999089
3999091
3999093
3999120
3999137
3999147
3999155
3999158
3999162
3999217
3999308
3999317
3999445
3999478
3999573
3999595
3999605
3999616
3999650
3999652
3999661
3999663
3999671
3999719
3999724
3999731
3999744
3999770
3999813
3999863
3999867
3999871
3999900
3999905
3999906
4000009
4000041
4000044
4000073
4000074
4000077
4000103
4000128
4000360
4000370
4000493
4000505
4000511
4000532
4000556
4000575
4000585
4000606
4000607
4000629
4000633
4000647
4000655
4000754
4000755
4000759
4000762
4000791
4000794
4000796
4000802
4000803
4000829
4000855
4000960
4000990
4000993
4001024
4001209
4001222
4001225
4001228
4001318
4001327
4001340
4001351
4001374
4001401
4001418
4001425
4029425
4029442
4029447
4029499
4029535
4029543
4029544
4029607
4029611
4029680
4029734
4029756
4029846
4029849
4030597
4030617
4030644
4030650
4030654
4030657
4030679
4030746
4030769
4030788
4030808
4030813
4030820
4030825
4030827
4030899
4030910
4031000
4031002
4031017
4031066
4031070
4031072
4031075
4031076
4031107
4031117
4031119
4031226
4031281
4031329
4031615
4031622
4031627
4031634
4031656
4031658
4031659
4031679
4031682
4031683
4031690
4031695
4031698
4031711
4031738
4031742
4031813
4031817
4031914
4031928
4031929
4031951
4031952
4031953
4031960
4031961
4031967
4032017
4032051
4032057
4032065
4032100
4032131
4032138
4032139
4032141
4032144
4032258
4032292
4032325
4032326
4032446
4032452
4032462
4032468
4032563
4032605
4032623
4032680
4032686
4032792
4032793
4032832
4032866
4032936
4033053
4033054
4033058
4033099
4033289
4033291
4033314
4033498
4033501
4033521
4033522
4033584
4033594
4033607
4033635
4033641
4033660
4033661
4033768
4033771
4033773
4033786
4033789
4033805
4033811
4033838
4033858
4033862
4033899
4033901
4033962
4033973
4034025
4034027
4034044
4034048
4034049
4034057
4034059
4034079
4034114
4034129
4034131
4034153
4034159
4034235
4034244
4034245
4034257
4034269
4034278
4034280
4034283
4034295
4034314
4034326
4034342
4034343
4034346
4034409
4034411
4034428
4034476
4034499
4034559
4034571
4034614
4034618
4034652
4034653
4034655
4034676
4034851
4034869
4034889
4034923
4034976
4035043
4035049
4035051
4035052
4035056
4035089
4035095
4035122
4035126
4035130
4035159
4035161
4035168
4035172
4035206
4035207
4035215
4035239
4035390
4035399
4035405
4035415
4035443
4035499
4035528
4035536
4035550
4035552
4035553
4035581
4035582
4035599
4035602
4035606
4035612
4035681
4035718
4035722
4035750
4035752
4035758
4035760
4035793
4035880
4035882
4035927
4035971
4035975
4035988
4035990
4035996
4036032
4036035
4036086
4036089
4036136
4036142
4036231
4036271
4036478
4036482
4036484
4036487
4036489
4036496
4036502
4036522
4036539
4036542
4036563
4036602
4036634
4036645
4036659
4036664
4036666
4036678
4036694
4036698
4036754
4036755
4036826
4036831
4036832
4036835
4037010
4037019
4037055
4037056
4037063
4037066
4037069
4037088
4037095
4037102
4037105
4037106
4037111
4037176
4037178
4037182
4037193
4037295
4037403
4037463
4037468
4037496
4037656
4037667
4037690
4037741
4037759
4037762
4037800
4037867
4037882
4037897
4037898
4037913
4037916
4037917
4037927
4038020
4038036
4038041
4038044
4038047
4038053
4038054
4038060
4038061
4038083
4038125
4038136
4038215
4038228
4038234
4038277
4038281
4038399
4038487
4038507
4038590
4038591
4038619
4038621
4038691
4038696
4038722
4038734
4038739
4038741
4038748
4038763
4038789
4038802
4038805
4038819
4038820
4038850
4060312
4060314
4060317
4060352
4060369
4060396
4060440
4060478
4060482
4060488
4060527
4060531
4060532
4060534
4060540
4060544
4060590
4060651
4060668
4060675
4060741
4060743
4060746
4060761
4060782
4060783
4060829
4060835
4060849
4060891
4060915
4060956
4060998
4061019
4061026
4061029
4061113
4061145
4061153
4061155
4061178
4061179
4061193
4061194
4061232
4061240
4061251
4061255
4061279
4061327
4061331
4061364
4061383
4061414
4061442
4061464
4061530
4061546
4061548
4061561
4061604
4061607
4061634
4061635
4061636
4061680
4061690
4061694
4061723
4061724
4061745
4061868
4061878
4061914
4061930
4061939
4061960
4062036
4062167
4062176
4062181
4062199
4062201
4062206
4062215
4062232
4062247
4062257
4062272
4062299
4062310
4062315
4062337
4062339
4062340
4062352
4062362
4062366
4062367
4062393
4062416
4062427
4062430
4062437
4062438
4062457
4062458
4062459
4062482
4062612
4062614
4062635
4062668
4062711
4062712
4062719
4062742
4062859
4062960
4062961
4062979
4063001
4063037
4063039
4063118
4063119
4063126
4063132
4063139
4063147
4063156
4063159
4063195
4063261
4063266
4063301
4063309
4063347
4063477
4063478
4063508
4063512
4063553
4063610
4063613
4063617
4063622
4063628
4063631
4063675
4063776
4063852
4063854
4063920
4063976
4063978
4064015
4064020
4064103
4064130
4064131
4064141
4064195
4064203
4064345
4064373
4064397
4064406
4064426
4064434
4064459
4064464
4064465
4064485
4064492
4064498
4064568
4064581
4064857
4064892
4064897
4064910
4064917
4064940
4064942
4064962
4064982
4065007
4065019
4065025
4065111
4065116
4065136
4065141
4065208
4065229
4065235
4065240
4065245
4065246
4065269
4065281
4065354
4065451
4065476
4065484
4065498
4065500
4065521
4065526
4065527
4065528
4065529
4065558
4065611
4065619
4065623
4065635
4065637
4065666
4065684
4065690
4065697
4065699
4065701
4065705
4065706
4065728
4065733
4065734
4065736
4065758
4065783
4065827
4065839
4065874
4065878
4065895
4065902
4065908
4065964
4065977
4065978
4065989
4065993
4065995
4066009
4066056
4066059
4066065
4066073
4066120
4066136
4066143
4066147
4066170
4066284
4066296
4066361
4066369
4066387
4066389
4066395
4066471
4066514
4066542
4066572
4066581
4066595
4066663
4066688
4066689
4066690
4066693
4066700
4066773
4066812
4066813
4066854
4066868
4066884
4066885
4066905
4092644
4092647
4092655
4092657
4092661
4092676
4092750
4092767
4092770
4092776
4092822
4092854
4092897
4092963
4092979
4092983
4093023
4093093
4093364
4093379
4093383
4093387
4093419
4093491
4093496
4093698
4093700
4093785
4093808
4093892
4093929
4093930
4093942
4093977
4094042
4094047
4094051
4094133
4094138
4094156
4094208
4094209
4094225
4094243
4094247
4094256
4094260
4094271
4094316
4094340
4094386
4094391
4094417
4094419
4094448
4094466
4094620
4094621
4094723
4094778
4094791
4094805
4094873
4094877
4094883
4094895
4094901
4094974
4095031
4095043
4095055
4095068
4095089
4095104
4095253
4095268
4095286
4095538
4095579
4095734
4095768
4095775
4095776
4095778
4095787
4095802
4095803
4095816
4095818
4095820
4095826
4095828
4095830
4095839
4095874
4095903
4095909
4095914
4095957
4096027
4096099
4096161
4096216
4096217
4096292
4096295
4096297
4096314
4096361
4096367
4096405
4096406
4096421
4096432
4096451
4096473
4096488
4096506
4096509
4096553
4096555
4096568
4096588
4096631
4096660
4096690
4096697
4096700
4096715
4096721
4096741
4096766
4096772
4096776
4096831
4096932
4096934
4096951
4096952
4096956
4096960
4096988
4097012
4097068
4097103
4097122
4097166
4097181
4097183
4097194
4097198
4097214
4097217
4097246
4097248
4097267
4097285
4097290
4097297
4097311
4097314
4097331
4097350
4097372
4097415
4097420
4097426
4097432
4097433
4097469
4097471
4097549
4097622
4097624
4097673
4097716
4097780
4097853
4097860
4097865
4097881
4097905
4097906
4097935
4097958
4097963
4097982
4097984
4098010
4098012
4098013
4098018
4098060
4098144
4098189
4098213
4098219
4098269
4098399
4098402
4098403
4098414
4098458
4098587
4098606
4098608
4098656
4098659
4098675
4098705
4098710
4098716
4098724
4098725
4098790
4098808
4098828
4098833
4098855
4098870
4098900
4098921
4098929
4098930
4098941
4098943
4098948
4098965
4098968
4098982
4098983
4098986
4098991
4098992
4098994
4099065
4099167
4099185
4099243
4099256
4099278
4099279
4099297
4099308
4099318
4099319
4099360
4099371
4099372
4099411
4099413
4099433
4099452
4099491
4099492
4099511
4099518
4099525
4099544
4099551
4099556
4099564
4099639
4099640
4099711
4099952
4099954
4099994
4100132
4100228
4100267
4100332
4100337
4100341
4100349
4100417
4100479
4100487
4100497
4100528
4100533
4100552
4100566
4100597
4100599
4100711
4100748
4100779
4100780
4100782
4100839
4100841
4100842
4100857
4100859
4100863
4100915
4100935
4101056
4101060
4101065
4101113
4101140
4101208
4101242
4114669
4114675
4114714
4114716
4114718
4114801
4115644
4115656
4115688
4115840
4115864
4115925
4115926
4115934
4116009
4116015
4116021
4116056
4116077
4116111
4116162
4116203
4116210
4116336
4116338
4116369
4116375
4116376
4116390
4116395
4116396
4116398
4116458
4116459
4116513
4116548
4116721
4116729
4116752
4116755
4116765
4116771
4116776
4116847
4116884
4116929
4116989
4117096
4117100
4117120
4117135
4117234
4117256
4117277
4117508
4117509
4117559
4117610
4117628
4117652
4117667
4117678
4117705
4117708
4117710
4117720
4117800
4117871
4117884
4117889
4117890
4117898
4117918
4117959
4117973
4117975
4117986
4118033
4118036
4118047
4118106
4118148
4118158
4118223
4118334
4118338
4118371
4118405
4118408
4118420
4118423
4118438
4118450
4118458
4118473
4118478
4118491
4118515
4118522
4118524
4118538
4118547
4118550
4118567
4118570
4118583
4118585
4118593
4118652
4118661
4118672
4118680
4118695
4118713
4118722
4118802
4118808
4118819
4118845
4118849
4118857
4118907
4118923
4118926
4118934
4119016
4119017
4119050
4119054
4119058
4119095
4119098
4119111
4119122
4119123
4119126
4119128
4119131
4119137
4119139
4119142
4119150
4119249
4119256
4119272
4119278
4119285
4119300
4119301
4119303
4119328
4119336
4119351
4119355
4119358
4119387
4119432
4119434
4119442
4119444
4119488
4119528
4119532
4119555
4119559
4119583
4119585
4119586
4119630
4119634
4119734
4119735
4119744
4119796
4119807
4119808
4119838
4119841
4119882
4119885
4119956
4119972
4119977
4119998
4120000
4120038
4120040
4120064
4120070
4120083
4120085
4120121
4120124
4120165
4120183
4120280
4120281
4120301
4120369
4120376
4120394
4120503
4120505
4120510
4120838
4120881
4121046
4121048
4121117
4121226
4121228
4121274
4121275
4121277
4121301
4121335
4121336
4121348
4121407
4121414
4121438
4121460
4121464
4121465
4121490
4121493
4121502
4121518
4121519
4121524
4121542
4121545
4121575
4121585
4121596
4121610
4121651
4121653
4121673
4121678
4121714
4121739
4121742
4121744
4121766
4121794
4121832
4121833
4124710
4125926
4126358
4126947
4186843
4187018
4187021
4187038
4187080
4187102
4187108
4187109
4187113
4187115
4187152
4187216
4187217
4187241
4187263
4187308
4187332
4187335
4187337
4187342
4187343
4187432
4187433
4187482
4192566
4192575
4192657
4192658
4192681
4192689
4192690
4192692
4192696
4192706
4192729
4192752
4192756
4192759
4192874
4193002
4194580
4197822
4197835
4197903
4197929
4197951
4198079
4198096
4198097
4198103
4198125
4198128
4198154
4198155
4198159
4198201
4198220
4198242
4198276
4198288
4198289
4198342
4198343
4198344
4198406
4198407
4198409
4198413
4198416
4198428
4198466
4198515
4198523
4198545
4198561
4198563
4198564
4198663
4198669
4198738
4198807
4198808
4198812
4198868
4198895
4198917
4198921
4199005
4199196
4199200
4199237
4199274
4199276
4199559
4199567
4199568
4199570
4199574
4199579
4199664
4199667
4199771
4199812
4199815
4199831
4199833
4199838
4199845
4199851
4199873
4199891
4199922
4199954
4200080
4200085
4200118
4200312
4200368
4200369
4200374
4200392
4200457
4200459
4200460
4200464
4200527
4200539
4200540
4200541
4200548
4200566
4200578
4200584
4200599
4200608
4200613
4200633
4200655
4200683
4200719
4200737
4200740
4200752
4200753
4200754
4200793
4200798
4200806
4200829
4200830
4200840
4200843
4200848
4200861
4200864
4200865
4200873
4200879
4200902
4200910
4200966
4200969
4200995
4201009
4201017
4201028
4201030
4201031
4201080
4201090
4201123
4201127
4201130
4201134
4201152
4201204
4201261
4201314
4201315
4201316
4201347
4201416
4201417
4201424
4201426
4201429
4201437
4201454
4201472
4201473
4201474
4201475
4201484
4201493
4201514
4201524
4201526
4201529
4201558
4201564
4201567
4201571
4201587
4201666
4201669
4201685
4201686
4201693
4201737
4201798
4201820
4201821
4201843
4201847
4201850
4201852
4201884
4201889
4201892
4202211
4203815
4203971
4204330
4204841
4205942
4206083
4206403
4206506
4207067
4207069
4207070
4207075
4207077
4207168
4207171
4207191
4207206
4207251
4207268
4207271
4207286
4212334
4212376
4212482
4212486
4212494
4212501
4212541
4212543
4212550
4212558
4212563
4212565
4212577
4212626
4212674
4212699
4212707
4212720
4212722
4212741
4212743
4212761
4212824
4212886
4212897
4212902
4212907
4212909
4212925
4212936
4212950
4212968
4213071
4213079
4213081
4213083
4213096
4213105
4213106
4213107
4213111
4213174
4213176
4213288
4213310
4213311
4213321
4213324
4213325
4213326
4213344
4213345
4213346
4213351
4213390
4213424
4213475
4213505
4213511
4213512
4213515
4213545
4213549
4213551
4213571
4213598
4213599
4213603
4213604
4213612
4218698
4218700
4218773
4218793
4218819
4218859
4218860
4218861
4218868
4218896
4218905
4218930
4218968
4219099
4219101
4219102
4219109
4219119
4219120
4219121
4219151
4219153
4219154
4219160
4219174
4219177
4219184
4219197
4219210
4219212
4219213
4219301
4219303
4219323
4219328
4219396
4219464
4219467
4219471
4219480
4219482
4219491
4219552
4219554
4219559
4219577
4219603
4219612
4219618
4219626
4219640
4219660
4219664
4219708
4219714
4219718
4219720
4219768
4219834
4219852
4219854
4219895
4219899
4219915
4219918
4219970
4220077
4220087
4221791
4221975
4222411
4222821
4223369
4223685
4223864
4225356
4225359
4225426
4225482
4225596
4225698
4225749
4225881
4225891
4225905
4225908
4225917
4225923
4225924
4225929
4225935
4226029
4226082
4226088
4226107
4226109
4226118
4226136
4226157
4226182
4226184
4226202
4415928
4415932
4415975
4415983
4415985
4416177
4416224
4416229
4416288
4416292
4416322
4416325
4416549
4416553
4416568
4416616
4416778
4416810
4416813
4416814
4416972
4417079
4417083
4417093
4417103
4417106
4417115
4417146
4417148
4417254
4417324
4417341
4417362
4417364
4417386
4417388
4417576
4417583
4417586
4417668
4417716
4417770
4417772
4417948
4417949
4418065
4418066
4418152
4418183
4418185
4418189
4418229
4418284
4418289
4418301
4418335
4418394
4418404
4418484
4418564
4418604
4418862
4418943
4418948
4418988
4419058
4419064
4419065
4419089
4419095
4419096
4419104
4419128
4419201
4419209
4419231
4419288
4419300
4419314
4419334
4419349
4419368
4419391
4419392
4419396
4419540
4419605
4419621
4419624
4419626
4419673
4419734
4419738
4419748
4419749
4419754
4419763
4419768
4419773
4419888
4419921
4419940
4419958
4419962
4419964
4420000
4420001
4420003
4420021
4420033
4420039
4420065
4420090
4420110
4420144
4420147
4420160
4420167
4420182
4420201
4420212
4420255
4420259
4420292
4420295
4420321
4420437
4420443
4420475
4420476
4420481
4420483
4420487
4420575
4420577
4420608
4420610
4420619
4420631
4420701
4420713
4430818
4438144
4438156
4438179
4438211
4438215
4438230
4438342
4438343
4439512
4439513
4439530
4439534
4439570
4439592
4439619
4439620
4439625
4439670
4439680
4439719
4439723
4439788
4439792
4439810
4439838
4439846
4439848
4439870
4439874
4440010
4440013
4440023
4440028
4440029
4440035
4440038
4440040
4440080
4440081
4440119
4440141
4440186
4440187
4440189
4440247
4440249
4440254
4440257
4440281
4440283
4440292
4440295
4440298
4440308
4440336
4440352
4440366
4440367
4440372
4440376
4440399
4440402
4440456
4440581
4440584
4440604
4440613
4440621
4440630
4440663
4440708
4440843
4440855
4440877
4440878
4440895
4440945
4441273
4441275
4441281
4441295
4441297
4441328
4441330
4441354
4441361
4441363
4441365
4441367
4441381
4441383
4441400
4441401
4441406
4441411
4441425
4441473
4441482
4441487
4441540
4441542
4441543
4441579
4441601
4441625
4441640
4441643
4441647
4441660
4441859
4441860
4441871
4441875
4446981
4446984
4447018
4447096
4447131
4447207
4447240
4447249
4447256
4447283
4447284
4447332
4447334
4447341
4447351
4447368
4447370
4447398
4447419
4447427
4447449
4447451
4447453
4447462
4447474
4447477
4447478
4447500
4447519
4447530
4447543
4447547
4447572
4447597
4447599
4447621
4447685
4447698
4447737
4447742
4447756
4447807
4447822
4447829
4447958
4448007
4448089
4448094
4448129
4448130
4448174
4448178
4448180
4448193
4448253
4448255
4448270
4448311
4448320
4448328
4448409
4448421
4448444
4448447
4448449
4448461
4448463
4448481
4448520
4448521
4448534
4448536
4448538
4448558
4448561
4448574
4448589
4448592
4448595
4448634
4448637
4448647
4448653
4448729
4448735
4448806
4448816
4448819
4448838
4448882
4448891
4448903
4448907
4448914
4448915
4448932
4448936
4448938
4448947
4448949
4448970
4448982
4449005
4449062
4449089
4449109
4449113
4449136
4449144
4449173
4449174
4449284
4449285
4449293
4449321
4449447
4449545
4449569
4449578
4449584
4449628
4449636
4449731
4449750
4450031
4474150
4474152
4474175
4474255
4474317
4474340
4474344
4474402
4474403
4474422
4474437
4474439
4474460
4474464
4474496
4474497
4474538
4474592
4474593
4474594
4474599
4474601
4474672
4474751
4474756
4474774
4474776
4474793
4474814
4474844
4474856
4474871
4474936
4474949
4475025
4475043
4475159
4475165
4475246
4475251
4475256
4475272
4475339
4475340
4475369
4475371
4475393
4475419
4475495
4475602
4475630
4475813
4475823
4475838
4475854
4475867
4475887
4476035
4476148
4476232
4476244
4476248
4476572
4476584
4476588
4476593
4476597
4476612
4476778
4476845
4476855
4476870
4476889
4476896
4476897
4477155
4477166
4477188
4477216
4477221
4477243
4477465
4477507
4477595
4477627
4477680
4477858
4477883
4477889
4477894
4477950
4477972
4477974
4477977
4477978
4477983
4477985
4478082
4478187
4478207
4478488
4478540
4478547
4478548
4478565
4478569
4478614
4478636
4478670
4478674
4478712
4478740
4478766
4478774
4478776
4478783
4478887
4479018
4479026
4479095
4479098
4479145
4479183
4479188
4479198
4479240
4479252
4479258
4479295
4479312
4479352
4479356
4479519
4479527
4479532
4479597
4479599
4479600
4479668
4479694
4479717
4479736
4479785
4479792
4479801
4479809
4479819
4479820
4479832
4479839
4479849
4479853
4479855
4479858
4479878
4479932
4479938
4479952
4480013
4480032
4480059
4480066
4480107
4480108
4480128
4480132
4480162
4480347
4480380
4480382
4480387
4480401
4480508
4480518
4480588
4480638
4480749
4480874
4480896
4480929
4480947
4480986
4481026
4481031
4481060
4481074
4481076
4481080
4481088
4481099
4510756
4510757
4510763
4510810
4510818
4510848
4510855
4510930
4510945
4511020
4511034
4511059
4511060
4511068
4511079
4511082
4511209
4511242
4511246
4511249
4511260
4511262
4511263
4511265
4511329
4511332
4511334
4511335
4511343
4511364
4511371
4511390
4511486
4511506
4511566
4511644
4511776
4511825
4511872
4511927
4511933
4511975
4512165
4512181
4512182
4512213
4512235
4512249
4512250
4512297
4512318
4512338
4512348
4512356
4512418
4512421
4512502
4512515
4512517
4512529
4512536
4512564
4512576
4512611
4512613
4512644
4512678
4512709
4512715
4512722
4512797
4512834
4512838
4513041
4513062
4513278
4513367
4513681
4518270
4518280
4518284
4518305
4518321
4518373
4518378
4518439
4518440
4518442
4518453
4518528
4518530
4518570
4518740
4518744
4518827
4518830
4518849
4518872
4518895
4518936
4518958
4519042
4519044
4519095
4519098
4519105
4519120
4519124
4519175
4519240
4519274
4519322
4519330
4519334
4519461
4519462
4519472
4519476
4519488
4519496
4519498
4519509
4519513
4519546
4519551
4519560
4519561
4519571
4519585
4519590
4519629
4519655
4519705
4519718
4519782
4519805
4519808
4519809
4519843
4519846
4519865
4519866
4519885
4519990
4520014
4520016
4520039
4520058
4520066
4520070
4520086
4520118
4520125
4520174
4520181
4520201
4520285
4520371
4520391
4520395
4520400
4520401
4520461
4520496
4520519
4520528
4520530
4520537
4520630
4520764
4520801
4521082
4521106
4521117
4521202
4521275
4521410
4521436
4521482
4521487
4521489
4521519
4521526
4521530
4521591
4521611
4521625
4521640
4521722
4521759
4521761
4521818
4521839
4521857
4521926
4521927
4521931
4521953
4521963
4521966
4521993
4521999
4522007
4522044
4522283
4522443
4522455
4522623
4522682
4522756
4522934
4522993
4522999
4523035
4523409
4523441
4523497
4523498
4523502
4523515
4523521
4523529
4523533
4523575
4523681
4523682
4523797
4523801
4523810
4523952
4524061
4524064
4541143
4541273
4541373
4541411
4541412
4541426
4541456
4541458
4541469
4541486
4541511
4541521
4541559
4541564
4541577
4541713
4541745
4541760
4541764
4541765
4541769
4541811
4541817
4541930
4541947
4541975
4542004
4542096
4542135
4542137
4542149
4542216
4542218
4542219
4542235
4542242
4542246
4542252
4542316
4542326
4542340
4542458
4542461
4542491
4542536
4542569
4542614
4542742
4543081
4543095
4543105
4543232
4543236
4543242
4543385
4543391
4543436
4543440
4543494
4543551
4543734
4543910
4544354
4544676
4545253
4545346
4546359
4546629
4547338
4547484
4548057
4548729
4548799
4548901
4548927
4549013
4570041
4570090
4570117
4570120
4570201
4570280
4570281
4570283
4570287
4570294
4570427
4570432
4570474
4570478
4570491
4570569
4570634
4570640
4570643
4570694
4570716
4570723
4570742
4571556
4571581
4571625
4571662
4571665
4571689
4571694
4571696
4571711
4571719
4571721
4571723
4571724
4571725
4571730
4571731
4571733
4571736
4571849
4571870
4571872
4571884
4571900
4571922
4571976
4571979
4571984
4571988
4572174
4572597
4572616
4572647
4572651
4572652
4572724
4572865
4572885
4572964
4572973
4573136
4573179
4573253
4573256
4573353
4573406
4573438
4573445
4573447
4573516
4573528
4573548
4573557
4573562
4573599
4573600
4573623
4573627
4573631
4573632
4573635
4573645
4573749
4573772
4573868
4573870
4573925
4573949
4573956
4573959
4573960
4574027
4574113
4574120
4574143
4574145
4574147
4574152
4574190
4574200
4574236
4574237
4574251
4574271
4574273
4574275
4574296
4574333
4574335
4574338
4574349
4574373
4574394
4574400
4574450
4574452
4574465
4574490
4574492
4574502
4574505
4574532
4574540
4574549
4574554
4574566
4574569
4574592
4574615
4574645
4574714
4574764
4574771
4574788
4574789
4574792
4574793
4574795
4574810
4574811
4574827
4574865
4574920
4574929
4574938
4575076
4575110
4575117
4575118
4575121
4575129
4575149
4575166
4575169
4575198
4575229
4575234
4575236
4575273
4575277
4575280
4575282
4575285
4575367
4575371
4575455
4575456
4575459
4575461
4575628
4575630
4575631
4575656
4575681
4575706
4575762
4575789
4575792
4575914
4575926
4575945
4575976
4575990
4575994
4576109
4576111
4576114
4576173
4576174
4576176
4576203
4576284
4576301
4576398
4576402
4576437
4576482
4576487
4576488
4576517
4576519
4576520
4576535
4576536
4576537
4576546
4576584
4576588
4576599
4576603
4576611
4576613
4576656
4576659
4576733
4576736
4576767
4576865
4576867
4576946
4576978
4576983
4576984
4576986
4576999
4577039
4577103
4577112
4577210
4577222
4577228
4577272
4577290
4577367
4577384
4577388
4577457
4577463
4577469
4577574
4577582
4577596
4577653
4577665
4577673
4577679
4577692
4577694
4577713
4577724
4577814
4577838
4577842
4577843
4577876
4577879
4577902
4577941
4593588
4593604
4593693
4593717
4593718
4593727
4593806
4593825
4593873
4593975
4594013
4594062
4594084
4594093
4594107
4594138
4594181
4594192
4594196
4594203
4594261
4594270
4594382
4594429
4594433
4594494
4594500
4594535
4594559
4594572
4594579
4594607
4594611
4594640
4594654
4594658
4594661
4594663
4594703
4594711
4594712
4594737
4594738
4594743
4594763
4594768
4594788
4594790
4594795
4594825
4594922
4594924
4595052
4595125
4595155
4595200
4595251
4595261
4595262
4595266
4595289
4595293
4595295
4595302
4595303
4595310
4595341
4595350
4595357
4595358
4595368
4595414
4595421
4595424
4595436
4595437
4595440
4595459
4595460
4595488
4595512
4595513
4595517
4595568
4595599
4595604
4595605
4595837
4595866
4595867
4595868
4595882
4595938
4595993
4595995
4596003
4596016
4596152
4596155
4596161
4596215
4596315
4596317
4596404
4596407
4596475
4596477
4596500
4596502
4596553
4596555
4596564
4596585
4596664
4596674
4596675
4596726
4596752
4596849
4596860
4596867
4596902
4596903
4596913
4596961
4596963
4596972
4596983
4596986
4597014
4597018
4597037
4597049
4597060
4597062
4597070
4597074
4597081
4597083
4597095
4597240
4597271
4597280
4597293
4597312
4597316
4597335
4597375
4597378
4597405
4597415
4597458
4597554
4597569
4597572
4597587
4597610
4597653
4597675
4597681
4597686
4597689
4597727
4597728
4597732
4597740
4597754
4597776
4597867
4597889
4597895
4597909
4597923
4597951
4597953
4597954
4597962
4597977
4597979
4597983
4597984
4597988
4597992
4597997
4598013
4598020
4598023
4598028
4598034
4598044
4598067
4598110
4598198
4598204
4598229
4598238
4598258
4598262
4598276
4598294
4598298
4598314
4598356
4598382
4598383
4598414
4598512
4598520
4598521
4598635
4598636
4598695
4598718
4598720
4598761
4598777
4598833
4598834
4598835
4598841
4598870
4599222
4599230
4599247
4599314
4599322
4599325
4599371
4599384
4599389
4599398
4599469
4599477
4599550
4599564
4599566
4599569
4599723
4599731
4599747
4599753
4599799
4599878
4599886
4599891
4599899
4599901
4599915
4599917
4600093
4600095
4600096
4600129
4600244
4600288
4600289
4600328
4600394
4600448
4600467
4600470
4600489
4600690
4600775
4601012
4601013
4601158
4601163
4601170
4601172
4601180
4601206
4601211
4601219
4601229
4601232
4601233
4601498
4601516
4601580
4601582
4601612
4601777
4601784
4601785
4601845
4601881
4601896
4601917
4626101
4626203
4626206
4626207
4626211
4626212
4626251
4626253
4626298
4626300
4626301
4626305
4626309
4626316
4626396
4626417
4626425
4626426
4626427
4626429
4626431
4626434
4626435
4626506
4626540
4626554
4626568
4626615
4626622
4626623
4626625
4626640
4626643
4626645
4626677
4626709
4626712
4626723
4626735
4626737
4626766
4626774
4626775
4626783
4626786
4626801
4626804
4626813
4626829
4626848
4626849
4626852
4626885
4626892
4626894
4626895
4626940
4626946
4626974
4626979
4627060
4627061
4627065
4627118
4627123
4627127
4627132
4627133
4627134
4627143
4627153
4627154
4627193
4627196
4627256
4627259
4627272
4627320
4627332
4627377
4627403
4627452
4627515
4627649
4627651
4627656
4627668
4627670
4627671
4627681
4627682
4627683
4627685
4627726
4627763
4627820
4627842
4627870
4627871
4627874
4627892
4627893
4627896
4627910
4627912
4627994
4628045
4628180
4649319
4649321
4649352
4649354
4649357
4649360
4649370
4649414
4649426
4649436
4649505
4649706
4649721
4649765
4649769
4649788
4649804
4649806
4649818
4649828
4649835
4650272
4650296
4650300
4650397
4650449
4650769
4650828
4650829
4650975
4651025
4651033
4651124
4651128
4651130
4651218
4651250
4651280
4651281
4651283
4651284
4651285
4651294
4651332
4651337
4651339
4651375
4651382
4651393
4651397
4651461
4651464
4651465
4651472
4651489
4651494
4651495
4651536
4651571
4651576
4651653
4651674
4651691
4651695
4651728
4651734
4651766
4651916
4651939
4651986
4651994
4652144
4652153
4652157
4652243
4652252
4652275
4652279
4652443
4652506
4652539
4652616
4652793
4652794
4652867
4652901
4652944
4652961
4653014
4653015
4653019
4653025
4653027
4653039
4653045
4653051
4653052
4653053
4653055
4653061
4653082
4653084
4653093
4653101
4653176
4653181
4653183
4653195
4653199
4653212
4653224
4653228
4653241
4653248
4653314
4653316
4653322
4653344
4653346
4653428
4653431
4653468
4653537
4653540
4653549
4653552
4653561
4653624
4653627
4653652
4653787
4653792
4653810
4653812
4653819
4653831
4653843
4653866
4653877
4653878
4653938
4653939
4653940
4653944
4653965
4653970
4654010
4654011
4654020
4654047
4654075
4654076
4654104
4654111
4654118
4654378
4654379
4654393
4654395
4654483
4654511
4654534
4654586
4654611
4654695
4654715
4654716
4654725
4654732
4654735
4654737
4654754
4654777
4654782
4654832
4654845
4655080
4655104
4655169
4655172
4655271
4655343
4655360
4655369
4655371
4655389
4655397
4655400
4655410
4655443
4655444
4655654
4655656
4655657
4655667
4655772
4655788
4655799
4655861
4655862
4655863
4656034
4656042
4656102
4656109
4656119
4656188
4656193
4656238
4656242
4656248
4656254
4656255
4656423
4656426
4656438
4656452
4656462
4656616
4656634
4656635
4656667
4656683
4656727
4656757
4656760
4656761
4656778
4656829
4656896
4656897
4656966
4656999
4657000
4657003
4657046
4657060
4657093
4657134
4657138
4657143
4657157
4657158
4657355
4657365
4657386
4657392
4657393
4657416
4657434
4657439
4657466
4657469
4657480
4657535
4657548
4657563
4657688
4657777
4657789
4657799
4657848
4657852
4657855
4657860
4657861
4657870
4657880
4657910
4657920
4658013
4658015
4658038
4658040
4658047
4658052
4658086
4658095
4658329
4658348
4658383
4658453
4658612
4658613
4658625
4658680
4658686
4658689
4658692
4658705
4658750
4658783
4658791
4658795
4658900
4658941
4658973
4659002
4659004
4659117
4659121
4659138
4659142
4659204
4659252
4659253
4659278
4659281
4659308
4659358
4659359
4659428
4659435
4659519
4659529
4659531
4659591
4659683
4659689
4659703
4659791
4659798
4659904
4659919
4659923
4659943
4659987
4660022
4660059
4660061
4660064
4660068
4660088
4660090
4660105
4660168
4660281
4660311
4660312
4660313
4660570
4660597
4660603
4660643
4660644
4660645
4660658
4660677
4660701
4660708
4660728
4660772
4660778
4660810
4660813
4660918
4660921
4660928
4660936
4660966
4660968
4660971
4660972
4660979
4660993
4660996
4661165
4661201
4661241
4661271
4661277
4661465
4661652
4661669
4661673
4661748
4661903
4661937
4661939
4666983
4667077
4667081
4667085
4667087
4667102
4667212
4667261
4667263
4667266
4667389
4667392
4667470
4667520
4667521
4667574
4667575
4667586
4667639
4667779
4667797
4672933
4673021
4673026
4673033
4673038
4673080
4673087
4673163
4673165
4673170
4673327
4673421
4673435
4673508
4673576
4673582
4673643
4673660
4673663
4673695
4673703
4673783
4673819
4673820
4673866
4673947
4674093
4674306
4674307
4674310
4674321
4674323
4674324
4674406
4674417
4674430
4674437
4674438
4674444
4674447
4674540
4674541
4674574
4674576
4674587
4674623
4674970
4675155
4675178
4675200
4675251
4675331
4675376
4675377
4675417
4675567
4675597
4675598
4675625
4675628
4675629
4675690
4675712
4675714
4675898
4675900
4715688
4715690
4715701
4715705
4715707
4715713
4715716
4715723
4715724
4715777
4715845
4715849
4715862
4715864
4715867
4716146
4716392
4716399
4716540
4716541
4716560
4716567
4716603
4716606
4716612
4716618
4716629
4716664
4716671
4716878
4716879
4717082
4717115
4717138
4717197
4717244
4717292
4717391
4717392
4717427
4717480
4717486
4717621
4717737
4717739
4717740
4717745
4717754
4717777
4717803
4718096
4718098
4718101
4718105
4718112
4718118
4718121
4718132
4718162
4718491
4718544
4718547
4718551
4718554
4718555
4718583
4718644
4719170
4719182
4719218
4719327
4719331
4719354
4719384
4719389
4719517
4719961
4720009
4720151
4720153
4720159
4720163
4720182
4720204
4720279
4720282
4720312
4720323
4720365
4720369
4720387
4720586
4720602
4720610
4720623
4720738
4720758
4720764
4720834
4720842
4720847
4720859
4720896
4720897
4720902
4720905
4720942
4720947
4721004
4721024
4721049
4721052
4721054
4721060
4721069
4721101
4721117
4721118
4721155
4721158
4721178
4721179
4721181
4721186
4721338
4721339
4721485
4721488
4721489
4721562
4721675
4721735
4721817
4721820
4721826
4721832
4721858
4721905
4721946
4722027
4722268
4722275
4722280
4722288
4722293
4722530
4722533
4722628
4736616
4736702
4736743
4736748
4736752
4736758
4736763
4736767
4736775
4736832
4736834
4736900
4736906
4737243
4737246
4737254
4737392
4737409
4737470
4737478
4737629
4737787
4737789
4737816
4737828
4737834
4737854
4737884
4737889
4737892
4737893
4737905
4737923
4737937
4737940
4737954
4737958
4738101
4738111
4738202
4738268
4738295
4738415
4738463
4738517
4738527
4738528
4738643
4738740
4738762
4738768
4738809
4738897
4739086
4739097
4739102
4739165
4739168
4739170
4739178
4739196
4739200
4739236
4739290
4739297
4739308
4739311
4739360
4739367
4739438
4739439
4739474
4739490
4739535
4739567
4739569
4739575
4739576
4739720
4739722
4739773
4739813
4739816
4739819
4739827
4739953
4740009
4740025
4740044
4740050
4740172
4740176
4740193
4740209
4740213
4740241
4740339
4740377
4740399
4740435
4740436
4740445
4740456
4740459
4740460
4740462
4740463
4740465
4740470
4740485
4740486
4740487
4740488
4740490
4740495
4740502
4740515
4740517
4740518
4740522
4740529
4740578
4740595
4740622
4740632
4740644
4740652
4740722
4740726
4740727
4740797
4740863
4740968
4740974
4740998
4741023
4741027
4741030
4741033
4741139
4741143
4741244
4741245
4741247
4741250
4741251
4741271
4741275
4741317
4741336
4741339
4741362
4741507
4741510
4741517
4741522
4741573
4741578
4741693
4741694
4741696
4741730
4741737
4741740
4741744
4741983
4741988
4742026
4742033
4742067
4742080
4742136
4742226
4742348
4742358
4742362
4742363
4742365
4742415
4742535
4742536
4742540
4742541
4742549
4742551
4742622
4742633
4763449
4763453
4763493
4763494
4763612
4763651
4763678
4763765
4763767
4764115
4764117
4764119
4764213
4764306
4764340
4764446
4764457
4764460
4764461
4764462
4764471
4764473
4764478
4764739
4764742
4764788
4764796
4764825
4764927
4764988
4765015
4765034
4765095
4765117
4765118
4765138
4765143
4765507
4765511
4765746
4765826
4765839
4765856
4765857
4765876
4765887
4765938
4766007
4766021
4766045
4766067
4766108
4766123
4766129
4766130
4766133
4766201
4766259
4766261
4766295
4766297
4766352
4766374
4766377
4766426
4766448
4766618
4766623
4766628
4766639
4766640
4766642
4766703
4766945
4766970
4767027
4767056
4767067
4767077
4767151
4767159
4767173
4767242
4767251
4767438
4767471
4767472
4767483
4767489
4767490
4767496
4767568
4767572
4767716
4767726
4767848
4767850
4767920
4767924
4767925
4767981
4768090
4768091
4768099
4768123
4768149
4768319
4768327
4768334
4768344
4768346
4768355
4768357
4768464
4768466
4768471
4768502
4768526
4768578
4768685
4768701
4768747
4768775
4768850
4769073
4769109
4769155
4769217
4769231
4769248
4769303
4769325
4769700
4769807
4769842
4769895
4769962
4770041
4770046
4770047
4770063
4770209
4770219
4770233
4770242
4770248
4770250
4770274
4770382
4770431
4770476
4770477
4770494
4770510
4770598
4770609
4770680
4770687
4770725
4770726
4770825
4770839
4770843
4770937
4771585
4771594
4771622
4771635
4771650
4771853
4771875
4771899
4771904
4772016
4772168
4772208
4772265
4772553
4772652
4772654
4772668
4772699
4772701
4772702
4772905
4772906
4772912
4772946
4773052
4773054
4773111
4773257
4773262
4773299
4773470
4773530
4773649
4773831
4773930
4773935
4774152
4774179
4774303
4774309
4774394
4774588
4774589
4774591
4802585
4802591
4803007
4803009
4803047
4803051
4803092
4803316
4803318
4803320
4803355
4803429
4803447
4803674
4803687
4803756
4803758
4803769
4803809
4803812
4803816
4803824
4803828
4803881
4803883
4803885
4803888
4804203
4804212
4804257
4804259
4804268
4804433
4804434
4804435
4804441
4804534
4804545
4804606
4804613
4804618
4804748
4804820
4804872
4804874
4804876
4805195
4805196
4805460
4805511
4805709
4805734
4805741
4805749
4805887
4806025
4806035
4806044
4806046
4806192
4806227
4806230
4806231
4806232
4806251
4806256
4806260
4806286
4806298
4806303
4806391
4806396
4806612
4806618
4806730
4806737
4806762
4806906
4806981
4807055
4807058
4807073
4807079
4807167
4807172
4807197
4807198
4807355
4807620
4807624
4807627
4807678
4807680
4807681
4807745
4807795
4808093
4808095
4808096
4808114
4808129
4808162
4808166
4808178
4808200
4808252
4808287
4808293
4808401
4808460
4808466
4808505
4808528
4808532
4808536
4808592
4808607
4808632
4808691
4808705
4808706
4808711
4808735
4808773
4808775
4808924
4808928
4809008
4809097
4809201
4809396
4809520
4809531
4809610
4809645
4809649
4809657
4809694
4809695
4809783
4809810
4809855
4809889
4809910
4809919
4809932
4809967
4809999
4810000
4810016
4810048
4810060
4810129
4810148
4810186
4810196
4810208
4810246
4810256
4810266
4810307
4810376
4810381
4810389
4810422
4810423
4810442
4810451
4810491
4810503
4810512
4810524
4810530
4810650
4810716
4810729
4810950
4810974
4810999
4811076
4811087
4811175
4811205
4811250
4811383
4811528
4811535
4811538
4811573
4811581
4811583
4811619
4811657
4811849
4811868
4811871
4811944
4811991
4812137
4812140
4812145
4812149
4812248
4812255
4812276
4812292
4812379
4812383
4812503
4812512
4812537
4812622
4812694
4812749
4812750
4812807
4812811
4812813
4812894
4812896
4812906
4812913
4812921
4812926
4813054
4813063
4813085
4813095
4813099
4813116
4813132
4813172
4813176
4813208
4813211
4813220
4813225
4813319
4813353
4813374
4813376
4813408
4813441
4813443
4813445
4813455
4813456
4813461
4813593
4813598
4813670
4813698
4813750
4813754
4813878
4813893
4814209
4814213
4814319
4814357
4814360
4814371
4814377
4814406
4814426
4814471
4814497
4814500
4814502
4814566
4814567
4814576
4814579
4814580
4814766
4814775
4814777
4814812
4814888
4815081
4815082
4815134
4815138
4815139
4815140
4815155
4815158
4815163
4815172
4815220
4815233
4815295
4815371
4815372
4815412
4815426
4815436
4815441
4815527
4815919
4816098
4816436
4830658
4840348
4840425
4840599
4840609
4840703
4840750
4840809
4840972
4840997
4841221
4841353
4841459
4841461
4842113
4842117
4842122
4842123
4842304
4842315
4842329
4842345
4842547
4842549
4842691
4842693
4842790
4842800
4842801
4842880
4843039
4843083
4843130
4843222
4843225
4843323
4843518
4844385
4844450
4846979
4846980
4846984
4883527
4883697
4883716
4883724
4883738
4883758
4883836
4883838
4883857
4883863
4883871
4883885
4884110
4884132
4884135
4884201
4884214
4884258
4884261
4884327
4884393
4884408
4884480
4884483
4884487
4884502
4884543
4884637
4884660
4884800
4885250
4885259
4885298
4885561
4885595
4885646
4885647
4885648
4885654
4885710
4885805
4885818
4885829
4886001
4886060
4886342
4886344
4887138
4887145
4887153
4887167
4887174
4887230
4887240
4887270
4887345
4887349
4887394
4887828
4887986
4887988
4888171
4888208
4888357
4888364
4888422
4888606
4888630
4888636
4888714
4888758
4888762
4888782
4888812
4888885
4888999
4889304
4889329
4889389
4889472
4889478
4889483
4889523
4889528
4889613
4889647
4890207
4890352
4890429
4890432
4890436
4890519
4890537
4890603
4890606
4890998
4891002
4891058
4891059
4891210
4891213
4891307
4891487
4891658
4891694
4891698
4891803
4891811
4892242
4892244
4892347
4892349
4892350
4892357
4892972
4892975
4893009
4893011
4893018
4893023
4893095
4893347
4893514
4893844
4893852
4893865
4893866
4893870
4893873
4893890
4893897
4893919
4893930
4893932
4893957
4893962
4893973
4893996
4894176
4894494
4895076
4895179
4895251
4895255
4895274
4895311
4895397
4895402
4895417
4895419
4895470
4895786
4895897
4895899
4895913
4895914
4895918
4895920
4896315
4896316
4896486
4896488
4896492
4896578
4896584
4896594
4896963
4897056
4897067
4897071
4897088
4897095
4897104
4897119
4897127
4897151
4897172
4897174
4897185
4897313
4897315
4897727
4897746
4897752
4897759
4898037
4898045
4898050
4898054
4898062
4898065
4898077
4898086
4898087
4898117
4898141
4898153
4898176
4898212
4898270
4898280
4898302
4898314
4898466
4898532
4936984
4936985
4944392
4944433
4944437
4944481
4944483
4944652
4944655
4944763
4944764
4944769
4944774
4944795
4944820
4944824
4944833
4944866
4944870
4944898
4944916
4944994
4944999
4945784
4945800
4945804
4945833
4945841
4946174
4946343
4946347
4946410
4946418
4946459
4946471
4946473
4946475
4946777
4947012
4947030
4947032
4947068
4947391
4947518
4947590
4947695
4947863
4947865
4947869
4947906
4947908
4947915
4947926
4947967
4947997
4948001
4948034
4948039
4948042
4948043
4948061
4948064
4948121
4948338
4948343
4948465
4948697
4948748
4948926
4948933
4948934
4949027
4949031
4949042
4949133
4949363
4949533
4949537
4949554
4949714
4949795
4949857
4949985
4950048
4950093
4950094
4950138
4950139
4950141
4950178
4950180
4950184
4950198
4950201
4950379
4950421
4950444
4950506
4950517
4950519
4950617
4950627
4950646
4950653
4950757
4950760
4950762
4950878
4950880
4951100
4951257
4951668
4951769
4951836
4951903
4951975
4952157
4952160
4952185
4952368
4952454
4952458
4952519
4952569
4952617
4952633
4952713
4953031
4953249
4953287
4953302
4953304
4953353
4953379
4953381
4953384
4953413
4953441
4953530
4953531
4953548
4953552
4953562
4953698
4953707
4953748
4953753
4953915
4953916
4954690
4954761
4954767
4954835
4955446
4955456
4960605
4960698
4960700
4960854
4960864
4960866
4960874
4960915
4960920
4960921
4960927
4960954
4961000
4961038
4961125
4961128
4961166
4961270
4961276
4961674
4961679
4961681
4961714
4961716
4961719
4961720
4961845
4961913
4962021
4962022
4962028
4962288
4962337
4962353
4962422
4962764
4962765
4962944
4963549
4963719
5038921
5039008
5039016
5039137
5039781
5039783
5039919
5039932
5039936
5039944
5040210
5040366
5040541
5040543
5040548
5040551
5040567
5040569
5040710
5040741
5040743
5040745
5040779
5041122
5041388
5041395
5041809
5041810
5041853
5041876
5041954
5041957
5042185
5042328
5042535
5043018
5043062
5043079
5043082
5043083
5043121
5043220
5043223
5043263
5043268
5043588
5043761
5044059
5044218
5044289
5044687
5044726
5044778
5047140
5047721
5047724
5048219
5048223
5048276
5048329
5053876
5053889
5053891
5053948
5054339
5054638
5054813
5054822
5054829
5054831
5054837
5054990
5054998
5055081
5055085
5055148
5055155
5055168
5055777
5055791
5055813
5055816
5055822
5056143
5056596
5056603
5056752
5056758
5056966
5057071
5057177
5057654
5057663
5057666
5057671
5057982
5057994
5059333
5059602
5059603
5059654
5059937
5059990
5059993
5060039
5060088
5060120
5060166
5060723
5062061
5062065
5062088
5062139
5062153
5062157
5062196
5062352
5062409
5062413
5062414
5062447
5062451
5062626
5062679
5062681
5062724
5062731
5062733
5062737
5062738
5062747
5062929
5062934
5062935
5063667
5063672
5063762
5064093
5064313
5064320
5064323
5065351
5065363
5065601
5066139
5066568
5066569
5066570
5066571
5066588
5067737
5068299
5069462
5069464
5166678
5166687
5166711
5167053
5167110
5167225
5167510
5167891
5167894
5168014
5168015
5168388
5168510
5168639
5168683
5168717
5168722
5168778
5168779
5168855
5168884
5168885
5168908
5169059
5169091
5169125
5169146
5169159
5169163
5169165
5169408
5169411
5169452
5169460
5169517
5169590
5169596
5169609
5169679
5169695
5169743
5169957
5169963
5169969
5169982
5170345
5170401
5170402
5170586
5170587
5170591
5171228
5172070
5172299
5172310
5172318
5172447
5172451
5172621
5172938
5172941
5173032
5173037
5173039
5173699
5173700
5174080
5174410
5174413
5174524
5174533
5174553
5175023
5175136
5175137
5175359
5175596
5176160
5176714
5176715
5176988
5177043
5177206
5177448
5177502
5177513
5177518
5177564
5177673
5177683
5177858
5178048
5178092
5178109
5178431
5178439
5178445
5178453
5178555
5178984
5179433
5179439
5179469
5179551
5179667
5179676
5179728
5179749
5179878
5179882
5179890
5179979
5180324
5180344
5180526
5180764
5180983
5181008
5181196
5181206
5181211
5181213
5181413
5181414
5181465
5181471
5181472
5181731
5181748
5181819
5181903
5182171
5182921
5183245
5183407
5183408
5183428
5183850
5183851
5184261
5184280
5185536
5186328
5186398
5186491
5186711
5186793
5186805
5186831
5187891
5188287
5188379
5188390
5189075
5189094
5189371
5189398
5189493
5189498
5189768
5190016
5191320
5191641
5191643
5191687
5191749
5191801
5191802
5191864
5192518
5192786
5192797
5192810
5192976
5192990
5192998
5192999
5193054
5193055
5193056
5193062
5193107
5193117
5193135
5193173
5193367
5193408
5193424
5193467
5193637
5194141
5194142
5194152
5195117
5195665
5195673
5195676
5196545
5196549
5196939
5518961
5518991
5518992
5518993
5518994
5518995
5519002
5519004
5519012
5519019
5519046
5519059
5519072
5519096
5519101
5519106
5519112
5519120
5519132
5519136
5519141
5519147
5519163
5519175
5519181
5519192
5519193
5519209
5519220
5519225
5519243
5519254
5519256
5519257
5519258
5519266
5519278
5519283
5519285
5519291
5519296
5519318
5519320
5519333
5519337
5519349
5519374
5519397
5519403
5519405
5519419
5519422
5519434
5519445
5519458
5519483
5519488
5519495
5519498
5519501
5519507
5519512
5519530
5519539
5519548
5519554
5519555
5519559
5519584
5519591
5519592
5519596
5519621
5519624
5519637
5519646
5519649
5519650
5519654
5519686
5519706
5519720
5519723
5519732
5519743
5519747
5519748
5519759
5519763
5519765
5519770
5519771
5519776
5519780
5519788
5519802
5519804
5519812
5519819
5519848
5519850
5519853
5519868
5519886
5519895
5519896
5519899
5519904
5519913
5519918
5519920
5519930
5519935
5519939
5519942
5519952
5519959
5519984
5519991
5520003
5520005
5520022
5520027
5520044
5520048
5520050
5520064
5520079
5520080
5520086
5520089
5520094
5520095
5520104
5520109
5520110
5520117
5520122
5520125
5520127
5520134
5520142
5520157
5520162
5520182
5520190
5520196
5520207
5520208
5520221
5520232
5520235
5520252
5520256
5520263
5520282
5520284
5520285
5520289
5520312
5520317
5520320
5520322
5520355
5520362
5520391
5520403
5520413
5520414
5520441
5520446
5520457
5520462
5520469
5520473
5520474
5520493
5520525
5520530
5520543
5520555
5520576
5520586
5520594
5520600
5520604
5520612
5520644
5520693
5520703
5520709
5520712
5520726
5520738
5520769
5520787
5520795
5520799
5520802
5520804
5520814
5520821
5520834
5520836
5520861
5520881
5520886
5520893
5520916
5520923
5520949
5520953
5520957
5520960
5520963
5520964
5520971
5520977
5520979
5520983
5520985
5521019
5521037
5521043
5521046
5521060
5521065
5521066
5521081
5521087
5521121
5521125
5521129
5521133
5521134
5521145
5521163
5521171
5521194
5521196
5521198
5521200
5521254
5521261
5521265
5521301
5521306
5521318
5521320
5521321
5521346
5521350
5521351
5521356
5521357
5521372
5521377
5521385
5521396
5521402
5521417
5521419
5521430
5521433
5521449
5521452
5521455
5521458
5521471
5521477
5521496
5521499
5521519
5521524
5521525
5521526
5521531
5521550
5521557
5521572
5521585
5521600
5521604
5521619
5521634
5521638
5521655
5521662
5521665
5521670
5521687
5521693
5521694
5521697
5521711
5521723
5521732
5521739
5521766
5521784
5521786
5521799
5521809
5521811
5521812
5521818
5521819
5521823
5521826
5521832
5521841
5521842
5521850
5521858
5521884
5521888
5521895
5521896
5521910
5521925
5521933
5521934
5521943
5521950
5521951
5521963
5521968
5521976
5522002
5522003
5522006
5522014
5522020
5522024
5522026
5522030
5522034
5522036
5522047
5522053
5522056
5522067
5522073
5522077
5522080
5522085
5522094
5522106
5522107
5522108
5522123
5522126
5522138
5522141
5522144
5522164
5522166
5522172
5522174
5522199
5522207
5522286
5522301
5522307
5522317
5522319
5522332
5522344
5522352
5522360
5522363
5522366
5522383
5522411
5522433
5522446
5522486
5522493
5522498
5522499
5522508
5522528
5522536
5522537
5522544
5522556
5522559
5522565
5522574
5522577
5522581
5522588
5522591
5522599
5522600
5522607
5522657
5522663
5522664
5522693
5522703
5522726
5522735
5522740
5522743
5522746
5522754
5522757
5522763
5522777
5522779
5522823
5522824
5522829
5522848
5522853
5522885
5522902
5522911
5522912
5522914
5522916
5522931
5522954
5522958
5522961
5522972
5522974
5522975
5522997
5522999
5523009
5523020
5523027
5523038
5523055
5523057
5523063
5523087
5523100
5523103
5523109
5523112
5523140
5523159
5523174
5523181
5523205
5523220
5523221
5523234
5523242
5523249
5523252
5523265
5523267
5523271
5523296
5523309
5523329
5523344
5523350
5523371
5523381
5523396
5523399
5523412
5523449
5523451
5523455
5523466
5523469
5523470
5523473
5523510
5523515
5523521
5523536
5523559
5523572
5523586
5523595
5523598
5523611
5523620
5523622
5523640
5523657
5523658
5523670
5523679
5523708
5523715
5523718
5523721
5523749
5523768
5523769
5523770
5523776
5523792
5523797
5523798
5523806
5523836
5523853
5523855
5523856
5523864
5523877
5523878
5523879
5523916
5523922
5523931
5523944
5523971
5523982
5523985
5523986
5524007
5524019
5524034
5524035
5524036
5524042
5524056
5524077
5524080
5524098
5524106
5524108
5524125
5524162
5524163
5524177
5524190
5524207
5524223
5524229
5524231
5524241
5524250
5524253
5524264
5524270
5524276
5524280
5524290
5524297
5524301
5524306
5524309
5524312
5524325
5524345
5524354
5524375
5524379
5524399
5524402
5524413
5524416
5524419
5524422
5524424
5530912
5530914
5530916
5530920
5530930
5530932
5530936
5530959
5530960
5530961
5530964
5530970
5530977
5531037
5531038
5531046
5531048
5531056
5531073
5531080
5531087
5531096
5531104
5531110
5531112
5531119
5531123
5531127
5531139
5531154
5531162
5531163
5531174
5531175
5531186
5531213
5531220
5531221
5531238
5531258
5531263
5531281
5531282
5531287
5531291
5531292
5531309
5531317
5531329
5531331
5531332
5531343
5531344
5531352
5531354
5531355
5531357
5531358
5531360
5531362
5531363
5531365
5531366
5531382
5531387
5531406
5531419
5531429
5531438
5531442
5531446
5531458
5531459
5531463
5531473
5531501
5531506
5531514
5531535
5531541
5531542
5531548
5531556
5531560
5531576
5531577
5531586
5531588
5531609
5531613
5531619
5531623
5531650
5531652
5531683
5531684
5531689
5531718
5531737
5531748
5531762
5531771
5531804
5531811
5531825
5531829
5531854
5531860
5531885
5531888
5531905
5531906
5531914
5531936
5531944
5531946
5531951
5531966
5531977
5531980
5531981
5531982
5531998
5532043
5532065
5532071
5532073
5532089
5532095
5532104
5532108
5532111
5532112
5532114
5532117
5532132
5532150
5532166
5532167
5532176
5532193
5532203
5532205
5532206
5532219
5532220
5532222
5532231
5532233
5532251
5532262
5532265
5532268
5532273
5532275
5532279
5532295
5532302
5532315
5532329
5532349
5532363
5532366
5532374
5532379
5532411
5532428
5532441
5532442
5532452
5532458
5532469
5532475
5532498
5532499
5532505
5532515
5532518
5532520
5532522
5532553
5532572
5532581
5532590
5532592
5532605
5532606
5532638
5532642
5532643
5532645
5532647
5532648
5532652
5532663
5532672
5532676
5532678
5532684
5532690
5532713
5532714
5532727
5532757
5532773
5532775
5532786
5532788
5532794
5532799
5532802
5532807
5532821
5532827
5532840
5532841
5532858
5532864
5532870
5532875
5532877
5532896
5532908
5532919
5532939
5532948
5532949
5532954
5532966
5532987
5532988
5532992
5533002
5533013
5533036
5533040
5533041
5533051
5533057
5533062
5533082
5533103
5533104
5533120
5533142
5533149
5533154
5533155
5533164
5533189
5533219
5533232
5533235
5533236
5533247
5533251
5533252
5533254
5533259
5533263
5533264
5533271
5533276
5533284
5533287
5533289
5533299
5533307
5533311
5533323
5533328
5533362
5533381
5533386
5533394
5533418
5533436
5533446
5533453
5533460
5533464
5533471
5533481
5533489
5533490
5533493
5533496
5533497
5533499
5533508
5533509
5533511
5533522
5533554
5533559
5533562
5533571
5533573
5533585
5533596
5533604
5533610
5533611
5533616
5533619
5533626
5533629
5533641
5533645
5533655
5533657
5533665
5533669
5533672
5533673
5533680
5533682
5533695
5533696
5533701
5533709
5533710
5533713
5533716
5533735
5533748
5533758
5533759
5533761
5533782
5533787
5533789
5533792
5533803
5533814
5533816
5533831
5533854
5533856
5533883
5533893
5533894
5533910
5533922
5533923
5533926
5533934
5533940
5533942
5533949
5533950
5533955
5533959
5533979
5533994
5534025
5534041
5534049
5534051
5534101
5534108
5534131
5534137
5534142
5534152
5534156
5534174
5534179
5534186
5534197
5534200
5534207
5534221
5534224
5534231
5534235
5534254
5534256
5534269
5534271
5534294
5534296
5534300
5534301
5534310
5534315
5534318
5534321
5534343
5534347
5534349
5534363
5534364
5534367
5534385
5534391
5534394
5534400
5534417
5534436
5534443
5534444
5534451
5534458
5534464
5534465
5534470
5534477
5534492
5534508
5534519
5534521
5534536
5534541
5534565
5534572
5534580
5534589
5534596
5534599
5534609
5534618
5534621
5534650
5534660
5534665
5534668
5534673
5534677
5534690
5534697
5534716
5534720
5534731
5534735
5534742
5534753
5534757
5534759
5534766
5534776
5534777
5534790
5534793
5534794
5534796
5534803
5534814
5534824
5534832
5534841
5534846
5534852
5534853
5534854
5534861
5534862
5534868
5534874
5534876
5534891
5534893
5534915
5534917
5534921
5534923
5534925
5534935
5534948
5534950
5534954
5534957
5534963
5534967
5534978
5534985
5534987
5534988
5535002
5535014
5535020
5535030
5535034
5535035
5535036
5535069
5535071
5535094
5535111
5535122
5535124
5535136
5535175
5535178
5535220
5535244
5535246
5535264
5535268
5535273
5535286
5535306
5535316
5535319
5535323
5535348
5535349
5535360
5535369
5535374
5535375
5535378
5535387
5535405
5535418
5535423
5535432
5535445
5535447
5535448
5535456
5535472
5535480
5535487
5535491
5535504
5535508
5535514
5535525
5535535
5535539
5535552
5535557
5535558
5535562
5535577
5535580
5535582
5535585
5535598
5535602
5535621
5535633
5535647
5535655
5535677
5535679
5535685
5535696
5535704
5535715
5535716
5535730
5535732
5535741
5535755
5535762
5535763
5535769
5535776
5535806
5535812
5535814
5535815
5535819
5535836
5535842
5535852
5535855
5535870
5535889
5535901
5535917
5535921
5535927
5535933
5535947
5535951
5535968
5535993
5535996
5535998
5536009
5536010
5536011
5536021
5536037
5536041
5536042
5536044
5536050
5536052
5536065
5536067
5536080
5536081
5536090
5536096
5536140
5536145
5536149
5536150
5536157
5536162
5536165
5536169
5536173
5536175
5536189
5536198
5536211
5536228
5536233
5536234
5536241
5536249
5536257
5536260
5536275
5536305
5536306
5536307
5536308
5536312
5536314
5536317
5536320
5536324
5536330
5536333
5536359
5536362
5536363
5536366
5536393
5536397
5536403
5536406
5536411
5536418
5536419
5536422
5536423
5536437
5536443
5536452
5536466
5536473
5536491
5536498
5536505
5536506
5536507
5536508
5536516
5536517
5536520
5536536
5536538
5536540
5536542
5536548
5536550
5536557
5536558
5536567
5536569
5536585
5536588
5536600
5536601
5536603
5536610
5536621
5536653
5536668
5536690
5536721
5536730
5536731
5536775
5536784
5536788
5536798
5536817
5536832
5536861
5536874
5536882
5536883
5536884
5536886
5536893
5536903
5536909
5536915
5536920
5536929
5536953
5536958
5536961
5536963
5536967
5536971
5536973
5536979
5536992
5536995
5536996
5537036
5537038
5537047
5537052
5537061
5537067
5537070
5537071
5537079
5537090
5537094
5537096
5537098
5537126
5537138
5537139
5537143
5537150
5537166
5537172
5537174
5537176
5537179
5537182
5537200
5537224
5537237
5537244
5537255
5537258
5537272
5537286
5537287
5537288
5537292
5537297
5537303
5537308
5537310
5537315
5537319
5537327
5537350
5537355
5537392
5537397
5537418
5537422
5537430
5537462
5537466
5537473
5537475
5537491
5537508
5537514
5537526
5537527
5537530
5537550
5537559
5537589
5537598
5537612
5537618
5537620
5537632
5537633
5537644
5537648
5537651
5537654
5537657
5537668
5537670
5537671
5537680
5537692
5537713
5537723
5537756
5537762
5537771
5537772
5537777
5537779
5537786
5537791
5537793
5537804
5537808
5537815
5537816
5537820
5537839
5537854
5537855
5537858
5537863
5537871
5537878
5537888
5537911
5537917
5537928
5537934
5537935
5537938
5537944
5537980
5537989
5538005
5538020
5538024
5538029
5538034
5538037
5538038
5538042
5538043
5538048
5538053
5538056
5538061
5538063
5538064
5538075
5538080
5538097
5538098
5538112
5538114
5538131
5538154
5538155
5538162
5538165
5538175
5538180
5538187
5538193
5538194
5538201
5538212
5538221
5538228
5538257
5538258
5538263
5538264
5538273
5538274
5538276
5538277
5538284
5538287
5538294
5538296
5538303
5538311
5538313
5538315
5538330
5538343
5538354
5538382
5538429
5538433
5538443
5538446
5538449
5538464
5538485
5538494
5538499
5538509
5538518
5538520
5538533
5538541
5538546
5538552
5538560
5538562
5538567
5538573
5538576
5538595
5538611
5538614
5538641
5538644
5538663
5538666
5538693
5538722
5538723
5538726
5538733
5538734
5538746
5538756
5538757
5538767
5538780
5538784
5538791
5538795
5538801
5538814
5538820
5538839
5538840
5538863
5538873
5538882
5538892
5538899
5538907
5538908
5538917
5538931
5538948
5538968
5538973
5538977
5538995
5538996
5539006
5539032
5539039
5539054
5539062
5539063
5539075
5539076
5539101
5539116
5539135
5539163
5539165
5539175
5539178
5539180
5539198
5539210
5539218
5539228
5539237
5539248
5539255
5539257
5539265
5539274
5539276
5539319
5539320
5539329
5539331
5539335
5539369
5539375
5539385
5539391
5539403
5539404
5539409
5539425
5539438
5539450
5539451
5539480
5539481
5539484
5539488
5539535
5539537
5539540
5539542
5539574
5539583
5539602
5539615
5539622
5539625
5539627
5539629
5539641
5539656
5539660
5539671
5539678
5539684
5539690
5539698
5539699
5539702
5539703
5539712
5539713
5539727
5539732
5539744
5539749
5539754
5539767
5539775
5539776
5539778
5539781
5539782
5539793
5539814
5539823
5539828
5539851
5539852
5539854
5539865
5539868
5539869
5539885
5539894
5539896
5539904
5539944
5539948
5539965
5539981
5539998
5540008
5540018
5540022
5540031
5540040
5540048
5540072
5540078
5540102
5540104
5540119
5540120
5540124
5540125
5540130
5540141
5540147
5540151
5540169
5540171
5540174
5540176
5540179
5540183
5540200
5540216
5540230
5540231
5540254
5540259
5540261
5540272
5540274
5540289
5540305
5540324
5540328
5540333
5540339
5540340
5540347
5540348
5540356
5540363
5540372
5540377
5540390
5540395
5540402
5540421
5540422
5540424
5540447
5540458
5540466
5540479
5540480
5540482
5540496
5540507
5540525
5540528
5540535
5540552
5540574
5540576
5540591
5540598
5540601
5540602
5540605
5540633
5540642
5540665
5540671
5540674
5540681
5540715
5540728
5540748
5540764
5540776
5540797
5540807
5540821
5540824
5540826
5540843
5540846
5540866
5540879
5540881
5540882
5540905
5540910
5540928
5540931
5540939
5540943
5540949
5540972
5540995
5540997
5541000
5541001
5541002
5541003
5541013
5541026
5541054
5541070
5541072
5541086
5541150
5541169
5541174
5541187
5541190
5541195
5541196
5541203
5541214
5541221
5541226
5541235
5541237
5541241
5541245
5541251
5541252
5541254
5541265
5541280
5541287
5541295
5541300
5541323
5541329
5541337
5541341
5541368
5541374
5541375
5541383
5541388
5541398
5541401
5541441
5541451
5541461
5541467
5541468
5541470
5541494
5541503
5541505
5541507
5541511
5541512
5541520
5541522
5541542
5541546
5541562
5541569
5541579
5541581
5541583
5541590
5541592
5541594
5541614
5541618
5541629
5541633
5541640
5541644
5541652
5541656
5541657
5541660
5541661
5541677
5541680
5541689
5541700
5541704
5541712
5541720
5541722
5541723
5541727
5541739
5541743
5541749
5541753
5541761
5541770
5541775
5541777
5541826
5541829
5541837
5541838
5541849
5541867
5541876
5541888
5541889
5541892
5541893
5541912
5541923
5541937
5541939
5541949
5541962
5541965
5542000
5542009
5542011
5542020
5542034
5542049
5542052
5542056
5542058
5542063
5542071
5542083
5542095
5542105
5542117
5542125
5542129
5542133
5542135
5542138
5542140
5542143
5542160
5542178
5542187
5542218
5542220
5542224
5542229
5542234
5542243
5542247
5542249
5542259
5542262
5542265
5542277
5542279
5542301
5542312
5542316
5542317
5542328
5542338
5542355
5542366
5542369
5542374
5542379
5542385
5542392
5542403
5542409
5542416
5542424
5542430
5542434
5542448
5542458
5542475
5542490
5542495
5542507
5542530
5542560
5542561
5542565
5542566
5542570
5542572
5542576
5542579
5542589
5542590
5542607
5542614
5542645
5542650
5542652
5542669
5542673
5542676
5542678
5542685
5542696
5542704
5542712
5542716
5542718
5542722
5542746
5542748
5542762
5542798
5542799
5542822
5542838
5542861
5542863
5542865
5542867
5542871
5542880
5542902
5542911
5542921
5542925
5542958
5542995
5543003
5543041
5543050
5543073
5543074
5543080
5543083
5543085
5543094
5543105
5543133
5543150
5543152
5543156
5543158
5543172
5543179
5543182
5543192
5543204
5543209
5543211
5543212
5543218
5543224
5543231
5543236
5543267
5543273
5543275
5543313
5543314
5543337
5543341
5543351
5543361
5543377
5543392
5543426
5543428
5543444
5543457
5543460
5543470
5543475
5543492
5543500
5543517
5543526
5543532
5543536
5543574
5543575
5543601
5543605
5543622
5543624
5543625
5543628
5543685
5543695
5543701
5543734
5543735
5543737
5543746
5543750
5543763
5543803
5543808
5543815
5543827
5543832
5543847
5543848
5543873
5543874
5543878
5543879
5543881
5543882
5543895
5543907
5543913
5543926
5543935
5543938
5543943
5543951
5543952
5543953
5543959
5543968
5543971
5544004
5544009
5544010
5544012
5544013
5544014
5544032
5544035
5544042
5544048
5544057
5544067
5544077
5544092
5544116
5544124
5544132
5544135
5544164
5544165
5544174
5544175
5544176
5544181
5544188
5544195
5544197
5544211
5544215
5544223
5544237
5544254
5544262
5544266
5544280
5544285
5544290
5544293
5544296
5544315
5544322
5544327
5544340
5544361
5544381
5544382
5544392
5544399
5544409
5544414
5544421
5544424
5544442
5544463
5544467
5544473
5544477
5544487
5544488
5544493
5544521
5544549
5544552
5544557
5544560
5544565
5544579
5544584
5544589
5544600
5544605
5544609
5544610
5544622
5544625
5544633
5544638
5544657
5544663
5544665
5544669
5544685
5544689
5544693
5544696
5544699
5544701
5544705
5544707
5544718
5544726
5544727
5544731
5544749
5544751
5544764
5544782
5544794
5544809
5544812
5544818
5544823
5544855
5544864
5544865
5544867
5544883
5544891
5544904
5544905
5544914
5544917
5544947
5544948
5544959
5544961
5544993
5545008
5545009
5545019
5545027
5545040
5545047
5545054
5545061
5545066
5545070
5545071
5545082
5545085
5545089
5545091
5545093
5545096
5545105
5545116
5545131
5545132
5545141
5545146
5545171
5545174
5545186
5545211
5545222
5545226
5545249
5545255
5545266
5545267
5545268
5545309
5545321
5545322
5545326
5545338
5545354
5545364
5545380
5545384
5545396
5545407
5545408
5545413
5545427
5545429
5545432
5545436
5545437
5545441
5545449
5545461
5545465
5545471
5545472
5545484
5545496
5545503
5545512
5545528
5545531
5545539
5545542
5545561
5545563
5545575
5545585
5545615
5545618
5545622
5545626
5545649
5545655
5545657
5545663
5545665
5545685
5545702
5545703
5545710
5545722
5545735
5545750
5545760
5545762
5545763
5545766
5545768
5545769
5545787
5545809
5545821
5545826
5545832
5545848
5545853
5545854
5545858
5545873
5545875
5545877
5545879
5545884
5545889
5545891
5545899
5545905
5545912
5545916
5545922
5545939
5545945
5545971
5545982
5545990
5546018
5546028
5546036
5546043
5546081
5546091
5546092
5546095
5546098
5546100
5546118
5546132
5546137
5546142
5546147
5546154
5546155
5546159
5546161
5546163
5546170
5546171
5546179
5546182
5546188
5546197
5546206
5546213
5546215
5546217
5546239
5546249
5546250
5546259
5546267
5546271
5546272
5546274
5546276
5546307
5546322
5546324
5546328
5546334
5546346
5546351
5546352
5546356
5546363
5546368
5546370
5546380
5546384
5546418
5546421
5546428
5546450
5546457
5546487
5546493
5546521
5546527
5546528
5546544
5546545
5546548
5546560
5546575
5546583
5546605
5546612
5546649
5546651
5546652
5546656
5546661
5546665
5546673
5546686
5546695
5546701
5546720
5546731
5546733
5546735
5546748
5546751
5546754
5546758
5546761
5546766
5546768
5546781
5546786
5546793
5546803
5546822
5546847
5546851
5546862
5546868
5546881
5546898
5546908
5546909
5546910
5546913
5546919
5546927
5546928
5546930
5546934
5546945
5546951
5546954
5546955
5546973
5547016
5547024
5547042
5547054
5547073
5547084
5547087
5547094
5547096
5547112
5547118
5547119
5547133
5547136
5547149
5547151
5547158
5547162
5547165
5547177
5547186
5547198
5547203
5547205
5547209
5547216
5547242
5547244
5547261
5547273
5547292
5547300
5547316
5547320
5547338
5547365
5547366
5547369
5547377
5547381
5547386
5547394
5547428
5547440
5547455
5547457
5547471
5547493
5547494
5547498
5547501
5547505
5547506
5547519
5547524
5547536
5547549
5547574
5547576
5547586
5547598
5547604
5547614
5547622
5547629
5547639
5547646
5547647
5547652
5547662
5547687
5547703
5547706
5547707
5547732
5547734
5547753
5547764
5547768
5547776
5547796
5547803
5547807
5547809
5547812
5547855
5547862
5547872
5547880
5547904
5547905
5547906
5547915
5547927
5547939
5547953
5547960
5547961
5547962
5547970
5547971
5547976
5547984
5547988
5548002
5548011
5548013
5548015
5548029
5548033
5548049
5548065
5548066
5548084
5548103
5548104
5548121
5548147
5548152
5548158
5548159
5548169
5548180
5548188
5548190
5548193
5548200
5548202
5548216
5548236
5548239
5548244
5548279
5548285
5548296
5548298
5548315
5548327
5548333
5548349
5548357
5548362
5548363
5548367
5548369
5548394
5548411
5548420
5548430
5548438
5548444
5548453
5548459
5548465
5548471
5548476
5548483
5548493
5548502
5548509
5548515
5548525
5548526
5548539
5548569
5548572
5548574
5548581
5548583
5548590
5548592
5548595
5548602
5548611
5548635
5548643
5548648
5548674
5548680
5548681
5548682
5548704
5548705
5548711
5548715
5548721
5548734
5548737
5548743
5548750
5548758
5548767
5548780
5548781
5548797
5548800
5548802
5548820
5548827
5548832
5548833
5548838
5548850
5548863
5548874
5548883
5548898
5548920
5548930
5548931
5548950
5548959
5548964
5548970
5548981
5548992
5548994
5549001
5549002
5549034
5549056
5549058
5549064
5549069
5549076
5549080
5549084
5549085
5549100
5549108
5549137
5549159
5549161
5549162
5549193
5549196
5549198
5549238
5549246
5549265
5549268
5549279
5549280
5549314
5549357
5549359
5549362
5549368
5549370
5549385
5549388
5549400
5549402
5549412
5549413
5549420
5549443
5549448
5549464
5549495
5549505
5549508
5549509
5549510
5549517
5549522
5549540
5549557
5549598
5549607
5549624
5549630
5549632
5549677
5549684
5549705
5549709
5549747
5549770
5549775
5549784
5549796
5549802
5549827
5549855
5549859
5549869
5549870
5549879
5549892
5549893
5549899
5549913
5549933
5549936
5549937
5549954
5549960
5549974
5549975
5549987
5549996
5550028
5550040
5550059
5550062
5550075
5550087
5550098
5550099
5550112
5550138
5550144
5550153
5550161
5550172
5550178
5550179
5550185
5550201
5550228
5550233
5550240
5550244
5550266
5550267
5550268
5550269
5550271
5550278
5550291
5550297
5550302
5550326
5550331
5550346
5550348
5550357
5550366
5550376
5550377
5550389
5550394
5550395
5550415
5550447
5550463
5550464
5550474
5550489
5550503
5550514
5550517
5550519
5550520
5550534
5550548
5550561
5550571
5550576
5550594
5550597
5550608
5550615
5550627
5550629
5550631
5550644
5550647
5550665
5550668
5550697
5550716
5550721
5550730
5550737
5550744
5550745
5550767
5550775
5550781
5550789
5550791
5550794
5550810
5550817
5550836
5550838
5550844
5550864
5550879
5550884
5550885
5550888
5550906
5550912
5550916
5550926
5550929
5550931
5550950
5550954
5550960
5550972
5550987
5550994
5551000
5551020
5551024
5551036
5551039
5551041
5551043
5551046
5551059
5551069
5551085
5551093
5551104
5551126
5551137
5551145
5551157
5551169
5551187
5551189
5551194
5551198
5551199
5551216
5551217
5551226
5551231
5551233
5551240
5551257
5551260
5551261
5551267
5551278
5551294
5551305
5551313
5551335
5551351
5551377
5551378
5551385
5551387
5551421
5551436
5551441
5551461
5551477
5551481
5551501
5551546
5551560
5551567
5551571
5551585
5551590
5551592
5551602
5551617
5551627
5551638
5551642
5551643
5551645
5551664
5551666
5551673
5551687
5551694
5551715
5551728
5551735
5551736
5551737
5551800
5551807
5551812
5551827
5551829
5551852
5551932
5551935
5551948
5551956
5551966
5551979
5551982
5552011
5552013
5552014
5552025
5552042
5552046
5552056
5552076
5552079
5552083
5552086
5552105
5552120
5552122
5552134
5552138
5552140
5552145
5552176
5552179
5552180
5552191
5552194
5552197
5552217
5552222
5552231
5552235
5552237
5552258
5552292
5552297
5552300
5552301
5552309
5552328
5552329
5552335
5552349
5552361
5552365
5552370
5552377
5552413
5552415
5552431
5552434
5552439
5552440
5552454
5552481
5552486
5552501
5552521
5552541
5552565
5552570
5552572
5552573
5552590
5552594
5552597
5552603
5552611
5552614
5552615
5552623
5552631
5552642
5552643
5552653
5552662
5552669
5552673
5552675
5552685
5552687
5552688
5552690
5552691
5552692
5552694
5552701
5552723
5552725
5552740
5552769
5552781
5552789
5552795
5552814
5552824
5552826
5552829
5552833
5552840
5552848
5552877
5552878
5552882
5552884
5552885
5552887
5552925
5552927
5552930
5552936
5552942
5552954
5552991
5552997
5553008
5553011
5553015
5553016
5553023
5553025
5553026
5553037
5553040
5553047
5553051
5553053
5553063
5553067
5553074
5553080
5553098
5553099
5553109
5553119
5553126
5553128
5553129
5553138
5553139
5553152
5553176
5553195
5553211
5553218
5553223
5553233
5553236
5553244
5553250
5553269
5553276
5553283
5553305
5553310
5553318
5553331
5553335
5553339
5553361
5553366
5553383
5553397
5553402
5553411
5553419
5553432
5553455
5553458
5553483
5553490
5553495
5553496
5553497
5553513
5553531
5553532
5553543
5553558
5553561
5553566
5553591
5553594
5553596
5553600
5553602
5553607
5553628
5553641
5553654
5553680
5553694
5553709
5553713
5553715
5553749
5553753
5553754
5553757
5553769
5553772
5553806
5553820
5553830
5553878
5553897
5553900
5553914
5553922
5553930
5553931
5553945
5553961
5553964
5553969
5553970
5553973
5553976
5553977
5553979
5553990
5553995
5554003
5554011
5554036
5554041
5554058
5554062
5554084
5554090
5554097
5554106
5554122
5554142
5554143
5554166
5554177
5554198
5554201
5554217
5554220
5554221
5554228
5554241
5554253
5554255
5554269
5554282
5554284
5554289
5554296
5554301
5554333
5554337
5554346
5554347
5554356
5554358
5554393
5554396
5554397
5554401
5554405
5554412
5554415
5554425
5554435
5554436
5554448
5554451
5554485
5554498
5554502
5554515
5554520
5554562
5554569
5554579
5554582
5554583
5554603
5554622
5554660
5554662
5554676
5554695
5554715
5554719
5554725
5554747
5554751
5554764
5554766
5554769
5554789
5554803
5554813
5554824
5554829
5554850
5554854
5554858
5554868
5554870
5554871
5554902
5554905
5554911
5554915
5554931
5554937
5554945
5554948
5554951
5554961
5554973
5554991
5555009
5555035
5555044
5555045
5555056
5555074
5555101
5555106
5555109
5555112
5555117
5555151
5555161
5555166
5555174
5555207
5555229
5555234
5555255
5555275
5555283
5555298
5555299
5555309
5555313
5555317
5555328
5555332
5555337
5555352
5555369
5555373
5555390
5555394
5555395
5555398
5555409
5555410
5555413
5555415
5555420
5555421
5555428
5555432
5555437
5555469
5555473
5555476
5555488
5555489
5555507
5555524
5555525
5555528
5555538
5555539
5555561
5555567
5555574
5555586
5555592
5555602
5555619
5555632
5555649
5555652
5555666
5555669
5555681
5555682
5555693
5555702
5555706
5555710
5555712
5555714
5555720
5555721
5555722
5555744
5555750
5555751
5555757
5555760
5555768
5555777
5555786
5555790
5555795
5555813
5555828
5555829
5555836
5555839
5555851
5555861
5555868
5555882
5555891
5555894
5555898
5555902
5555917
5555923
5555935
5555956
5555966
5555967
5555971
5555972
5555973
5555979
5555981
5555984
5555992
5556009
5556024
5556035
5556048
5556051
5556056
5556095
5556097
5556103
5556111
5556112
5556115
5556124
5556125
5556127
5556130
5556139
5556144
5556146
5556149
5556165
5556168
5556173
5556175
5556180
5556203
5556220
5556221
5556222
5556236
5556246
5556251
5556288
5556294
5556299
5556301
5556335
5556342
5556350
5556353
5556368
5556371
5556380
5556400
5556405
5556417
5556427
5556432
5556443
5556455
5556463
5556464
5556469
5556472
5556482
5556516
5556520
5556530
5556532
5556537
5556541
5556546
5556556
5556561
5556573
5556583
5556585
5556590
5556596
5556603
5556614
5556623
5556628
5556634
5556636
5556649
5556668
5556675
5556684
5556685
5556694
5556699
5556712
5556713
5556719
5556720
5556730
5556741
5556748
5556750
5556752
5556763
5556764
5556769
5556780
5556787
5556804
5556805
5556809
5556815
5556827
5556828
5556844
5556849
5556862
5556865
5556874
5556875
5556880
5556884
5556891
5556899
5556901
5556904
5556905
5556907
5556935
5556941
5556950
5556952
5556958
5556966
5556978
5556987
5556996
5557011
5557013
5557025
5557054
5557073
5557077
5557084
5557087
5557100
5557116
5557151
5557166
5557208
5557218
5557224
5557228
5557252
5557259
5557264
5557266
5557287
5557290
5557292
5557304
5557321
5557325
5557330
5557336
5557338
5557360
5557362
5557364
5557389
5557390
5557391
5557395
5557413
5557429
5557437
5557445
5557451
5557479
5557482
5557486
5557487
5557498
5557503
5557511
5557525
5557542
5557543
5557548
5557556
5557560
5557576
5557590
5557597
5557604
5557605
5557637
5557654
5557666
5557672
5557676
5557677
5557687
5557700
5557702
5557711
5557713
5557718
5557722
5557737
5557738
5557739
5557746
5557749
5557761
5557770
5557791
5557794
5557801
5557808
5557814
5557815
5557819
5557822
5557838
5557848
5557863
5557866
5557881
5557889
5557895
5557900
5557901
5557916
5557924
5557941
5557947
5557954
5557960
5557963
5557982
5557985
5557987
5557988
5557993
5557994
5558010
5558019
5558020
5558037
5558040
5558051
5558054
5558059
5558070
5558075
5558092
5558095
5558103
5558110
5558112
5558118
5558121
5558122
5558134
5558156
5558168
5558170
5558175
5558177
5558182
5558183
5558192
5558203
5558204
5558222
5558238
5558239
5558253
5558256
5558258
5558261
5558263
5558268
5558274
5558282
5558285
5558293
5558307
5558313
5558337
5558341
5558351
5558363
5558367
5558370
5558383
5558401
5558413
5558422
5558436
5558438
5558451
5558467
5558470
5558478
5558479
5558480
5558513
5558573
5558578
5558585
5558607
5558608
5558615
5558631
5558637
5558664
5558693
5558709
5558725
5558728
5558731
5558737
5558748
5558768
5558781
5558782
5558795
5558816
5558822
5558825
5558837
5558840
5558851
5558860
5558874
5558885
5558886
5558904
5558912
5558913
5558918
5558923
5558926
5558929
5558931
5558947
5558949
5558968
5558975
5558982
5559009
5559012
5559032
5559035
5559040
5559047
5559050
5559055
5559063
5559073
5559081
5559092
5559095
5559101
5559107
5559109
5559111
5559121
5559145
5559162
5559163
5559189
5559191
5559217
5559222
5559225
5559259
5559287
5559303
5559304
5559325
5559353
5559372
5559379
5559381
5559386
5559392
5559393
5559396
5559409
5559417
5559418
5559419
5559425
5559439
5559455
5559476
5559546
5559557
5559562
5559568
5559576
5559593
5559596
5559610
5559614
5559618
5559635
5559657
5559676
5559680
5559693
5559717
5559723
5559725
5559726
5559730
5559752
5559755
5559760
5559761
5559768
5559771
5559786
5559789
5559831
5559836
5559843
5559859
5559866
5559876
5559877
5559896
5559900
5559901
5559915
5559916
5559920
5559936
5559946
5559955
5559961
5559972
5559973
5559977
5559980
5559981
5559984
5559986
5560006
5560022
5560029
5560036
5560039
5560043
5560050
5560061
5560066
5560071
5560090
5560091
5560095
5560107
5560109
5560117
5560123
5560124
5560129
5560139
5560149
5560158
5560179
5560186
5560187
5560195
5560200
5560222
5560225
5560236
5560239
5560244
5560252
5560259
5560261
5560267
5560270
5560271
5560286
5560287
5560290
5560298
5560299
5560315
5560323
5560330
5560337
5560339
5560346
5560349
5560359
5560388
5560419
5560433
5560439
5560444
5560447
5560448
5560452
5560454
5560473
5560485
5560498
5560508
5560519
5560539
5560542
5560561
5560587
5560590
5560601
5560604
5560611
5560621
5560628
5560631
5560638
5560642
5560687
5560689
5560693
5560696
5560716
5560718
5560731
5560741
5560748
5560755
5560779
5560822
5560827
5560833
5560852
5560860
5560869
5560873
5560875
5560899
5560919
5560920
5560942
5560944
5560950
5560970
5560973
5560977
5560989
5560991
5561000
5561002
5561003
5561008
5561013
5561026
5561041
5561049
5561056
5561057
5561063
5561064
5561066
5561067
5561072
5561073
5561077
5561083
5561087
5561092
5561110
5561137
5561152
5561153
5561156
5561161
5561165
5561180
5561209
5561215
5561223
5561234
5561239
5561246
5561254
5561309
5561322
5561331
5561338
5561341
5561349
5561351
5561355
5561369
5561373
5561375
5561377
5561382
5561386
5561396
5561398
5561404
5561405
5561411
5561418
5561431
5561442
5561447
5561452
5561487
5561490
5561491
5561493
5561502
5561507
5561538
5561539
5561542
5561563
5561564
5561578
5561605
5561606
5561608
5561609
5561612
5561618
5561619
5561621
5561642
5561645
5561661
5561667
5561671
5561683
5561685
5561725
5561744
5561749
5561751
5561752
5561754
5561763
5561774
5561795
5561817
5561829
5561857
5561858
5561872
5561874
5561882
5561883
5561891
5561892
5561902
5561907
5561911
5561916
5561926
5561941
5561950
5561979
5561990
5562006
5562027
5562032
5562041
5562056
5562065
5562068
5562077
5562097
5562102
5562104
5562113
5562121
5562124
5562132
5562139
5562142
5562146
5562161
5562165
5562170
5562173
5562187
5562192
5562193
5562194
5562202
5562204
5562208
5562209
5562210
5562227
5562231
5562240
5562246
5562257
5562268
5562271
5562280
5562294
5562305
5562309
5562310
5562330
5562337
5562356
5562365
5562376
5562379
5562382
5562392
5562394
5562397
5562405
5562419
5562422
5562423
5562445
5562453
5562454
5562456
5562471
5562478
5562493
5562496
5562509
5562515
5562519
5562524
5562544
5562545
5562555
5562574
5562575
5562577
5562586
5562608
5562622
5562624
5562636
5562642
5562648
5562671
5562675
5562699
5562703
5562709
5562720
5562730
5562733
5562749
5562762
5562773
5562789
5562795
5562796
5562797
5562815
5562820
5562837
5562850
5562866
5562878
5562888
5562902
5562904
5562915
5562917
5562947
5562957
5562967
5562974
5562987
5562993
5563011
5563020
5563026
5563038
5563059
5563065
5563072
5563088
5563097
5563098
5563102
5563126
5563128
5563142
5563152
5563165
5563174
5563177
5563181
5563188
5563191
5563193
5563198
5563206
5563207
5563217
5563227
5563250
5563264
5563302
5563307
5563318
5563328
5563329
5563331
5563338
5563339
5563344
5563364
5563369
5563371
5563376
5563383
5563397
5563452
5563453
5563459
5563462
5563486
5563499
5563503
5563525
5563530
5563537
5563544
5563546
5563548
5563558
5563564
5563569
5563587
5563592
5563608
5563613
5563617
5563620
5563631
5563633
5563647
5563656
5563660
5563681
5563695
5563699
5563706
5563718
5563747
5563758
5563767
5563772
5563774
5563777
5563778
5563781
5563783
5563786
5563795
5563797
5563798
5563803
5563811
5563814
5563821
5563824
5563833
5563834
5563836
5563841
5563851
5563855
5563859
5563868
5563871
5563879
5563886
5563894
5563907
5563908
5563910
5563914
5563917
5563926
5563927
5563929
5563931
5563937
5563949
5563957
5563963
5563988
5563989
5563994
5563996
5563999
5564068
5564072
5564091
5564093
5564103
5564107
5564113
5564145
5564147
5564158
5564162
5564164
5564181
5564182
5564186
5564191
5564194
5564203
5564214
5564231
5564238
5564267
5564268
5564279
5564297
5564298
5564301
5564307
5564312
5564313
5564317
5564321
5564327
5564328
5564373
5564379
5564382
5564384
5564411
5564416
5564419
5564428
5564448
5564462
5564470
5564484
5564490
5564491
5564493
5564503
5564509
5564533
5564535
5564541
5564544
5564550
5564569
5564584
5564613
5564616
5564619
5564625
5564632
5564642
5564652
5564663
5564677
5564678
5564683
5564708
5564711
5564762
5564763
5564766
5564772
5564806
5564808
5564829
5564842
5564846
5564849
5564855
5564874
5564884
5564888
5564902
5564905
5564911
5564917
5564923
5564946
5564956
5564966
5564973
5564982
5564997
5565001
5565002
5565032
5565042
5565053
5565056
5565067
5565072
5565079
5565081
5565082
5565090
5565103
5565121
5565131
5565150
5565152
5565154
5565163
5565167
5565170
5565183
5565185
5565187
5565190
5565193
5565207
5565209
5565218
5565221
5565231
5565232
5565241
5565244
5565270
5565278
5565296
5565303
5565307
5565312
5565345
5565361
5565365
5565367
5565381
5565401
5565405
5565417
5565422
5565432
5565444
5565449
5565463
5565465
5565473
5565478
5565511
5565515
5565531
5565540
5565541
5565542
5565546
5565563
5565567
5565574
5565591
5565609
5565612
5565613
5565615
5565617
5565660
5565669
5565675
5565680
5565681
5565693
5565696
5565699
5565700
5565704
5565705
5565712
5565736
5565737
5565742
5565750
5565757
5565766
5565772
5565781
5565792
5565815
5565834
5565836
5565837
5565850
5565855
5565860
5565862
5565864
5565895
5565909
5565916
5565938
5565949
5565954
5565962
5565971
5565981
5565991
5566024
5566045
5566047
5566052
5566075
5566086
5566094
5566105
5566134
5566139
5566150
5566152
5566155
5566157
5566163
5566164
5566168
5566174
5566175
5566182
5566183
5566193
5566206
5566214
5566216
5566221
5566250
5566259
5566264
5566270
5566275
5566278
5566294
5566297
5566312
5566314
5566321
5566326
5566328
5566376
5566393
5566400
5566401
5566409
5566420
5566421
5566440
5566445
5566451
5566452
5566456
5566458
5566459
5566465
5566475
5566476
5566500
5566509
5566531
5566554
5566555
5566566
5566573
5566604
5566618
5566627
5566635
5566645
5566653
5566656
5566662
5566682
5566692
5566693
5566697
5566698
5566699
5566707
5566719
5566758
5566779
5566803
5566818
5566819
5566847
5566851
5566877
5566883
5566884
5566888
5566891
5566899
5566933
5566938
5566950
5566954
5566989
5566990
5567000
5567008
5567009
5567020
5567024
5567025
5567027
5567037
5567038
5567042
5567045
5567047
5567055
5567058
5567059
5567061
5567067
5567068
5567107
5567109
5567123
5567130
5567133
5567148
5567178
5567179
5567184
5567206
5567210
5567224
5567229
5567235
5567249
5567255
5567279
5567300
5567306
5567309
5567316
5567320
5567337
5567340
5567345
5567356
5567358
5567365
5567376
5567379
5567391
5567392
5567396
5567398
5567406
5567423
5567426
5567428
5567435
5567436
5567437
5567449
5567450
5567460
5567472
5567482
5567483
5567488
5567494
5567499
5567509
5567513
5567526
5567533
5567539
5567540
5567550
5567553
5567563
5567564
5567577
5567584
5567591
5567592
5567594
5567595
5567604
5567614
5567616
5567623
5567625
5567634
5567653
5567655
5567658
5567659
5567697
5567712
5567728
5567730
5567748
5567751
5567760
5567768
5567775
5567786
5567787
5567793
5567794
5567801
5567807
5567811
5567816
5567820
5567833
5567834
5567836
5567848
5567857
5567862
5567864
5567876
5567901
5567908
5567915
5567927
5567931
5567956
5567957
5567963
5567967
5567978
5567999
5568014
5568024
5568028
5568029
5568047
5568050
5568052
5568062
5568097
5568098
5568103
5568104
5568126
5568131
5568134
5568146
5568149
5568168
5568171
5568179
5568184
5568186
5568191
5568193
5568205
5568207
5568217
5568228
5568229
5568236
5568237
5568244
5568246
5568252
5568255
5568256
5568272
5568275
5568281
5568284
5568299
5568316
5568334
5568336
5568343
5568364
5568375
5568376
5568380
5568384
5568389
5568404
5568439
5568443
5568451
5568461
5568473
5568487
5568506
5568508
5568522
5568540
5568548
5568550
5568552
5568556
5568570
5568578
5568587
5568589
5568607
5568611
5568612
5568645
5568662
5568676
5568702
5568740
5568741
5568750
5568758
5568764
5568774
5568784
5568804
5568815
5568823
5568831
5568860
5568869
5568871
5568873
5568879
5568883
5568886
5568903
5568913
5568922
5568936
5568956
5568963
5568976
5568986
5568991
5569021
5569026
5569029
5569054
5569060
5569103
5569110
5569125
5569129
5569138
5569157
5569166
5569172
5569185
5569210
5569220
5569243
5569245
5569249
5569258
5569267
5569277
5569278
5569297
5569302
5569303
5569304
5569306
5569316
5569326
5569352
5569353
5569359
5569373
5569374
5569375
5569392
5569396
5569400
5569408
5569416
5569435
5569456
5569499
5569511
5569515
5569520
5569540
5569552
5569566
5569588
5569589
5569611
5569625
5569638
5569639
5569646
5569651
5569652
5569690
5569692
5569696
5569701
5569728
5569734
5569743
5569745
5569749
5569750
5569755
5569768
5569780
5569782
5569792
5569802
5569819
5569820
5569838
5569843
5569875
5569885
5569894
5569924
5569931
5569932
5569946
5569948
5569959
5569990
5570005
5570015
5570039
5570057
5570062
5570068
5570070
5570071
5570072
5570073
5570079
5570083
5570092
5570104
5570125
5570140
5570144
5570152
5570161
5570167
5570186
5570191
5570213
5570229
5570232
5570253
5570277
5570289
5570314
5570324
5570325
5570328
5570331
5570345
5570354
5570361
5570366
5570372
5570376
5570393
5570408
5570417
5570420
5570421
5570422
5570427
5570436
5570459
5570461
5570463
5570464
5570471
5570474
5570476
5570493
5570496
5570519
5570537
5570538
5570549
5570552
5570567
5570577
5570586
5570591
5570593
5570601
5570606
5570619
5570658
5570671
5570674
5570678
5570690
5570692
5570702
5570703
5570716
5570726
5570735
5570736
5570739
5570771
5570779
5570789
5570795
5570800
5570827
5570832
5570840
5570857
5570858
5570879
5570881
5570902
5570912
5570916
5570922
5570924
5570932
5570935
5570936
5570938
5570946
5570947
5570962
5570963
5570970
5570992
5570998
5571008
5571011
5571015
5571018
5571020
5571029
5571033
5571038
5571051
5571055
5571057
5571063
5571075
5571076
5571077
5571079
5571097
5571107
5571125
5571128
5571155
5571175
5571187
5571195
5571200
5571204
5571206
5571213
5571221
5571229
5571232
5571236
5571238
5571242
5571246
5571253
5571257
5571263
5571266
5571270
5571271
5571308
5571319
5571320
5571344
5571345
5571365
5571372
5571381
5571405
5571410
5571424
5571429
5571430
5571436
5571440
5571452
5571453
5571461
5571474
5571490
5571504
5571519
5571526
5571527
5571529
5571534
5571535
5571536
5571556
5571565
5571568
5571571
5571582
5571593
5571610
5571614
5571618
5571620
5571643
5571653
5571672
5571687
5571709
5571713
5571720
5571727
5571731
5571732
5571750
5571751
5571763
5571770
5571777
5571819
5571830
5571847
5571852
5571859
5571870
5571871
5571873
5571876
5571886
5571887
5571892
5571894
5571906
5571913
5571923
5571926
5571936
5571952
5571963
5571972
5571981
5572013
5572026
5572031
5572036
5572044
5572048
5572051
5572069
5572075
5572077
5572091
5572092
5572103
5572113
5572123
5572158
5572171
5572177
5572186
5572205
5572209
5572226
5572234
5572236
5572244
5572261
5572262
5572280
5572287
5572298
5572300
5572311
5572317
5572324
5572332
5572338
5572339
5572340
5572341
5572347
5572364
5572372
5572381
5572384
5572393
5572395
5572405
5572421
5572434
5572438
5572458
5572464
5572468
5572473
5572476
5572481
5572492
5572536
5572540
5572541
5572545
5572554
5572556
5572558
5572563
5572567
5572569
5572571
5572574
5572576
5572581
5572600
5572604
5572605
5572607
5572623
5572624
5572651
5572654
5572659
5572660
5572665
5572672
5572681
5572684
5572691
5572698
5572702
5572720
5572735
5572739
5572741
5572757
5572767
5572773
5572776
5572777
5572791
5572797
5572801
5572818
5572840
5572850
5572877
5572883
5572886
5572901
5572903
5572908
5572909
5572916
5572923
5572927
5572938
5572943
5572965
5572985
5573001
5573021
5573027
5573029
5573039
5573049
5573075
5573076
5573081
5573097
5573104
5573120
5573123
5573125
5573132
5573145
5573156
5573164
5573167
5573169
5573170
5573178
5573184
5573187
5573200
5573211
5573217
5573218
5573221
5573267
5573279
5573280
5573285
5573289
5573290
5573299
5573307
5573317
5573329
5573335
5573340
5573365
5573369
5573380
5573382
5573384
5573388
5573390
5573395
5573400
5573401
5573415
5573425
5573438
5573441
5573453
5573461
5573465
5573476
5573477
5573480
5573483
5573499
5573503
5573508
5573515
5573523
5573524
5573529
5573531
5573535
5573537
5573541
5573544
5573545
5573553
5573570
5573577
5573580
5573598
5573599
5573606
5573609
5573610
5573643
5573653
5573670
5573699
5573706
5573707
5573708
5573709
5573716
5573717
5573723
5573738
5573786
5573814
5573818
5573827
5573828
5573860
5573878
5573889
5573893
5573903
5573906
5573911
5573914
5573915
5573928
5573941
5573949
5573951
5573954
5573965
5573966
5573969
5573992
5573995
5573998
5573999
5574003
5574009
5574021
5574029
5574039
5574043
5574045
5574055
5574056
5574074
5574085
5574094
5574108
5574109
5574119
5574120
5574126
5574143
5574147
5574148
5574155
5574171
5574196
5574201
5574220
5574250
5574252
5574256
5574257
5574268
5574287
5574289
5574297
5574302
5574322
5574337
5574360
5574405
5574408
5574411
5574417
5574420
5574423
5574436
5574453
5574471
5574482
5574486
5574492
5574495
5574507
5574508
5574529
5574536
5574573
5574577
5574605
5574637
5574647
5574652
5574663
5574673
5574678
5574683
5574707
5574710
5574718
5574719
5574740
5574772
5574783
5574784
5574806
5574824
5574830
5574852
5574879
5574882
5574886
5574888
5574890
5574895
5574898
5574915
5574930
5574932
5574933
5574936
5574937
5574939
5574942
5574944
5574945
5574968
5574974
5574990
5574995
5574996
5575002
5575004
5575018
5575019
5575030
5575034
5575039
5575047
5575051
5575069
5575077
5575080
5575081
5575087
5575093
5575108
5575123
5575129
5575144
5575151
5575159
5575161
5575162
5575165
5575177
5575207
5575218
5575238
5575245
5575247
5575252
5575258
5575281
5575307
5575311
5575331
5575351
5575374
5575375
5575381
5575385
5575388
5575395
5575424
5575426
5575429
5575439
5575444
5575454
5575466
5575467
5575476
5575483
5575486
5575494
5575496
5575507
5575508
5575530
5575532
5575537
5575541
5575544
5575559
5575568
5575570
5575573
5575581
5575588
5575589
5575590
5575595
5575597
5575626
5575630
5575636
5575637
5575657
5575658
5575660
5575661
5575666
5575678
5575686
5575692
5575695
5575699
5575703
5575706
5575723
5575730
5575768
5575772
5575780
5575788
5575806
5575811
5575814
5575822
5575833
5575859
5575866
5575873
5575877
5575880
5575885
5575888
5575905
5575922
5575930
5575932
5575943
5575978
5575980
5575982
5575984
5575986
5575989
5575990
5576023
5576040
5576041
5576043
5576057
5576066
5576073
5576076
5576092
5576104
5576112
5576116
5576122
5576159
5576161
5576171
5576185
5576192
5576195
5576210
5576220
5576226
5576233
5576242
5576245
5576249
5576257
5576261
5576266
5576288
5576297
5576315
5576317
5576329
5576331
5576335
5576389
5576393
5576397
5576402
5576406
5576427
5576438
5576451
5576459
5576464
5576465
5576478
5576502
5576507
5576510
5576534
5576539
5576545
5576553
5576568
5576574
5576602
