2838535
2838586
2838630
2838753
2838761
2838871
2838954
2839155
2839194
2839254
2839368
2839374
2839445
2839546
2839608
2839897
2840009
2840013
2840046
2840089
2840092
2840106
2840194
2840225
2840301
2840311
2840380
2840421
2840470
2840502
2840516
2840604
2840677
2840794
2840797
2840808
2840818
2841016
2841098
2841149
2841189
2841206
2841244
2841451
2841543
2841545
2841553
2841555
2841594
2841596
2841759
2841801
2841835
2841885
2841972
2842179
2842210
2842247
2842274
2842409
2842424
2842440
2842532
2842582
2842949
2842963
2842981
2843004
2843041
2843045
2843089
2843167
2843231
2843273
2843293
2843324
2843376
2843383
2843615
2843626
2843646
2843792
2844013
2844157
2844182
2844273
2844295
2844410
2844459
2844851
2844928
2844954
2844973
2844978
2844982
2844991
2845092
2845172
2845227
2845241
2845329
2845377
2845410
2845487
2845538
2845624
2845641
2845642
2845711
2845720
2845776
2845794
2845805
2845866
2845874
2845889
2845939
2845945
2845974
2845986
2846037
2846102
2846145
2846154
2846186
2846192
2846230
2846255
2846260
2846276
2846278
2846330
2846417
2846432
2846474
2846508
2846695
2846718
2846762
2846794
2846893
2846955
2846957
2846969
2846970
2847032
2847061
2847077
2847145
2847181
2847206
2847293
2847322
2847351
2847478
2847482
2847577
2847602
2847652
2847666
2847670
2847704
2847729
2847793
2847835
2847861
2847950
2847985
2848006
2848027
2848049
2848054
2848056
2848092
2848150
2848178
2848234
2848235
2848241
2848293
2848316
2848335
2848358
2848366
2848596
2848625
2848659
2848669
2848739
2848752
2848799
2848849
2848911
2848942
2849018
2849052
2849106
2849144
2849276
2849508
2849540
2849603
2849735
2849833
2849834
2849845
2849895
2850074
2850181
2850214
2850308
2850340
2850368
2850383
2850396
2850506
2850516
2850661
2850824
2850859
2850886
2850913
2850979
2851186
2851484
2851524
2851538
2851578
2851595
2851706
2851793
2851849
2851871
2851882
2852031
2852131
2852207
2852294
2852549
2852568
2852652
2852665
2852703
2852810
2852846
2852888
2853104
2853150
2853176
2853191
2853253
2853264
2853327
2853359
2853526
2853531
2853535
2853692
2853706
2853898
2854026
2854100
2854106
2854198
2854261
2854389
2854529
2854553
2854555
2854726
2854863
2854885
2854932
2854990
2855051
2855105
2855259
2855295
2855368
2855524
2855530
2855556
2855661
2855717
2855848
2855857
2855895
2855917
2855920
2855956
2855968
2856010
2856075
2856262
2856273
2856347
2856569
2856665
2856683
2856723
2856731
2856803
2856817
2856823
2856861
2856921
2856932
2857165
2857291
2857509
2857525
2857605
2857799
2857869
2858013
2858032
2858060
2858182
2858191
2858209
2858211
2858226
2858421
2858458
2858479
2858480
2858560
2858583
2858813
2858884
2858896
2858968
2858996
2859018
2859048
2859079
2859118
2859129
2859338
2859514
2859558
2859628
2859632
2859817
2859994
2860046
2860053
2860102
2860140
2860153
2860198
2860232
2860304
2860340
2860406
2860448
2860487
2860761
2860769
2860890
2860899
2861110
2861142
2861246
2861405
2861406
2861631
2861666
2861821
2861928
2861970
2861996
2862158
2862275
2862331
2862333
2862498
2862584
2862701
2862810
2862870
2862907
2862917
2862963
2862999
2863160
2863370
2863485
2863512
2863526
2863543
2863643
2863670
2863743
2863914
2864057
2864237
2864346
2864374
2864419
2864448
2864538
2864598
2864832
2864884
2865030
2865067
2865154
2865253
2865262
2865347
2865383
2865402
2865407
2865408
2865465
2865547
2865582
2865634
2865664
2865765
2865808
2865830
2865842
2865908
2865948
2866134
2866306
2866457
2866483
2866581
2866828
2866831
2866840
2867086
2867136
2867205
2867237
2867251
2867348
2867437
2867598
2867712
2867715
2867758
2867779
2867824
2867871
2867890
2868074
2868166
2868172
2868235
2868295
2868467
2868572
2868729
2868740
2868762
2868779
2868813
2868855
2868887
2868990
2868993
2869013
2869099
2869183
2869211
2869453
2869481
2869673
2869693
2869786
2869827
2869848
2869911
2869930
2870090
2870118
2870172
2870229
2870317
2870585
2870626
2870777
2870799
2870843
2870860
2870969
2871164
2871219
2871238
2871256
2871336
2871376
2871385
2871481
2871510
2871897
2871900
2872194
2872314
2872416
2872419
2872479
2872485
2872531
2873066
2873092
2873205
2873272
2873279
2873289
2873305
2873366
2873477
2873846
2873944
2874045
2874080
2874084
2874100
2874149
2874194
2874216
2874225
2874274
2874280
2874339
2874376
2874427
2874506
2874524
2874671
2874797
2874805
2874939
2875069
2875097
2875108
2875146
2875183
2875341
2875518
2875544
2875591
2875775
2875790
2875948
2876196
2876275
2876280
2876305
2876317
2876329
2876540
2876732
2876872
2876880
2876916
2876963
2876994
2877028
2877070
2877371
2877385
2877390
2877402
2877458
2877528
2877681
2877764
2877821
2877854
2878002
2878017
2878027
2878069
2878245
2878274
2878300
2878423
2878450
2878627
2878894
2878974
2879091
2879124
2879192
2879230
2879269
2879324
2879342
2879366
2879384
2879410
2879639
2879771
2879804
2879840
2879862
2879902
2879941
2879967
2880019
2880033
2880097
2880296
2880443
2880466
2880491
2880568
2880631
2881088
2881117
2881118
2881168
2881420
2881425
2881685
2881776
2881842
2881897
2881921
2882133
2882185
2882236
2882240
2882377
2882487
2882509
2882618
2882682
2882714
2882883
2883098
2883192
2883202
2883253
2883394
2883574
2883661
2883681
2883733
2883789
2884043
2884157
2884201
2884429
2884532
2884627
2884633
2884711
2884737
2884769
2884790
2884811
2884851
2884864
2884894
2904262
2904417
3100098
3646105
3646179
3646231
3718176
3718234
3718255
3747348
3805409
3805478
3805547
3832820
3833167
3833716
3863416
3908903
3909104
3909386
3909564
3909570
3909905
3910367
3910386
4040320
4040595
4040656
4041132
4042399
4579685
4579711
4579799
4580007
4603092
4628973
4629092
4687186
4724578
4819361
4819995
5206490
2885054
2885144
2885211
2885293
2885310
2885392
2885592
2885616
2885645
2885734
2885748
2885958
2886050
2886143
2886267
2886527
2886631
2886772
2886795
2886813
2886826
2886849
2886924
2886954
2887069
2887070
2887235
2887291
2887389
2887624
2887627
2887684
2887847
2888070
2888109
2888217
2888275
2888282
2888418
2888493
2888817
2888829
2888921
2888965
2889090
2889131
2889266
2889446
2889524
2889566
2889572
2889710
2889919
2889942
2889972
2890144
2890363
2890382
2890553
2890563
2890612
2890723
2890849
2890945
2890968
2891026
2891062
2891134
2891140
2891248
2891397
2891410
2891503
2891514
2891546
2891551
2891617
2891653
2891784
2891954
2892094
2892182
2892515
2892530
2892572
2892604
2892644
2892858
2892879
2892938
2892954
2892996
2893001
2893046
2893076
2893197
2893292
2893332
2893484
2893738
2893758
2893822
2894064
2894123
2894206
2894351
2894419
2894436
2894467
2894522
2894853
2894968
2895250
2895356
2895484
2895492
2895594
2895598
2895693
2895722
2895908
2895969
2896011
2896083
2896146
2896170
2896199
2896312
2896328
2896450
2896486
2896598
2896628
2896666
2896686
2897114
2897321
2897361
2897367
2897424
2897452
2897482
2897503
2897611
2897852
2897986
2897990
2898305
2898334
2898370
2898596
2899039
2899053
2899118
2899139
2899395
2899414
2899517
2899707
2899852
2899877
2899948
2899957
2899987
2900113
2900126
2900186
2900289
2900499
2900725
2900847
2900971
2901080
2901168
2901193
2901212
2901270
2901312
2901324
2901328
2901387
2901656
2901854
2901909
2901977
2901989
2902031
2902070
2902072
2902186
2902327
2902333
2902350
2902420
2902477
2902545
2902687
2902717
2902817
2902825
2902860
2903370
2903405
2903410
2903458
2903545
2903823
2903837
2904017
2904030
2904068
2904220
2904248
2904651
2904749
2904769
2904819
2904863
2905030
2905329
2905534
2905650
2905716
2905796
2905854
2905910
2905956
2905988
2906013
2906099
2906193
2906383
2906445
2906573
2906586
2906617
2906652
2906774
2906809
2906875
2906877
2906937
2907122
2907159
2907288
2907342
2907421
2907660
2907679
2907714
2907770
2907849
2907872
2908023
2908199
2908227
2908253
2908266
2908349
2908350
2908409
2908517
2908557
2908574
2908577
2908625
2908652
2908683
2908718
2908755
2908944
2908946
2908980
2909228
2909403
2909427
2909522
2909537
2909575
2909658
2909680
2909695
2909969
2910225
2910255
2910371
2910374
2910385
2910513
2910524
2910687
2910759
2910893
2911016
2911044
2911069
2911131
2911151
2911212
2911306
2911386
2911393
2911438
2911573
2911633
2911683
2911690
2911709
2911716
2911787
2911823
2911846
2911876
2911912
2911997
2912092
2912105
2912141
2912205
2912313
2912316
2912435
2912470
2912510
2912698
2912810
2912945
2913000
2913008
2913119
2913200
2913222
2913229
2913263
2913272
2913282
2913292
2913429
2913445
2913462
2913483
2913490
2913519
2913575
2913590
2913594
2913637
2913688
2913698
2913816
2913903
2913938
2913969
2914092
2914158
2914349
2914442
2914790
2914791
2914898
2915395
2915498
2915569
2915577
2915691
2915821
2915859
2915927
2915971
2916015
2916054
2916105
2916134
2916157
2916191
2916206
2916380
2916400
2916450
2916468
2916630
2916672
2916680
2916693
2916708
2916732
2916778
2916817
2916998
2917031
2917110
2917205
2917284
2917320
2917404
2917405
2917439
2917505
2917578
2917588
2917715
2917725
2917726
2917890
2917905
2917915
2917922
2917964
2917966
2918008
2918021
2918075
2918090
2918101
2918111
2918136
2918181
2918209
2918244
2918254
2918272
2918588
2918645
2919201
2919291
2919455
2919470
2919478
2919520
2919562
2919665
2919709
2919786
2919793
2919815
2919827
2919836
2919948
2920093
2920185
2920234
2920309
2920334
2920414
2920423
2920443
2920495
2920539
2920566
2920776
2920802
2920955
2921084
2921142
2921287
2921305
2921344
2921369
2921380
2921510
2921536
2921630
2921706
2921880
2921921
2922047
2922052
2922054
2922101
2922113
2922239
2922266
2922428
2922828
2922926
2923130
2923154
2923217
2923239
2923265
2923287
2923300
2923363
2923477
2923714
2923740
2923741
2923853
2924048
2924107
2924108
2924114
2924118
2924183
2924188
2924195
2924358
2924503
2924551
2924614
2924726
2924758
2924775
2924916
2924997
2925065
2925095
2925109
2925275
2925471
2925479
2925520
2925529
2925569
2925607
2925691
2925700
2925953
2926062
2926221
2926243
2926307
2926394
2926587
2926664
2926680
2926742
2926817
2926973
2927031
2927032
2927115
2927123
2927233
2927235
2927237
2927256
2927289
2927478
2927780
2927787
2927818
2927952
2927998
2928072
2928074
2928133
2928139
2928347
2928495
2928704
2928784
2928811
2928920
2928967
2929102
2929123
2929146
2929251
2929369
2929370
2929409
2929412
2929519
2929557
2929560
2929630
2929668
2929715
2929811
2929842
2929864
2929870
2929878
2929893
2929928
2930009
2930088
2930117
2930129
2930166
2930199
2930210
2930216
2930252
2930258
2930288
2930323
2930355
2930358
2930387
2930399
2930423
2930427
2930432
2930456
2930474
2930475
2930481
2930494
2930500
3626693
3626713
3632457
3646469
3684295
3717905
3718466
3718467
3718508
3805639
3805750
3805792
3805886
3805904
3806274
3806347
3833765
3833827
3834256
3863825
3910524
3910527
3910627
3910815
4003352
4003604
4003705
4003791
4040857
4041360
4042928
4549911
4580591
4580909
4603547
4687401
4688249
4819762
4819869
4820524
4977572
5082856
5084032
2930523
2930566
2930779
2930806
2930816
2930823
2930841
2930845
2930996
2931173
2931281
2931307
2931347
2931417
2931492
2931497
2931572
2931591
2931597
2931606
2931683
2931703
2931816
2931861
2931900
2931933
2931943
2931945
2931966
2932045
2932204
2932217
2932232
2932233
2932285
2932293
2932302
2932321
2932366
2932454
2932468
2932521
2932530
2932540
2932605
2932634
2932649
2932667
2932773
2932826
2932894
2932917
2933028
2933055
2933062
2933086
2933102
2933119
2933124
2933132
2933142
2933144
2933156
2933157
2933201
2933218
2933239
2933263
2933276
2933467
2933607
2933754
2933775
2933798
2933844
2933864
2933945
2934007
2934016
2934036
2934044
2934214
2934258
2934349
2934369
2934478
2934488
2934496
2934544
2934557
2934608
2934675
2934687
2934770
2934797
2934811
2934852
2934863
2934907
2934924
2934943
2934953
2934964
2934979
2934980
2934981
2934996
2935006
2935019
2935042
2935081
2935099
2935352
2935477
2935487
2935942
2936060
2936084
2936281
2936289
2936577
2936627
2936663
2936743
2936870
2936937
2936995
2937055
2937098
2937135
2937157
2937211
2937345
2937355
2937360
2937407
2937490
2937597
2937692
2937695
2937711
2937728
2937735
2937871
2937888
2937963
2937985
2937992
2938055
2938093
2938108
2938296
2938347
2938426
2938427
2938551
2938696
2938726
2938803
2938864
2938870
2938978
2939515
2939558
2939613
2939676
2939854
2939919
2940110
2940114
2940307
2940523
2940526
2940686
2940716
2940734
2940801
2940895
2940968
2941000
2941001
2941214
2941239
2941265
2941278
2941302
2941305
2941372
2941376
2941383
2941409
2941493
2941579
2941639
2941757
2941791
2941942
2941999
2942031
2942079
2942319
2942767
2942982
2943065
2943212
2943233
2943259
2943300
2943361
2943403
2943416
2943471
2943694
2943701
2943728
2943796
2943897
2943958
2944023
2944093
2944127
2944172
2944274
2944300
2944380
2944549
2944886
2944937
2945009
2945137
2945349
2945432
2945758
2945924
2945998
2946021
2946172
2946221
2946275
2946514
2946560
2946569
2946630
2946650
2946668
2946835
2946844
2946848
2946865
2946899
2947018
2947217
2947250
2947347
2947410
2947494
2947683
2947690
2947775
2947931
2948110
2948146
2948352
2948473
2948509
2948625
2948879
2949068
2949201
2949244
2949291
2949393
2949557
2949589
2949684
2949701
2949735
2949835
2949945
2949987
2950024
2950097
2950129
2950183
2950201
2950234
2950291
2950345
2950484
2950534
2950575
2950639
2950712
2950714
2950742
2950802
2950817
2950964
2950988
2951047
2951124
2951302
2951551
2951670
2951861
2952205
2952437
2952502
2952612
2952657
2952766
2952809
2952851
2952894
2952915
2952974
2953046
2953061
2953116
2953126
2953209
2953242
2953257
2953273
2953326
2953413
2953527
2953557
2953684
2953744
2953756
2953931
2953948
2953983
2954137
2954517
2954811
2954845
2954927
2954946
2955017
2955121
2955406
2955528
2955592
2955679
2955778
2955823
2955856
2955972
2955984
2955996
2956077
2956102
2956104
2956106
2956221
2956330
2956346
2956444
2956511
2956550
2956563
2956581
2956713
2956764
2956778
2956875
2956958
2957042
2957200
2957393
2957439
2957448
2957456
2957624
2957704
2957747
2957837
2957876
2958235
2958286
2958535
2958800
2959053
2959101
2959102
2959219
2959234
2959273
2959349
2959434
2959455
2959467
2959536
2959604
2959616
2959658
2959703
2959751
2959802
2959949
2959977
2960027
2960165
2960192
2960290
2960308
2960455
2960475
2960486
2960502
2960571
2960681
2960718
2960850
2960900
2960945
2960955
2960958
2960978
2960979
2960983
2961079
2961087
2961091
2961225
2961264
2961289
2961304
2961399
2961480
2961658
2961792
2961817
2961898
2961910
2962092
2962124
2962189
2962468
2962721
2962866
2962983
2963147
2963168
2963193
2963337
2963446
2963678
2963693
2963748
2963797
2963813
2963833
2963840
2963851
2963854
2963930
2964033
2964040
2964216
2964285
2964396
2964426
2964611
2964776
2964804
2964916
2964923
2964924
2965019
2965034
2965060
2965087
2965111
2965333
2965402
2965511
2965576
2965706
2965744
2965809
2965857
2965930
2965962
2966011
2966036
2966080
2966108
2966136
2966232
2966236
2966249
2966270
2966305
2966462
2966519
2966584
2966606
2966738
2966967
2966991
2967001
2967298
2967345
2967353
2967466
2967705
2967825
2968024
2968066
2968127
2968151
2968158
2968165
2968176
2968225
2968283
2968397
2968455
2968464
2968478
2968491
2968640
2968722
2968732
2968761
2968820
2968935
2969036
2969124
2969189
2969206
2969255
2969275
2969277
2969303
2969371
2969396
2969480
2969517
2969665
2969677
2969758
2969789
2969840
2969898
2969917
2969971
2970016
2970166
2970217
2970218
2970268
2970304
2970351
2970355
2970380
2970415
2970420
2970451
2970455
2970469
2970470
2970483
2970560
2970664
2970734
2970759
2970781
2970810
2970851
2970916
2971006
2971165
2971360
2971406
2971459
2971499
2971601
2971839
2972070
2972138
2972196
2972269
2972322
2972359
2972516
2972624
2972630
2972708
2972820
2972922
2972929
2972936
2973140
2973395
2973427
2973508
2973664
2973852
2974114
2974126
2974641
2974667
2974687
2974886
2974909
2974969
2975179
2975209
2975392
2975657
2975930
2976039
2976052
2976166
2976270
2976316
2976369
2976381
2976460
2976496
2976664
2976679
2976709
2976837
2976860
2977007
2977021
2977038
2977080
2977083
2977087
2977093
2977098
2977134
2977167
2977292
2977299
2993003
3626982
3632814
3656343
3718514
3718671
3718723
3718778
3718939
3747969
3748003
3748014
3748068
3776874
3776968
3777183
3777327
3806466
3806604
3910951
3911213
3912095
3912143
4004190
4004672
4482963
4483084
4483242
4483325
4483957
4776853
4777804
4820768
4821451
4850229
4905517
4905567
4905665
4906292
5219682
2977369
2977405
2977473
2977489
2977495
2977617
2977750
2977924
2977997
2978039
2978064
2978129
2978228
2978275
2978294
2978305
2978367
2978465
2978476
2978481
2978483
2978485
2978517
2978596
2978634
2978652
2978845
2978854
2978912
2979314
2979320
2979380
2979383
2979564
2979565
2979763
2979786
2979806
2979836
2979925
2980037
2980211
2980333
2980481
2980514
2980617
2980801
2980803
2980821
2980932
2981058
2981179
2981199
2981203
2981208
2981237
2981343
2981477
2981539
2981548
2981622
2981715
2981736
2981739
2981770
2981806
2981868
2982052
2982082
2982107
2982156
2982297
2982469
2982525
2982531
2982582
2982594
2982690
2982910
2982912
2982938
2982960
2983067
2983069
2983097
2983205
2983246
2983248
2983411
2983470
2983529
2983577
2983586
2983781
2983898
2983942
2984064
2984213
2984453
2984547
2984576
2984626
2984645
2984654
2984798
2984858
2984896
2985004
2985437
2985464
2985541
2985576
2985610
2985638
2985649
2985718
2985735
2985765
2985826
2985840
2985857
2985869
2985887
2985976
2985996
2986003
2986021
2986047
2986117
2986258
2986376
2986400
2986435
2986505
2986545
2986572
2986695
2986773
2986783
2986828
2986831
2986834
2986839
2986928
2986941
2986974
2986990
2986999
2987003
2987172
2987219
2987279
2987300
2987361
2987465
2987516
2987670
2987683
2987792
2987820
2987858
2987888
2987919
2988075
2988082
2988094
2988269
2988369
2988393
2988494
2988526
2988916
2988993
2989001
2989027
2989040
2989049
2989058
2989118
2989184
2989217
2989298
2989344
2989392
2989486
2989501
2989507
2989726
2989789
2990158
2990282
2990343
2990409
2990432
2990581
2990598
2990608
2990646
2990651
2990749
2990904
2991166
2991193
2991248
2991300
2991451
2991551
2991716
2991830
2991904
2991927
2991954
2991977
2991999
2992129
2992365
2992480
2992482
2992549
2992562
2992652
2992666
2992718
2992793
2992966
2993092
2993603
2993631
2993646
2993780
2993859
2993930
2993983
2994066
2994094
2994372
2994573
2994662
2994664
2994736
2994766
2994925
2994943
2994982
2995091
2995097
2995111
2995234
2995279
2995350
2995397
2995517
2995739
2995749
2995771
2995849
2995858
2995917
2995942
2995972
2996043
2996068
2996395
2996437
2996546
2996565
2996602
2996678
2996703
2996725
2996757
2996820
2996975
2997016
2997055
2997117
2997153
2997222
2997251
2997403
2997404
2997470
2997526
2997553
2997571
2997579
2997604
2997701
2997711
2997742
2997940
2997971
2997986
2998031
2998094
2998249
2998499
2998590
2998591
2998606
2998710
2998717
2998752
2998757
2998780
2998810
2998988
2999084
2999085
2999121
2999142
2999170
2999196
2999197
2999284
2999291
2999382
2999426
2999442
2999477
2999503
2999544
2999806
2999841
2999919
3000075
3000092
3000267
3000273
3000323
3000371
3000474
3000492
3000501
3000516
3000559
3000744
3000781
3000851
3000937
3000945
3000966
3001083
3001117
3001404
3001407
3001432
3001451
3001568
3001581
3001590
3001614
3001739
3001746
3001819
3001839
3001883
3002033
3002036
3002131
3002154
3002157
3002238
3002346
3002360
3002363
3002478
3002485
3002625
3002648
3002672
3002683
3002696
3002746
3002831
3002836
3002854
3002869
3002909
3002957
3003090
3003100
3003119
3003123
3003134
3003224
3003233
3003276
3003345
3003406
3003609
3003703
3003775
3003819
3003851
3003878
3003880
3003892
3004105
3004140
3004144
3004244
3004263
3004326
3004451
3004490
3004677
3004703
3004721
3004799
3004861
3004896
3004908
3005024
3005054
3005236
3005251
3005326
3005419
3005433
3005464
3005491
3005500
3005524
3005580
3005766
3005827
3006012
3006074
3006179
3006181
3006231
3006286
3006370
3006484
3006494
3006638
3006645
3006667
3006728
3006817
3006830
3006835
3006857
3006872
3006884
3006949
3006965
3007078
3007094
3007124
3007211
3007292
3007296
3007332
3007581
3007602
3007844
3007923
3007957
3008020
3008062
3008367
3008386
3008392
3008419
3008581
3008726
3008808
3008826
3008848
3008901
3009049
3009563
3009580
3009595
3009636
3009728
3009954
3010210
3010270
3010567
3010580
3010630
3010707
3010764
3010879
3010985
3011057
3011106
3011318
3011349
3011368
3011466
3011499
3011530
3011605
3011959
3012064
3012072
3012316
3012469
3012530
3012901
3012950
3012984
3012988
3013002
3013004
3013105
3013197
3013255
3013345
3013392
3013421
3013422
3013528
3013604
3013623
3013660
3013797
3013821
3013867
3014168
3014239
3014241
3014308
3014447
3014485
3014516
3014584
3014599
3015095
3015329
3015397
3015429
3015530
3015658
3015725
3015855
3016115
3016462
3016487
3017032
3017088
3017539
3017597
3017663
3018221
3018361
3018494
3018518
3018538
3018861
3018963
3019154
3019200
3019337
3019519
3019533
3019830
3019888
3019924
3019956
3020103
3020109
3020143
3020165
3020179
3020358
3020416
3020457
3020595
3020600
3020663
3020667
3020779
3020848
3020877
3020962
3020995
3021062
3021207
3021225
3021242
3021245
3021302
3021392
3021459
3021639
3021743
3021867
3022264
3022528
3022650
3022876
3022900
3022919
3022983
3022998
3023001
3023047
3023082
3023256
3023318
3023443
3023467
3023490
3023498
3023617
3023626
3023844
3023854
3023960
3024096
3024180
3024183
3024208
3024408
3024561
3024697
3024702
3024714
3024805
3024961
3024986
3025003
3025090
3025223
3025314
3025357
3025462
3025498
3025697
3025764
3025813
3025992
3627203
3627327
3656619
3656801
3656828
3673384
3673474
3684557
3684569
3719441
3719685
3719823
3720017
3747429
3747451
3747560
3747595
3747875
3806709
3806750
3806840
3807142
3864297
3864612
4005162
4067775
4068020
4453390
4484276
4484511
4550439
4604446
4604660
4605217
4630469
4631620
4908453
4983347
5086371
5219815
5220931
5220967
3026122
3026133
3026190
3026466
3026659
3026792
3026835
3027124
3027308
3027342
3027483
3027670
3027757
3027802
3027806
3027817
3027886
3028177
3028276
3028493
3028581
3028585
3028608
3028712
3028733
3028874
3029164
3029240
3029289
3029315
3029685
3029774
3029807
3030084
3030127
3030168
3030468
3030494
3030587
3030655
3030702
3030806
3030820
3030835
3030844
3030918
3031010
3031024
3031029
3031046
3031091
3031168
3031204
3031360
3031413
3031433
3031513
3031594
3031633
3031711
3031741
3031791
3031840
3032020
3032085
3032123
3032141
3032162
3032207
3032234
3032241
3032608
3032709
3032840
3033077
3033113
3033159
3033308
3033551
3033748
3033877
3034003
3034023
3034075
3034100
3034254
3034313
3034522
3034633
3034645
3034720
3034726
3034776
3034829
3035209
3035255
3035324
3035369
3035453
3035567
3035637
3035678
3035739
3035895
3035951
3036015
3036293
3036485
3036517
3036549
3036559
3036579
3036781
3036984
3037036
3037130
3037195
3037234
3037281
3037324
3037365
3037422
3037434
3037443
3037686
3037705
3037888
3037923
3038235
3038251
3038326
3038541
3038571
3038640
3038794
3038888
3038939
3038953
3039059
3039129
3039165
3039184
3039257
3039394
3039510
3039572
3039645
3039664
3039696
3039739
3039818
3039878
3040020
3040213
3040233
3040291
3040340
3040345
3040576
3040622
3040714
3040762
3040771
3040797
3040845
3040897
3041077
3041102
3041136
3041167
3041242
3041429
3041559
3041574
3041705
3041722
3041726
3041834
3041901
3041902
3041934
3041941
3042043
3042069
3042075
3042100
3042110
3042148
3042276
3042352
3042669
3042694
3043006
3043100
3043121
3043350
3043402
3043588
3043604
3043632
3043666
3043749
3043791
3043829
3043849
3043856
3043944
3043993
3044012
3044199
3044226
3044273
3044312
3044577
3044669
3044771
3044848
3044978
3044990
3045103
3045137
3045294
3045350
3045426
3045457
3045467
3045486
3045498
3045527
3045653
3045764
3045975
3046071
3046269
3046345
3046448
3046453
3046456
3046474
3046530
3046554
3046650
3046913
3047041
3047100
3047181
3047224
3047538
3047582
3047848
3047853
3047985
3048008
3048097
3048299
3048344
3048372
3048629
3048641
3048805
3048940
3049045
3049134
3049147
3049157
3049296
3049355
3049371
3049374
3049375
3049428
3049500
3049502
3049606
3049662
3049798
3049862
3050187
3050229
3050267
3050539
3050612
3050804
3050894
3050914
3050930
3050990
3051062
3051065
3051211
3051249
3051493
3051766
3051792
3051827
3052202
3052269
3052401
3052481
3052519
3052536
3052669
3052794
3052820
3052923
3052951
3053011
3053304
3053345
3053376
3053444
3053476
3053515
3053551
3053572
3053671
3053704
3053721
3053832
3053854
3053895
3053937
3053957
3053959
3053998
3054026
3054035
3054110
3054113
3054125
3054196
3054266
3054278
3054443
3054485
3054686
3054689
3054736
3054740
3054860
3054928
3055063
3055123
3055270
3055296
3055473
3055526
3055535
3055572
3055638
3055760
3055787
3056002
3056045
3056074
3056205
3056222
3056235
3056255
3056397
3056412
3056443
3056755
3056783
3057141
3057210
3057215
3057223
3057261
3057458
3057556
3057635
3057641
3057674
3057845
3057892
3057895
3057900
3058109
3058156
3058167
3058176
3058212
3058219
3058221
3058312
3058449
3058541
3058545
3058556
3058795
3058939
3058964
3058971
3059075
3059174
3059307
3059376
3059573
3059673
3059720
3059804
3059856
3059990
3060062
3060101
3060146
3060248
3060278
3060300
3060361
3060483
3060513
3060617
3060815
3060962
3061134
3061182
3061199
3061289
3061346
3061407
3061521
3061738
3061805
3061923
3062045
3062142
3062206
3062367
3062422
3062492
3062533
3062677
3062757
3062799
3062812
3062840
3062875
3062896
3063020
3063200
3063270
3063407
3063504
3063568
3063661
3063690
3063709
3063749
3063790
3063809
3063925
3063997
3064009
3064073
3064100
3064134
3064161
3064215
3064333
3064523
3064748
3064766
3064793
3064837
3064861
3065097
3065207
3065228
3065532
3065620
3065706
3065784
3065900
3065938
3065980
3066105
3066115
3066129
3066160
3066390
3066467
3066656
3066705
3066732
3066827
3066966
3066996
3067016
3067023
3067062
3067095
3067108
3067275
3067420
3067614
3067646
3067694
3067726
3067852
3067888
3067899
3067922
3067935
3067998
3068046
3068094
3068171
3068440
3068450
3068626
3068694
3068717
3068719
3068782
3068804
3068932
3069097
3069207
3069238
3069241
3069312
3069407
3069421
3069452
3069453
3069651
3069984
3070003
3070388
3070394
3070524
3070604
3070641
3070644
3070688
3082717
3656977
3701852
3702112
3702236
3702244
3702361
3702383
3720136
3720142
3749124
3807448
3807544
3807619
3807662
3807888
3808029
3834621
3834766
3835436
3968539
4044447
4485201
4485540
4551627
4551686
4605577
4606330
4606537
4606712
4607674
4607705
4725722
4747681
4822227
4822492
4852875
4910696
4985277
3070950
3071076
3071087
3071091
3071169
3071218
3071243
3071320
3071409
3071421
3072501
3072507
3072662
3072705
3072846
3072880
3073276
3073304
3073341
3073415
3073855
3073869
3074006
3074058
3074127
3074131
3074147
3074315
3074363
3074403
3074449
3074466
3074480
3074752
3074798
3074878
3075027
3075050
3075067
3075153
3075310
3075404
3075448
3075551
3075593
3075638
3075712
3075820
3075946
3075988
3076097
3076148
3076183
3076222
3076309
3076379
3076443
3076533
3076659
3077071
3077162
3077338
3077402
3077440
3077477
3077706
3077928
3078170
3078341
3078404
3078463
3078652
3078879
3078902
3078903
3078917
3078992
3079217
3079284
3079416
3079593
3079646
3079673
3079686
3079742
3079759
3079897
3079960
3079988
3080055
3080154
3080221
3080325
3080488
3080619
3080629
3080697
3080831
3080841
3080899
3080964
3081050
3081091
3081096
3081101
3081196
3081557
3081600
3081851
3081859
3081863
3081961
3081980
3082025
3082033
3082320
3082322
3082420
3082474
3082502
3082588
3083083
3083106
3083340
3083371
3083511
3083600
3083650
3083741
3083769
3083785
3083812
3083861
3083979
3083981
3084150
3084189
3084212
3084288
3084307
3084391
3084484
3084646
3084696
3084799
3084943
3084954
3085034
3085075
3085376
3085657
3085674
3085682
3085732
3085929
3086062
3086120
3086274
3086288
3086442
3086529
3086599
3086711
3086929
3086948
3087011
3087125
3087557
3087632
3087647
3087666
3087711
3087863
3088001
3088031
3088129
3088344
3088445
3088472
3088498
3088556
3088922
3088963
3088968
3088997
3089293
3089566
3089626
3089801
3090016
3090113
3090156
3090195
3090278
3090469
3090630
3090688
3090829
3090894
3090919
3090979
3091029
3091032
3091036
3091047
3091062
3091122
3091287
3091533
3091611
3091702
3091712
3092053
3092128
3092168
3092206
3092231
3092262
3092284
3092350
3092388
3092406
3092442
3092505
3092542
3092553
3092567
3092590
3092777
3092875
3092908
3093148
3093213
3093258
3093380
3093422
3093434
3093442
3093462
3093535
3093576
3093577
3093619
3093685
3093738
3093812
3093846
3093850
3093916
3093928
3094017
3094080
3094099
3094135
3094221
3094383
3094392
3094411
3094455
3094496
3094513
3094554
3094556
3094586
3094613
3094681
3094691
3094714
3094794
3094824
3094984
3095067
3095080
3095145
3095257
3095259
3095287
3095297
3095314
3095593
3095640
3095798
3095800
3095826
3095862
3095985
3096057
3096102
3096187
3096214
3096240
3096245
3096289
3096428
3096586
3096903
3096911
3097110
3097180
3097184
3097200
3097240
3097274
3097300
3097334
3097344
3097364
3097562
3097565
3097572
3097582
3097676
3097839
3097856
3097872
3097874
3097915
3097924
3097937
3097955
3098073
3098088
3098137
3098139
3098168
3098170
3098211
3098279
3098291
3098306
3098345
3098484
3098539
3098592
3098606
3098608
3098625
3098642
3098667
3098671
3098683
3098699
3098703
3098709
3098756
3098794
3098801
3098805
3098848
3098884
3098886
3098888
3098907
3098942
3099029
3099045
3099052
3099057
3099075
3099083
3099122
3099182
3099230
3099241
3099275
3099331
3099360
3099361
3099365
3099367
3099439
3099466
3099486
3099513
3099522
3099577
3099683
3099722
3099752
3099753
3099773
3099789
3099797
3099800
3099841
3099850
3099884
3099939
3099976
3099998
3099999
3100001
3100032
3100434
3100463
3100467
3100492
3100537
3100711
3100757
3100791
3100815
3100896
3100911
3101097
3101150
3101227
3101229
3101246
3101271
3101284
3101296
3101413
3101450
3101505
3101586
3101603
3101635
3101658
3101665
3101758
3101775
3101792
3101848
3102104
3102112
3102118
3102299
3102305
3102320
3102325
3102350
3102503
3102504
3102576
3102650
3102741
3102855
3103062
3103152
3103217
3103305
3103348
3103369
3103400
3103420
3103514
3103585
3103612
3103723
3103796
3103899
3103909
3103929
3103943
3104000
3104025
3104069
3104415
3104425
3104433
3104461
3104660
3104665
3104681
3104757
3104795
3104875
3104918
3104932
3104953
3104985
3105079
3105222
3105342
3105402
3105417
3105479
3105499
3105563
3105629
3105649
3105651
3105657
3105670
3105698
3105724
3105739
3105793
3105806
3105852
3105924
3105944
3105955
3105993
3106013
3106090
3106113
3106203
3106248
3106262
3106285
3106300
3106379
3106513
3106538
3106601
3106718
3106763
3106785
3106788
3106830
3106844
3106951
3107057
3107142
3107159
3107173
3107197
3107229
3107315
3107359
3107372
3107532
3107692
3107936
3108096
3108097
3108099
3108123
3108125
3108148
3108165
3108184
3108244
3108277
3108364
3108476
3108518
3108561
3108562
3108588
3108630
3108681
3108684
3108776
3108784
3108803
3109009
3109066
3109205
3109246
3109467
3109473
3109649
3109671
3109730
3109751
3109854
3109915
3109930
3109938
3109953
3109989
3110023
3110140
3110204
3110275
3110292
3110295
3110485
3110646
3110705
3110870
3110956
3110996
3111012
3111026
3111056
3111065
3111099
3111145
3111506
3111572
3111581
3111639
3111645
3111666
3111811
3111829
3112098
3112201
3112202
3112474
3112528
3112811
3112831
3112844
3112903
3113067
3113075
3113089
3113176
3113237
3113254
3113284
3113291
3113429
3113561
3113595
3113635
3113673
3113903
3113970
3113988
3114024
3114062
3114078
3114123
3114137
3114172
3114236
3114264
3114454
3114484
3114570
3114680
3114688
3114832
3114869
3114924
3115007
3115060
3115167
3115186
3115238
3115316
3115436
3115491
3115578
3115701
3115749
3115957
3116108
3116148
3116195
3116205
3116228
3116233
3116256
3116277
3116325
3116341
3116377
3116468
3674075
3674100
3684724
3684783
3684823
3685093
3685100
3702537
3702604
3720492
3720563
3749436
3749773
3750169
3778563
3835255
3835593
3836066
3836099
3836348
3836414
4044730
4068404
4068602
4485967
4550946
4551307
4552680
4582453
4631863
3116671
3116704
3116722
3116732
3117074
3117308
3117337
3117339
3117408
3117439
3117440
3117731
3117749
3117766
3117770
3117814
3117985
3118275
3118394
3118547
3118576
3118839
3118863
3119129
3119266
3119284
3119374
3119429
3119474
3119583
3119685
3119802
3119842
3119877
3119882
3119883
3119910
3119919
3119933
3120012
3120013
3120094
3120110
3120150
3120166
3120214
3120254
3120300
3120346
3120569
3120728
3120885
3120886
3120899
3120915
3120926
3120937
3120948
3120983
3121004
3121148
3121225
3121294
3121342
3121351
3121420
3121460
3121484
3121501
3121706
3121720
3121724
3121822
3121831
3121893
3121900
3121901
3121989
3122058
3122091
3122108
3122298
3122373
3122592
3122890
3122916
3122989
3123100
3123141
3123195
3123390
3123525
3123553
3123831
3123864
3123882
3123932
3124001
3124003
3124073
3124133
3124150
3124259
3124287
3124294
3124347
3124393
3124403
3124445
3124503
3124643
3124652
3124721
3124741
3124744
3124764
3124777
3124954
3125017
3125040
3125274
3125300
3125332
3125336
3125348
3125438
3125466
3125690
3125727
3125885
3125901
3125949
3126050
3126063
3126071
3126152
3126224
3126354
3126365
3126366
3126376
3126379
3126636
3126677
3126822
3126856
3126909
3127079
3127093
3127137
3127144
3127157
3127201
3127232
3127333
3127467
3127471
3127475
3127498
3127531
3127575
3127610
3127632
3127639
3127788
3128029
3128058
3128133
3128190
3128193
3128204
3128356
3128424
3128434
3128462
3128644
3128832
3128835
3129010
3129087
3129103
3129136
3129193
3129194
3129255
3129268
3129272
3129309
3129341
3129477
3129599
3129644
3129689
3129740
3129751
3129795
3129840
3129862
3129863
3129871
3129915
3130035
3130047
3130284
3130291
3130292
3130393
3130425
3130567
3130658
3130713
3130783
3130857
3130936
3130946
3130952
3131416
3131595
3131700
3131767
3131837
3131838
3131864
3131867
3131889
3131937
3131951
3132145
3132177
3132211
3132253
3132469
3132517
3132526
3132599
3132712
3133062
3133067
3133320
3133346
3133582
3133715
3133760
3133765
3133833
3133861
3133904
3133979
3134012
3134086
3134247
3134586
3134634
3134755
3134777
3134938
3135097
3135112
3135193
3135197
3135198
3135280
3135345
3135399
3135487
3135663
3135816
3135817
3136067
3136188
3136252
3136381
3136438
3136503
3136569
3136593
3136656
3136679
3136689
3136826
3136909
3136920
3137050
3137073
3137078
3137094
3137230
3137612
3137686
3137749
3137831
3137982
3138039
3138199
3138335
3138565
3138698
3138776
3138835
3138986
3139066
3139118
3139127
3139234
3139257
3139267
3139335
3139541
3139907
3139941
3139943
3140104
3140128
3140148
3140174
3140219
3140314
3140331
3140334
3140356
3140567
3140644
3140679
3140732
3140988
3141027
3141045
3141055
3141140
3141332
3141463
3141595
3141762
3142091
3142309
3142340
3142368
3142420
3142695
3142769
3142794
3142971
3143006
3143173
3143209
3143373
3143526
3143635
3143643
3143951
3143972
3144149
3144183
3144242
3144295
3144340
3144542
3144615
3144684
3144740
3144748
3144752
3144824
3144856
3144869
3145032
3145111
3145176
3145507
3145670
3145783
3145835
3145911
3146111
3146183
3146221
3146322
3146337
3146384
3146453
3146504
3146506
3146521
3146682
3146720
3146751
3146779
3146977
3147250
3147795
3147882
3147984
3148087
3148245
3148476
3148606
3148615
3149393
3149569
3149611
3149632
3149658
3149669
3149717
3149788
3149964
3149987
3150238
3150250
3150271
3150378
3150561
3150588
3151012
3151075
3151085
3151103
3151161
3151209
3151264
3151418
3151494
3152034
3152058
3152067
3152253
3152280
3152296
3152420
3152455
3152456
3152692
3152726
3152792
3152960
3152989
3153015
3153086
3153173
3153175
3153357
3153398
3153420
3153535
3153714
3153761
3153915
3154006
3154138
3154198
3154215
3154239
3154295
3154377
3154387
3154413
3154440
3154528
3154565
3154670
3154680
3154690
3154730
3154736
3154811
3154812
3154836
3154985
3155032
3155045
3155126
3155183
3155229
3155621
3155963
3156030
3156038
3156055
3156203
3156461
3156505
3156568
3156610
3156683
3156943
3156977
3156995
3157003
3157036
3157196
3157223
3157362
3157518
3157529
3157564
3157634
3157640
3157813
3157878
3157920
3157966
3158027
3158256
3158373
3158461
3158465
3158472
3158506
3158507
3158556
3158626
3158791
3158831
3159064
3159275
3159308
3159433
3159448
3159449
3159519
3159572
3159623
3159684
3159842
3160214
3160219
3160328
3160367
3160484
3160573
3160595
3160600
3160656
3160685
3160725
3160801
3160868
3161223
3161300
3161500
3161924
3161934
3162008
3162015
3162042
3162171
3162196
3162480
3162564
3162637
3162639
3162862
3162920
3171204
3437984
3657645
3657727
3657755
3657866
3702956
3749577
3749786
3836514
3836666
3836839
3837068
3837122
3837443
3913328
3913331
3913394
3913895
3913963
3914040
3914043
4006311
4044937
4069147
4069195
4690380
4779941
4779966
4780420
4780732
4913072
4990447
4992124
3163024
3163049
3163107
3163140
3163192
3163208
3163327
3163440
3163474
3163516
3163604
3163622
3163685
3163748
3163751
3163815
3163839
3163977
3164031
3164053
3164187
3164253
3164284
3164372
3164495
3164533
3164636
3164856
3164959
3165151
3165267
3165276
3165401
3165441
3165493
3165783
3165811
3165900
3165946
3166005
3166142
3166177
3166206
3166237
3166240
3166242
3166318
3166388
3166455
3166583
3166743
3166808
3166855
3166944
3167091
3167401
3167706
3167896
3167937
3168023
3168130
3168362
3168399
3168467
3168509
3168633
3168648
3168763
3168804
3168916
3168922
3168963
3169093
3169102
3169167
3169206
3169275
3169280
3169363
3169409
3169433
3169465
3169466
3169647
3169694
3169792
3169891
3169965
3170146
3170169
3170170
3170195
3170442
3170455
3170701
3170724
3170857
3171029
3171291
3171449
3171548
3171689
3172017
3172483
3172618
3172624
3172647
3172668
3172718
3172876
3172965
3172998
3173151
3173225
3173258
3173279
3173284
3173403
3173430
3173520
3173548
3173616
3173689
3173700
3173763
3173864
3174054
3174085
3174097
3174122
3174365
3174472
3174631
3174877
3174913
3174948
3175007
3175037
3175071
3175185
3175197
3175276
3175316
3175332
3175357
3175386
3175426
3175494
3175567
3175700
3175753
3175932
3175992
3176159
3176246
3176260
3176350
3176408
3176416
3176481
3176507
3176513
3176614
3176659
3176774
3176807
3176820
3176845
3177138
3177198
3177208
3177239
3177266
3177298
3177332
3177376
3177406
3177445
3177544
3177557
3177659
3177677
3177685
3177950
3178080
3178229
3178300
3178319
3178343
3178345
3178373
3178408
3178426
3178473
3178500
3178541
3178906
3178975
3179051
3179108
3179134
3179333
3179527
3179645
3179702
3179778
3179780
3179908
3180016
3180044
3180182
3180254
3180332
3180492
3180565
3180581
3180757
3180787
3181017
3181068
3181450
3181502
3181577
3181683
3181952
3182072
3182118
3182160
3182178
3182469
3182529
3182566
3182572
3182961
3182982
3183030
3183032
3183036
3183065
3183127
3183132
3183387
3183609
3183669
3183778
3183830
3184037
3184246
3184342
3184371
3184390
3184465
3184553
3184555
3184576
3184624
3184812
3184874
3185015
3185115
3185128
3185248
3185256
3185329
3185377
3185386
3185406
3185500
3185568
3185584
3185612
3185645
3185783
3185795
3185798
3185879
3185885
3186048
3186061
3186302
3186318
3186459
3186552
3186677
3186753
3186877
3186915
3186919
3186968
3187018
3187042
3187061
3187124
3187145
3187212
3187264
3187293
3187320
3187407
3187484
3187557
3187609
3187630
3187655
3187666
3187753
3187761
3187874
3187911
3187932
3187978
3188016
3188049
3188090
3188196
3188225
3188481
3188575
3188684
3188767
3188890
3188919
3188924
3188990
3189018
3189057
3189081
3189130
3189148
3189161
3189301
3189340
3189350
3189413
3189551
3189637
3189656
3189725
3189759
3190037
3190097
3190112
3190247
3190342
3190424
3190551
3190645
3190946
3190948
3191016
3191024
3191130
3191133
3191146
3191163
3191324
3191432
3191509
3191682
3191707
3191810
3191875
3191900
3191939
3192002
3192081
3192169
3192186
3192273
3192352
3192450
3192489
3192599
3192698
3192714
3192720
3192746
3192754
3192811
3192911
3192912
3192916
3193020
3193065
3193115
3193131
3193236
3193306
3193349
3193547
3193616
3193856
3194006
3194011
3194073
3194108
3194124
3194128
3194149
3194151
3194173
3194213
3194230
3194382
3194428
3194578
3194585
3194695
3194738
3194772
3194870
3194947
3195100
3195171
3195229
3195257
3195289
3195295
3195306
3195363
3195423
3195430
3195511
3195554
3195569
3195571
3195588
3195602
3195635
3195686
3195707
3195815
3195819
3195868
3195961
3196056
3196065
3196088
3196205
3196256
3196294
3196334
3196928
3196953
3196967
3197139
3197313
3197379
3197399
3197537
3197756
3197836
3197931
3197936
3197971
3197979
3198121
3198272
3198296
3198315
3198321
3198359
3198360
3198381
3198420
3198458
3198524
3198591
3198605
3198653
3198728
3198786
3198799
3198856
3198876
3199055
3199159
3199227
3199356
3199374
3199486
3199491
3199513
3199542
3199666
3199717
3199731
3199835
3199853
3199913
3199938
3199946
3200011
3200335
3200341
3200457
3200528
3200629
3200657
3200699
3200772
3200841
3200963
3200966
3201051
3201066
3201074
3201140
3201145
3201226
3201254
3201276
3201316
3201346
3201489
3201536
3201547
3201587
3201628
3201922
3201950
3201972
3201978
3202016
3202039
3202065
3202125
3202198
3202209
3202282
3202314
3202588
3202593
3202656
3202688
3202763
3202773
3202869
3203068
3203143
3203276
3203385
3203514
3203552
3203794
3203865
3203945
3204054
3204072
3204132
3204339
3204375
3204414
3204425
3204513
3204525
3204544
3204574
3204588
3204601
3204656
3204677
3204685
3204712
3204825
3204828
3204871
3205043
3205047
3205432
3205822
3205888
3205896
3205928
3205985
3206105
3206192
3206202
3206287
3206294
3206315
3206369
3206383
3206389
3206503
3206827
3206864
3206877
3206974
3207030
3207063
3207071
3207188
3207197
3207250
3207276
3207286
3207335
3207339
3207340
3207531
3207561
3207563
3207703
3207786
3207824
3207945
3208036
3208039
3208113
3208136
3208201
3208232
3208233
3208352
3208452
3208465
3208500
3208522
3208748
3208763
3208896
3208914
3208942
3209013
3209036
3209112
3209130
3209260
3209282
3209315
3209333
3209335
3209364
3209398
3209423
3209459
3209494
3209498
3209506
3209514
3209574
3209581
3209621
3209653
3209749
3209763
3209835
3209981
3210005
3210025
3210084
3210126
3210200
3210225
3210295
3210299
3210365
3210377
3210383
3210429
3210481
3210549
3210556
3210597
3210607
3210610
3632958
3646917
3685587
3703189
3721195
3751616
3751683
3837238
3840985
3914010
4007170
4007707
4008023
4045266
4045543
4046183
4046425
4280075
4280423
4486916
4583029
4697733
4697771
4824034
4824040
4824698
4992594
5245582
3210636
3210654
3210667
3210689
3210735
3210829
3210965
3210988
3211020
3211022
3211026
3211045
3211156
3211199
3211354
3211573
3211618
3211659
3211688
3211809
3211822
3211926
3212125
3212313
3212341
3212387
3212437
3212475
3212554
3212602
3212699
3212770
3212811
3212836
3212906
3212983
3213050
3213132
3213209
3213257
3213339
3213407
3213549
3213603
3213661
3213729
3213845
3213896
3213907
3214012
3214077
3214092
3214176
3214306
3214493
3214553
3214591
3214693
3214764
3214860
3214873
3214878
3214927
3215075
3215100
3215185
3215205
3215247
3215347
3215441
3215512
3215579
3215687
3215703
3215772
3215779
3215861
3215884
3216014
3216075
3216113
3216124
3216604
3216722
3216827
3216868
3216895
3216965
3216971
3216996
3217028
3217058
3217064
3217169
3217185
3217246
3217304
3217364
3217524
3217728
3217743
3217756
3217778
3217869
3217967
3217970
3218037
3218158
3218355
3218405
3218428
3218437
3218455
3218521
3218564
3218588
3218597
3218610
3218619
3218637
3218661
3218699
3218717
3218720
3218745
3218752
3218822
3218825
3219050
3219105
3219157
3219161
3219231
3219296
3219341
3219347
3219379
3219383
3219494
3219515
3219560
3219573
3219579
3219703
3219714
3219826
3219854
3219863
3219922
3219961
3219992
3220099
3220211
3220228
3220320
3220408
3220449
3220624
3220646
3220704
3220706
3220779
3220809
3220818
3220829
3220838
3220915
3221172
3221236
3221244
3221370
3221400
3221491
3221614
3221655
3221688
3221689
3221706
3221717
3222075
3222137
3222141
3222158
3222258
3222273
3222329
3222423
3222447
3222573
3222597
3222634
3222653
3222981
3223146
3223167
3223175
3223333
3223360
3223435
3223486
3223552
3223567
3223610
3223646
3223674
3223704
3223890
3224003
3224013
3224095
3224118
3224309
3224395
3224396
3224449
3224576
3224667
3224706
3224734
3224748
3224990
3224998
3225299
3225325
3225401
3225421
3225501
3225540
3225731
3225744
3225770
3225941
3225973
3226271
3226418
3226645
3226655
3226750
3226857
3226894
3226959
3226998
3227101
3227209
3227305
3227413
3227520
3227534
3227662
3227666
3227676
3227932
3228070
3228076
3228133
3228207
3228209
3228223
3228247
3228480
3228630
3228682
3228790
3228870
3228881
3228908
3228931
3229046
3229089
3229116
3229146
3229221
3229279
3229384
3229447
3229544
3229558
3229572
3229581
3229633
3229651
3229703
3229786
3229901
3229902
3229953
3229969
3230014
3230050
3230175
3230389
3230645
3231127
3231218
3231279
3231300
3231352
3231740
3231806
3232015
3232139
3232347
3232413
3232506
3233137
3233146
3233287
3233365
3233480
3233743
3233980
3234162
3234193
3234235
3234318
3234337
3234357
3234461
3234590
3234606
3234652
3234667
3234676
3234694
3234713
3234811
3234879
3234954
3234975
3234977
3235123
3235127
3235151
3235186
3235304
3235414
3235549
3235550
3235639
3235713
3235761
3235784
3235831
3235833
3235925
3235991
3236003
3236070
3236101
3236136
3236153
3236158
3236185
3236192
3236251
3236264
3236286
3236299
3236303
3236327
3236400
3236584
3236605
3236696
3236944
3237072
3237147
3237197
3237247
3237314
3237364
3237371
3237386
3237440
3237507
3237528
3237535
3237589
3237597
3237652
3237718
3237722
3237766
3237839
3237842
3237843
3237908
3238010
3238011
3238040
3238043
3238072
3238112
3238129
3238153
3238183
3238202
3238261
3238332
3238379
3238397
3238406
3238423
3238523
3238535
3238594
3238619
3238633
3238639
3238683
3238711
3238739
3238773
3238780
3238810
3238960
3238966
3239018
3239109
3239141
3239167
3239365
3239481
3239512
3239513
3239573
3239590
3239624
3239625
3239682
3239691
3239733
3239740
3239748
3239750
3240229
3240250
3240272
3240286
3240346
3240373
3240386
3240426
3240462
3240498
3240506
3240529
3240567
3240752
3240831
3240981
3241061
3241069
3241097
3241110
3241164
3241237
3241313
3241404
3241445
3241460
3241759
3241764
3241815
3241816
3241845
3241932
3242054
3242162
3242167
3242174
3242255
3242376
3242423
3242447
3242455
3242509
3242624
3242627
3242668
3242815
3242826
3242836
3242840
3242931
3242984
3243005
3243066
3243089
3243163
3243206
3243241
3243331
3243371
3243386
3243526
3243529
3243555
3243623
3243681
3243707
3243766
3243865
3243877
3243918
3243968
3243970
3244007
3244045
3244055
3244074
3244103
3244137
3244166
3244226
3244276
3244277
3244345
3244423
3244474
3244486
3244514
3244577
3244623
3244624
3244643
3244680
3244684
3244704
3244711
3244742
3244756
3244795
3244861
3244896
3244900
3244919
3244946
3245080
3245089
3245132
3245193
3245203
3245287
3245342
3245349
3245371
3245410
3245417
3245442
3245501
3245536
3245573
3245657
3245683
3245732
3245787
3245835
3245844
3245845
3245851
3245859
3245871
3245874
3245912
3245941
3246028
3246043
3246052
3246086
3246169
3246251
3246308
3246310
3246356
3246425
3246447
3246519
3246562
3246630
3246724
3246768
3246886
3246908
3246990
3247037
3247057
3247098
3247114
3247126
3247246
3247313
3247321
3247349
3247351
3247391
3247393
3247465
3247515
3247540
3247609
3247758
3247809
3248092
3248219
3248303
3248456
3248512
3248581
3248656
3248819
3248889
3249481
3249608
3249718
3249752
3249789
3249817
3249894
3250225
3250226
3250322
3250340
3250403
3250470
3250591
3250619
3250771
3250782
3250810
3250861
3250919
3250958
3250993
3251101
3251138
3251228
3251260
3251409
3251586
3251699
3251761
3251784
3251793
3251838
3251907
3252203
3252244
3252294
3252310
3252585
3252651
3252854
3252893
3252972
3253040
3253058
3253189
3253219
3253287
3253541
3253603
3253830
3253880
3253893
3253930
3254121
3254198
3254537
3254649
3254655
3254663
3254737
3254799
3254896
3254941
3254951
3255018
3255057
3255239
3255251
3255259
3255345
3255394
3255459
3255534
3255651
3260444
3461073
3484554
3484556
3484581
3484704
3497975
3497981
3549548
3633116
3633252
3633407
3658069
3658167
3658347
3658495
3674719
3674720
3703544
3703548
3721487
3721639
3752552
3752663
3752954
3752970
3753105
3808291
3838446
3838558
3838705
4008239
4070138
4070166
4555132
4583461
4583809
4696868
4697173
4749030
4749250
4853711
3255910
3255919
3256190
3256246
3256248
3256260
3256489
3256514
3256562
3256563
3256593
3256658
3256704
3256743
3256782
3256968
3257239
3257392
3257480
3257530
3257567
3257744
3257928
3257958
3257962
3257978
3258036
3258037
3258146
3258173
3258185
3258302
3258308
3258330
3258389
3258431
3258521
3258522
3258956
3258987
3259111
3259316
3259462
3259465
3259577
3259611
3259613
3259629
3259730
3259825
3259890
3260092
3260144
3260154
3260312
3260434
3260518
3260560
3260632
3260663
3260938
3260962
3261048
3261211
3261254
3261279
3261372
3261385
3261424
3261555
3261606
3261972
3262081
3262135
3262399
3262429
3262453
3262758
3262777
3262985
3263144
3263308
3263343
3263728
3263863
3263896
3263897
3263905
3263935
3263982
3264062
3264280
3264438
3264542
3264569
3264633
3264669
3264726
3264838
3264840
3264972
3265060
3265125
3265140
3265207
3265319
3265335
3265398
3265476
3265490
3265499
3265563
3265575
3265641
3265836
3265842
3265952
3266014
3266121
3266288
3266361
3266403
3266445
3266479
3266510
3266661
3266755
3266762
3266830
3266933
3267038
3267087
3267088
3267147
3267187
3267206
3267385
3267459
3267548
3267554
3267557
3267596
3267643
3267699
3267749
3267774
3267802
3267810
3267825
3267838
3267843
3267874
3267904
3267917
3267984
3267995
3268004
3268018
3268020
3268152
3268242
3268246
3268258
3268265
3268377
3268380
3268418
3268459
3268767
3268843
3268910
3269008
3269057
3269067
3269141
3269145
3269150
3269184
3269185
3269215
3269220
3269275
3269287
3269342
3269427
3269464
3269495
3269578
3269667
3269747
3269759
3269810
3269932
3269982
3270066
3270069
3270321
3270389
3270396
3270414
3270576
3270649
3270654
3270707
3270903
3270918
3271175
3271241
3271276
3271543
3271545
3271547
3271571
3271578
3271617
3272031
3272055
3272211
3272273
3272396
3272420
3272452
3272527
3272529
3272637
3272676
3272712
3272744
3272748
3272889
3272927
3273044
3273214
3273265
3273371
3273473
3273569
3273696
3273723
3273777
3273826
3273907
3273953
3274207
3274209
3274222
3274309
3274506
3274536
3274550
3274572
3274631
3274685
3274719
3274809
3274936
3274941
3275173
3275175
3275304
3275424
3275505
3275522
3275601
3275671
3275679
3275734
3275868
3275883
3275941
3276216
3276290
3276323
3276336
3276338
3276388
3276395
3276400
3276456
3276534
3276571
3276610
3276814
3276878
3276949
3276974
3277015
3277074
3277077
3277147
3277225
3277265
3277311
3277331
3277332
3277395
3277506
3277510
3277516
3277529
3277601
3277608
3277623
3277696
3277738
3277781
3277825
3277886
3277909
3278020
3278216
3278256
3278283
3278394
3278501
3278505
3278527
3278595
3278617
3278698
3278833
3278842
3278847
3278882
3278917
3279000
3279074
3279114
3279153
3279284
3279383
3279552
3279748
3279758
3279827
3279928
3279940
3279971
3279995
3280114
3280189
3280237
3280369
3280391
3280630
3280781
3280827
3281220
3281230
3281257
3281299
3281327
3281375
3281423
3281769
3281780
3281888
3282087
3282496
3282589
3282642
3282648
3282684
3282698
3282791
3282797
3282863
3282988
3282993
3283035
3283047
3283132
3283139
3283234
3283267
3283294
3283432
3283434
3283516
3283532
3283746
3283807
3283904
3284015
3284033
3284354
3284414
3284500
3284648
3284736
3284812
3284823
3284828
3284845
3284861
3284932
3285118
3285220
3285272
3285327
3285395
3285447
3285480
3285581
3285634
3285717
3285754
3285803
3286008
3286051
3286105
3286150
3286208
3286358
3286493
3286519
3286663
3286715
3286996
3287184
3287339
3287353
3287383
3287402
3287439
3287457
3287510
3287531
3287561
3287646
3287838
3287971
3288072
3288134
3288173
3288341
3288380
3288388
3288484
3288540
3288700
3288881
3288883
3289062
3289078
3289113
3289258
3289261
3289346
3289373
3289383
3289391
3289524
3289628
3289851
3289917
3289956
3289967
3289993
3290023
3290062
3290177
3290232
3290354
3290357
3290384
3290433
3290500
3290618
3290635
3290640
3290817
3290841
3290869
3290909
3291158
3291320
3291340
3291351
3291368
3291396
3291405
3291415
3291502
3291509
3291561
3291579
3291582
3291645
3291884
3291979
3291984
3292257
3292292
3292323
3292414
3292500
3292512
3292537
3292578
3292653
3292808
3292979
3292989
3293015
3293066
3293176
3293199
3293277
3293298
3293325
3293334
3293621
3293644
3293712
3293716
3293848
3293852
3293869
3293987
3293988
3294062
3294225
3294329
3294331
3294344
3294395
3294575
3294598
3294653
3294791
3294893
3294999
3295026
3295113
3295126
3295436
3295511
3295591
3295733
3295774
3295992
3296153
3296188
3296277
3296390
3296461
3296569
3296578
3296596
3296744
3296805
3296896
3296925
3296944
3296953
3297096
3297106
3297125
3297183
3297238
3297424
3297617
3297621
3297689
3297743
3297824
3297832
3297898
3297915
3298014
3298047
3298079
3298097
3298118
3298134
3298146
3298273
3298281
3298325
3298347
3298509
3298517
3298573
3298583
3298727
3298755
3299076
3299168
3299173
3299223
3299283
3299340
3299345
3299550
3299592
3299700
3299804
3299822
3299897
3299903
3300084
3300108
3300153
3300205
3300223
3300251
3300297
3300325
3300482
3300499
3300578
3300613
3300615
3300661
3300701
3300737
3300740
3300809
3300817
3300938
3300959
3300988
3301105
3301255
3301371
3301446
3301464
3301543
3301544
3301594
3301710
3301804
3301808
3301820
3301971
3301989
3302050
3302086
3302211
3302270
3302298
3302354
3302369
3302425
3302433
3302508
3302561
3302849
3302857
3302948
3573512
3627994
3658419
3667746
3674857
3674900
3686143
3703684
3753528
3753924
3808888
3839281
3839610
4047705
4047883
4284928
4285766
4286066
4286077
4424897
4425149
4525619
4584012
4782026
4782089
4917013
4917083
5103607
5103861
3302998
3303275
3303304
3303383
3303415
3303431
3303467
3303540
3303580
3303712
3303814
3303842
3303904
3303910
3303916
3303931
3303934
3303969
3303975
3303978
3304025
3304037
3304052
3304071
3304081
3304091
3304102
3304130
3304681
3304752
3304788
3304855
3304856
3304874
3304998
3305048
3305148
3305181
3305285
3305290
3305333
3305337
3305397
3305472
3305520
3305591
3305598
3305650
3305683
3305709
3305737
3306034
3306132
3306150
3306157
3306185
3306202
3306251
3306305
3306379
3306386
3306408
3306471
3306858
3306963
3307006
3307015
3307052
3307078
3307100
3307109
3307294
3307327
3307513
3307569
3307578
3307583
3307694
3307799
3307828
3307868
3307931
3308092
3308241
3308272
3308284
3308303
3308310
3308314
3308362
3308390
3308413
3308589
3308716
3308784
3308875
3308933
3309100
3309117
3309147
3309151
3309192
3309427
3309449
3309478
3309553
3309555
3309585
3309639
3309658
3309745
3309751
3309801
3309921
3309988
3310107
3310152
3310215
3310236
3310371
3310396
3310449
3310462
3310486
3310560
3310591
3310607
3310638
3310656
3310797
3310842
3310946
3311070
3311095
3311193
3311213
3311222
3311289
3311323
3311353
3311424
3311469
3311513
3311655
3311667
3311684
3311725
3311789
3311794
3311811
3311928
3311974
3312126
3312180
3312181
3312228
3312279
3312351
3312362
3312467
3312480
3312537
3312540
3312581
3312590
3312594
3312610
3312643
3312773
3312967
3313050
3313068
3313074
3313192
3313222
3313291
3313408
3313436
3313493
3313539
3313655
3313661
3313668
3313741
3313754
3313774
3313804
3313850
3313866
3314032
3314117
3314156
3314188
3314200
3314204
3314238
3314288
3314348
3314468
3314764
3314789
3314796
3314823
3314871
3314888
3314899
3314928
3314999
3315090
3315221
3315354
3315524
3315602
3315611
3315646
3315742
3315866
3315921
3315974
3316036
3316212
3316254
3316293
3316342
3316446
3316534
3316557
3316655
3316706
3316739
3316747
3316786
3316821
3316920
3316946
3317045
3317173
3317315
3317383
3317392
3317487
3317578
3317609
3317618
3317680
3317733
3317759
3317784
3317821
3317890
3317926
3317958
3318019
3318070
3318120
3318159
3318160
3318214
3318215
3318239
3318304
3318433
3318487
3318562
3318766
3318811
3318837
3318933
3318968
3319028
3319163
3319414
3319489
3319525
3319635
3319656
3319861
3319942
3320015
3320036
3320256
3320375
3320403
3320420
3320495
3320572
3320877
3320893
3320955
3321046
3321111
3321130
3321133
3321498
3321719
3321733
3321968
3322020
3322041
3322226
3322434
3322595
3322614
3322803
3323012
3323105
3323274
3323286
3323298
3323514
3323560
3323587
3323731
3323759
3323897
3323915
3323965
3323976
3324013
3324155
3324204
3324277
3324386
3324444
3324564
3324579
3324606
3324701
3324993
3325214
3325231
3325264
3325288
3325289
3325291
3325311
3325346
3325391
3325393
3325438
3325644
3325653
3325800
3325825
3325828
3325908
3326001
3326071
3326079
3326119
3326258
3326262
3326301
3326324
3326347
3326455
3326505
3326606
3326676
3326726
3326733
3326917
3327170
3327189
3327330
3327331
3327348
3327486
3327531
3327556
3327574
3327637
3327692
3327768
3327823
3327826
3327857
3327874
3327951
3328122
3328150
3328244
3328253
3328295
3328348
3328441
3328731
3328920
3328960
3329185
3329562
3329609
3329651
3329674
3329798
3330135
3330230
3330267
3330383
3330734
3330877
3331024
3331123
3331300
3331352
3331441
3331526
3331532
3331559
3331568
3331633
3331637
3331682
3331788
3332110
3332122
3332131
3332165
3332181
3332439
3332726
3332748
3332783
3332890
3333106
3333129
3333189
3333251
3333259
3333284
3333423
3333575
3333620
3333746
3333822
3333874
3333947
3334141
3334166
3334277
3334287
3334370
3334431
3334553
3334588
3334736
3334763
3334808
3334839
3334850
3334872
3334982
3335031
3335047
3335234
3335431
3335465
3335498
3335577
3335795
3335832
3336035
3336087
3336128
3336132
3336172
3336273
3336495
3336638
3336783
3336849
3336956
3336984
3337081
3337112
3337368
3337429
3337441
3337506
3337512
3337563
3337676
3337678
3337857
3337869
3337989
3338045
3338079
3338097
3338147
3338151
3338160
3338280
3338323
3338362
3338370
3338486
3338608
3338633
3338800
3338858
3338867
3338870
3338925
3339005
3339042
3339179
3339180
3339290
3339354
3339385
3339505
3339531
3339567
3339579
3339658
3339918
3339969
3340126
3340172
3340255
3340289
3340300
3340471
3340522
3340539
3340552
3340590
3340690
3341121
3341149
3341151
3341174
3341215
3341243
3341378
3341568
3341675
3341676
3341707
3341781
3341870
3341896
3341923
3341955
3341995
3342004
3342013
3342027
3342169
3342170
3342229
3342273
3342340
3342408
3342485
3342542
3342566
3342576
3342650
3342927
3342984
3343039
3343165
3343215
3343245
3343527
3343605
3343744
3343745
3344216
3344283
3344300
3344314
3344318
3344339
3344357
3344399
3344414
3344452
3344566
3344839
3344867
3345266
3345320
3345401
3345471
3345472
3345502
3345568
3345620
3345903
3346030
3346082
3346094
3346281
3346297
3346382
3346439
3346463
3346473
3346490
3346505
3346683
3346691
3346695
3346727
3346765
3346805
3346859
3346903
3346929
3346937
3347394
3347403
3347425
3347581
3347590
3347650
3347681
3347779
3347799
3347813
3347866
3347960
3347962
3348158
3348224
3348270
3348342
3348491
3348513
3348877
3348942
3348976
3349019
3349087
3349173
3349322
3349342
3349369
3349382
3349475
3349502
3349574
3349624
3349660
3349674
3349817
3349895
3350111
3573522
3628211
3628218
3633461
3633493
3633512
3647245
3659029
3659220
3659286
3675251
3678292
3703825
3722264
3722376
3754341
3754609
3808912
3808924
3809193
3809291
3809714
3809716
3915921
3916070
4008682
4008769
4009108
4048357
4070512
4427458
4427968
4428041
4526460
4560983
4561315
4609887
4698375
4784332
4784731
4995139
5105524
3350049
3350181
3350303
3350349
3350370
3350465
3350777
3350787
3350859
3350863
3350889
3350893
3350912
3350945
3350971
3350976
3350994
3351122
3351398
3351471
3351650
3351838
3351863
3351991
3352014
3352029
3352151
3352307
3352322
3352350
3352360
3352404
3352418
3352487
3352546
3352584
3352621
3352635
3352703
3352707
3352773
3353047
3353057
3353182
3353273
3353316
3353415
3353554
3353609
3353673
3353988
3354222
3354620
3355020
3355302
3355337
3355569
3355723
3355892
3356166
3356239
3356241
3356273
3356324
3356331
3356363
3356381
3356846
3356847
3356886
3356903
3356969
3357052
3357075
3357200
3357313
3357381
3357470
3357584
3357594
3357678
3357724
3357752
3357774
3357812
3357860
3357901
3357943
3357998
3358020
3358031
3358058
3358488
3358539
3358547
3358610
3358629
3358645
3358780
3358805
3358832
3358880
3358922
3358982
3359083
3359343
3359383
3359407
3359587
3359666
3359703
3359785
3359803
3359805
3359884
3360227
3360254
3360511
3360556
3360559
3360661
3361019
3361092
3361213
3361312
3361390
3361440
3361477
3361481
3361502
3361505
3361508
3361521
3361567
3361653
3361760
3361787
3361836
3361848
3361979
3362049
3362089
3362092
3362145
3362191
3362193
3362259
3362275
3362341
3362387
3362403
3362407
3362453
3362572
3362635
3362651
3362701
3362856
3362911
3363016
3363083
3363343
3363378
3363443
3363489
3363635
3363660
3363692
3363707
3363817
3363856
3364273
3364302
3364328
3364364
3364427
3364498
3364549
3364675
3364712
3364741
3364943
3364990
3365114
3365165
3365201
3365277
3365280
3365518
3365799
3366161
3366272
3366401
3366675
3366733
3366774
3366836
3366910
3367107
3367186
3367482
3367531
3367766
3367830
3367989
3368105
3368124
3368241
3368375
3368442
3368492
3368494
3368701
3368761
3368941
3368959
3369210
3369276
3369346
3369492
3369631
3369705
3369792
3369863
3369923
3369925
3369952
3369977
3370100
3370182
3370219
3370279
3370341
3370545
3370580
3370719
3370844
3370879
3370897
3370987
3370994
3371087
3371093
3371197
3371292
3371300
3371336
3371508
3371569
3371596
3371599
3371643
3371657
3371780
3371798
3371809
3371831
3372090
3372134
3372182
3372265
3372279
3372308
3372382
3372425
3372426
3372438
3372872
3372887
3372893
3372927
3372935
3372995
3373169
3373219
3373321
3373361
3373495
3373644
3373656
3373730
3373830
3374075
3374082
3374196
3374218
3374453
3374574
3374617
3374675
3374915
3375039
3375119
3375307
3375466
3375490
3375520
3375579
3375582
3375593
3375876
3375987
3376031
3376252
3376389
3376409
3376566
3376837
3376860
3376902
3376958
3377027
3377258
3377269
3377309
3377321
3377663
3377915
3378071
3378157
3378265
3378352
3378389
3378487
3378556
3378567
3378644
3378751
3378818
3378835
3379040
3379051
3379318
3379333
3379390
3379423
3379476
3379791
3379933
3380069
3380081
3380131
3380137
3380219
3380337
3380469
3380598
3380606
3380652
3380716
3380780
3380787
3380818
3380837
3380875
3380950
3381036
3381054
3381206
3381225
3381263
3381300
3381399
3381404
3381447
3381543
3381630
3381635
3381671
3381711
3381728
3381832
3381848
3382020
3382090
3382120
3382184
3382256
3382296
3382378
3382410
3382514
3382537
3382581
3382612
3382621
3382663
3382707
3382741
3382783
3382974
3383024
3383025
3383048
3383099
3383143
3383162
3383214
3383224
3383419
3383425
3383442
3383455
3383493
3383501
3383609
3383748
3383906
3384046
3384330
3384425
3384448
3384553
3384639
3384680
3384825
3384893
3384970
3385011
3385101
3385137
3385192
3385223
3385234
3385253
3385400
3385515
3385520
3385521
3385535
3385542
3385561
3385613
3385730
3385738
3385787
3385859
3385968
3385984
3385995
3386026
3386138
3386140
3386213
3386248
3386333
3386339
3386382
3386391
3386434
3386474
3386509
3386532
3386621
3386660
3386681
3386687
3386732
3386745
3386752
3386909
3387058
3387094
3387136
3387301
3387373
3387377
3387404
3387485
3387524
3387773
3387820
3387849
3387903
3387916
3387977
3388114
3388142
3388195
3388262
3388322
3388635
3388725
3388771
3388782
3388834
3388896
3388913
3388952
3388959
3388994
3389012
3389036
3389096
3389120
3389124
3389210
3389275
3389332
3389365
3389407
3389588
3389637
3389718
3389759
3389783
3389784
3389787
3389800
3389842
3389858
3389877
3389924
3389981
3389989
3390003
3390019
3390021
3390080
3390092
3390111
3390181
3390221
3390225
3390231
3390242
3390245
3390265
3390268
3390327
3390374
3390389
3390406
3390409
3390419
3390420
3390431
3390461
3390482
3390496
3390503
3390531
3390550
3390602
3390604
3390632
3390634
3390657
3390662
3390680
3390714
3390758
3390904
3390936
3390997
3391048
3391056
3391159
3391182
3391187
3391219
3391241
3391278
3391317
3391334
3391351
3391387
3391431
3391499
3391651
3391753
3391819
3391859
3391861
3391933
3391966
3391986
3392013
3392144
3392204
3392228
3392378
3392500
3392529
3392533
3392678
3392771
3392822
3392876
3392890
3392923
3393003
3393010
3393055
3393156
3393164
3393212
3393228
3393231
3393287
3393388
3393543
3393659
3393681
3393843
3393853
3393857
3393872
3393937
3393991
3394025
3394045
3394053
3394077
3394155
3394184
3394282
3394307
3394347
3394348
3394353
3394439
3394544
3394551
3394599
3394691
3394698
3394719
3394759
3394787
3394951
3395105
3395164
3395305
3395330
3395337
3395474
3395594
3395597
3395601
3395617
3395637
3395706
3395745
3395790
3395804
3395819
3395870
3395901
3395950
3395974
3395988
3396109
3396126
3396174
3396182
3396205
3396261
3396310
3396328
3396454
3396510
3396515
3396543
3396555
3396580
3515467
3558209
3558247
3659510
3659572
3675403
3675591
3675648
3686195
3704252
3722414
3722496
3722499
3722524
3754913
3754970
3755111
3755174
3810130
3969269
3969274
4009588
4049597
4049624
4070774
4071278
4428378
4454250
4586387
4615607
4634812
4750969
4786661
4854591
4918748
3396706
3396778
3396832
3396839
3396840
3396925
3396979
3397071
3397100
3397180
3397310
3397461
3397712
3397726
3397762
3397835
3397897
3397916
3397967
3397968
3398060
3398090
3398166
3398300
3398321
3398411
3398414
3398554
3398755
3398818
3398848
3398901
3398917
3398958
3398960
3398980
3398991
3399081
3399090
3399281
3399302
3399334
3399339
3399428
3399434
3399435
3399577
3399582
3399583
3399611
3399674
3399699
3399707
3399774
3399827
3399870
3399877
3399904
3399908
3399945
3399949
3399956
3400009
3400038
3400051
3400107
3400151
3400189
3400276
3400284
3400328
3400344
3400351
3400509
3400712
3400736
3400747
3400785
3400810
3400821
3400882
3401102
3401116
3401213
3401257
3401309
3401399
3401574
3401585
3401678
3401792
3401839
3401891
3402054
3402072
3402122
3402153
3402304
3402412
3402419
3402453
3402484
3402639
3402701
3402702
3402746
3402772
3402828
3402886
3403190
3403314
3403448
3403455
3403646
3403673
3403690
3403696
3403711
3403713
3403729
3403745
3403855
3403938
3403994
3404055
3404061
3404068
3404071
3404104
3404129
3404139
3404167
3404172
3404182
3404193
3404227
3404234
3404244
3404317
3404330
3404351
3404368
3404376
3404409
3404433
3404451
3404458
3404472
3404510
3404542
3404607
3404668
3404688
3404754
3404759
3404765
3404922
3404933
3404975
3405145
3405233
3405425
3405478
3405483
3405618
3405662
3405674
3405684
3405713
3405717
3405865
3405924
3405935
3405941
3405959
3406004
3406073
3406084
3406183
3406213
3406322
3406324
3406380
3406399
3406460
3406542
3406615
3406743
3406866
3406883
3406904
3406998
3407173
3407207
3407218
3407317
3407354
3407407
3407451
3407515
3407599
3407604
3407620
3407675
3407692
3407698
3407709
3407824
3407840
3407858
3407945
3407981
3408088
3408109
3408193
3408203
3408245
3408264
3408355
3408400
3408422
3408446
3408486
3408533
3408545
3408546
3408597
3408653
3408784
3408835
3408836
3408873
3409073
3409083
3409174
3409233
3409297
3409307
3409385
3409622
3409636
3409678
3409722
3409891
3409918
3409971
3410057
3410137
3410315
3410427
3410436
3410471
3410499
3410573
3410754
3410771
3410772
3410782
3410833
3410922
3410971
3410982
3411032
3411033
3411050
3411061
3411085
3411177
3411185
3411186
3411197
3411208
3411238
3411251
3411281
3411290
3411292
3411298
3411310
3411315
3411366
3411437
3411691
3411791
3411798
3411832
3411838
3411856
3411889
3411914
3412028
3412103
3412117
3412179
3412192
3412294
3412403
3412428
3412452
3412492
3412517
3412649
3412683
3412737
3412778
3412790
3412902
3412905
3412924
3412995
3413048
3413143
3413213
3413289
3413309
3413317
3413406
3413424
3413503
3413593
3413706
3413796
3413877
3413913
3414158
3414242
3414278
3414435
3414450
3414642
3414802
3414912
3414996
3415078
3415244
3415425
3415434
3415436
3415439
3415453
3415486
3415530
3415535
3415569
3415627
3415770
3415787
3415816
3415876
3415916
3415940
3415953
3415954
3415992
3415999
3416046
3416314
3416361
3416531
3416548
3416567
3416569
3416585
3416608
3416632
3416672
3416890
3416902
3416958
3417135
3417156
3417365
3417408
3417462
3417610
3417690
3417713
3417724
3417799
3417879
3417891
3417907
3418008
3418030
3418045
3418049
3418119
3418155
3418181
3418255
3418277
3418292
3418359
3418387
3418430
3418554
3418573
3418630
3418681
3418719
3418836
3418847
3419191
3419204
3419285
3419409
3419573
3419735
3419807
3419818
3419822
3419895
3419956
3420179
3420244
3420367
3420529
3420545
3420572
3420645
3420668
3420828
3420874
3420914
3421043
3421174
3421210
3421243
3421458
3421491
3421535
3421543
3421588
3421616
3421761
3421819
3421929
3422048
3422221
3422226
3422252
3422612
3422633
3422789
3422833
3422880
3422911
3422914
3422956
3423127
3423176
3423333
3423346
3423421
3423601
3423655
3423693
3423812
3423913
3424040
3424090
3424215
3424308
3424317
3424387
3424530
3424549
3424583
3424596
3424678
3424680
3424730
3424781
3424978
3425094
3425142
3425423
3425506
3425556
3425601
3425755
3425862
3425874
3425985
3426123
3426165
3426286
3426288
3426346
3426409
3426556
3426580
3426612
3426630
3426654
3426840
3427112
3427124
3427244
3427278
3427408
3427460
3427468
3427516
3427680
3427701
3427748
3427868
3427908
3427922
3427951
3428204
3428227
3428247
3428375
3428452
3428459
3428691
3429084
3429104
3429230
3429291
3429292
3429335
3429433
3429478
3429656
3429675
3429844
3429864
3429908
3429942
3429986
3430198
3430204
3430210
3430212
3430255
3430570
3430588
3430734
3430742
3430795
3430922
3431229
3431391
3431442
3431454
3431533
3431590
3431728
3431777
3431847
3431882
3432111
3432240
3432286
3432429
3432439
3432605
3432609
3432637
3432697
3432824
3432839
3432841
3432916
3432965
3433019
3433129
3433173
3433227
3433256
3433551
3433554
3433589
3433614
3433643
3433663
3433691
3433706
3433764
3433813
3433981
3434222
3434266
3434273
3434386
3434578
3434850
3434859
3434880
3434962
3434972
3435130
3435222
3435303
3435483
3435484
3435560
3435662
3435695
3435797
3435876
3435901
3435938
3436049
3436099
3436111
3436309
3436319
3436333
3436348
3436352
3436359
3436395
3436456
3436459
3436475
3436487
3436506
3436552
3436564
3436568
3436751
3436885
3436926
3437038
3437072
3437177
3437296
3437334
3437551
3437575
3437612
3437615
3437646
3437868
3437940
3437953
3437955
3438091
3438207
3438284
3438430
3438489
3438503
3438525
3438540
3438572
3438754
3438853
3438902
3439045
3439470
3439539
3439592
3439604
3439772
3439971
3439980
3440037
3440095
3440271
3440333
3440841
3440850
3440871
3440883
3440927
3440963
3441118
3441353
3441387
3441649
3441757
3441785
3441810
3441887
3442018
3442253
3442324
3442375
3442462
3442559
3442605
3442723
3442785
3443072
3443192
3443318
3443492
3597409
3623568
3647385
3647439
3647445
3675753
3675929
3686368
3704452
3704526
3704695
3722813
3755351
3755524
3779218
3810302
4050352
4072399
4428753
4428841
4492819
4493144
4493364
4562893
4563075
4563114
4635710
4700187
4788503
4856788
4919301
4920086
5117380
5117394
5272918
3443674
3443868
3443884
3443897
3444000
3444050
3444075
3444416
3444569
3444656
3444731
3444778
3444863
3444942
3445036
3445041
3445043
3445160
3445193
3445253
3445304
3445448
3445504
3445511
3445590
3445685
3445745
3445845
3445974
3446236
3446505
3446874
3447006
3447215
3447380
3447465
3447468
3447574
3447584
3447782
3447819
3447840
3447906
3448025
3448136
3448199
3448223
3448484
3448607
3448738
3448803
3449010
3449045
3449065
3449071
3449170
3449384
3449597
3449649
3449699
3449726
3449824
3449883
3450112
3450230
3450294
3450372
3450415
3450527
3450587
3450802
3450980
3451022
3451395
3451658
3451740
3451888
3452005
3452029
3452228
3452248
3452262
3452287
3452289
3452301
3452360
3452434
3452490
3452519
3452588
3452706
3452789
3453063
3453076
3453082
3453203
3453354
3453444
3453459
3453563
3453570
3453640
3453709
3454173
3454471
3454580
3454605
3454898
3455107
3455285
3455416
3455418
3455433
3455482
3455501
3455602
3455744
3456133
3456139
3456224
3456468
3456520
3456551
3456920
3457125
3457132
3457163
3457194
3457245
3457706
3457771
3457810
3458048
3458170
3458182
3458253
3458391
3458496
3458580
3458673
3458977
3459325
3459331
3459420
3459432
3459469
3459644
3459772
3459833
3460055
3460118
3460205
3460715
3460820
3460917
3461002
3461029
3461395
3461486
3461517
3461561
3461618
3461646
3461648
3461879
3461898
3461926
3461929
3461988
3462054
3462076
3462165
3462180
3462227
3462342
3462397
3462484
3462489
3462562
3462574
3462668
3462791
3463080
3463269
3463295
3463319
3463331
3463397
3463437
3463527
3463649
3463652
3463667
3463727
3463734
3463790
3463864
3463907
3464033
3464047
3464049
3464117
3464208
3464323
3464376
3464391
3464421
3464444
3464545
3464732
3465003
3465057
3465217
3465273
3465394
3465580
3465624
3465642
3465643
3465662
3465675
3465773
3465835
3466003
3466181
3466184
3466228
3466281
3466307
3466554
3466608
3466610
3466663
3466690
3466872
3466905
3467036
3467461
3467613
3468073
3468077
3468208
3468406
3468435
3468507
3468603
3468782
3468787
3468894
3468911
3468918
3469208
3469211
3469444
3469487
3469547
3469653
3469793
3469835
3469977
3470013
3470022
3470171
3470341
3470361
3470534
3470569
3470610
3470639
3470703
3470789
3470911
3470925
3470943
3471049
3471108
3471121
3471153
3471157
3471190
3471199
3471254
3471330
3471338
3471476
3471552
3471620
3471718
3471750
3471768
3471860
3471905
3471973
3471979
3472003
3472005
3472064
3472111
3472318
3472342
3472351
3472445
3472461
3472762
3472860
3472938
3472939
3472985
3473054
3473095
3473098
3473142
3473189
3473200
3473384
3473411
3473625
3473668
3473752
3473765
3473790
3473889
3473903
3474024
3474262
3474278
3474286
3474325
3474385
3474413
3474504
3474526
3474553
3474575
3474584
3474606
3474656
3474691
3474718
3474728
3474775
3474824
3474832
3474874
3474895
3474899
3474941
3475025
3475036
3475086
3475095
3475149
3475189
3475255
3475355
3475411
3475462
3475675
3475678
3475686
3475920
3475929
3476089
3476130
3476332
3476364
3476369
3476434
3476436
3476768
3476870
3476880
3476887
3476911
3477036
3477164
3477440
3477458
3477546
3477631
3477642
3477660
3477661
3477757
3477768
3477813
3477815
3477822
3478070
3478356
3478374
3478421
3478452
3478639
3478670
3479033
3479155
3479188
3479281
3479431
3479440
3479490
3479603
3479854
3479914
3479962
3479981
3480015
3480021
3480164
3480165
3480179
3480203
3480265
3480283
3480381
3480439
3480461
3480571
3480664
3480732
3480837
3480901
3480992
3481095
3481153
3481154
3481185
3481273
3481291
3481665
3481712
3482107
3482176
3482267
3482303
3482324
3482334
3482339
3482353
3482387
3482582
3482672
3482759
3482852
3483017
3483127
3483168
3483172
3483557
3483611
3483639
3483650
3483949
3484022
3484270
3484430
3484494
3484501
3484563
3484626
3484688
3484769
3484771
3484821
3484908
3484939
3485013
3485114
3485142
3485258
3485330
3485343
3485391
3485563
3485656
3485657
3485841
3485882
3486103
3486206
3486259
3486378
3486399
3486403
3486463
3486554
3486625
3486638
3486646
3486717
3486752
3486781
3486792
3486816
3486827
3486904
3486936
3487019
3487077
3487083
3487094
3487114
3487125
3487232
3487277
3487334
3487338
3487398
3487439
3487479
3487487
3487523
3487739
3487847
3487872
3487886
3488077
3488087
3488125
3488176
3488247
3488382
3488448
3488686
3488734
3488739
3488740
3488762
3488857
3488917
3488925
3488926
3489031
3489099
3489117
3489131
3489135
3489243
3489273
3489335
3489440
3489444
3489468
3489470
3489476
3489482
3489653
3489733
3489771
3489803
3489829
3489924
3489984
3489992
3490108
3490111
3490223
3490301
3490319
3490377
3499277
3623593
3623642
3647498
3647563
3648321
3676236
3676293
3676401
3676465
3755694
3755703
3755783
3839997
3840049
3916440
3917048
3917213
3918760
4009879
4429173
4429298
4429548
4429836
4455241
4455705
4456261
4616182
4635736
4751926
4752535
4788819
4790427
4857330
4921734
4922561
5002470
5120638
5281337
3490486
3490638
3490663
3490829
3490964
3490989
3491208
3491254
3491331
3491400
3491488
3491521
3491532
3491581
3491626
3491631
3491660
3491673
3491674
3491785
3491808
3491827
3492008
3492014
3492034
3492037
3492140
3492269
3492270
3492287
3492307
3492474
3492514
3492615
3492633
3492685
3492690
3492707
3492714
3492780
3492815
3492844
3492891
3492929
3492935
3493041
3493046
3493130
3493191
3493229
3493339
3493360
3493391
3493424
3493501
3493522
3493576
3493586
3493627
3493664
3493703
3493749
3493866
3493895
3493970
3493985
3493995
3494092
3494175
3494188
3494231
3494274
3494316
3494325
3494336
3494358
3494396
3494433
3494483
3494488
3494530
3494534
3494538
3494563
3494603
3494691
3494695
3494725
3494761
3494772
3494788
3494802
3494803
3494873
3494893
3494957
3495101
3495114
3495137
3495147
3495149
3495210
3495246
3495248
3495279
3495386
3495546
3495595
3495630
3495696
3495807
3495894
3495988
3495999
3496057
3496156
3496233
3496271
3496287
3496561
3496588
3496655
3496698
3496725
3496836
3496898
3497333
3497351
3497406
3497493
3497530
3497735
3497755
3497758
3497759
3497773
3497788
3497846
3497853
3497855
3497890
3497946
3498009
3498050
3498093
3498116
3498307
3498353
3498367
3498555
3498655
3498679
3498775
3498793
3498963
3499023
3499043
3499045
3499053
3499103
3499351
3499458
3499472
3499586
3499597
3499697
3500022
3500078
3500130
3500171
3500181
3500225
3500428
3500447
3500576
3500601
3500659
3500770
3500784
3500831
3501005
3501104
3501123
3501132
3501171
3501356
3501433
3501456
3501506
3501635
3501658
3501670
3501716
3501834
3501854
3501893
3502040
3502098
3502117
3502161
3502218
3502242
3502389
3502581
3502682
3502856
3503223
3503276
3503478
3503567
3503751
3503849
3503898
3503929
3503979
3504104
3504127
3504392
3504633
3504787
3504821
3504847
3505036
3505150
3505268
3505304
3505307
3505401
3505482
3505554
3505623
3505699
3505724
3505811
3505883
3505887
3505944
3505969
3506054
3506081
3506111
3506150
3506178
3506520
3506601
3506668
3506701
3506899
3506964
3507004
3507056
3507081
3507097
3507101
3507152
3507165
3507181
3507224
3507288
3507358
3507388
3507504
3507568
3507630
3507782
3507869
3508012
3508036
3508041
3508080
3508098
3508233
3508331
3508342
3508517
3508597
3508644
3508653
3508895
3508999
3509023
3509119
3509270
3509368
3509401
3509541
3509544
3509786
3510022
3510057
3510070
3510090
3510204
3510498
3510609
3510610
3510633
3510691
3510696
3510801
3510805
3510958
3510983
3511129
3511278
3511381
3511385
3511403
3511567
3511580
3511657
3511717
3511825
3511984
3512053
3512277
3512298
3512360
3512421
3512492
3512536
3513331
3513350
3513379
3513632
3513845
3513938
3514024
3514025
3514082
3514112
3514205
3514296
3514298
3514415
3514465
3514548
3514606
3514668
3514682
3514876
3514961
3515047
3515187
3515234
3515346
3515380
3515533
3515609
3515643
3515694
3515703
3515710
3515723
3515731
3515739
3515750
3515817
3515821
3515858
3515979
3515996
3516011
3516031
3516077
3516172
3516205
3516251
3516286
3516319
3516335
3516347
3516508
3516647
3516668
3516678
3516679
3516715
3516743
3516762
3516772
3516783
3516808
3516816
3516824
3516827
3516898
3516912
3516914
3516916
3516918
3516932
3516939
3517016
3517058
3517066
3517208
3517279
3517295
3517298
3517326
3517470
3517491
3517550
3517634
3517667
3517735
3517786
3518055
3518069
3518125
3518151
3518212
3518217
3518227
3518245
3518334
3518340
3518401
3518468
3518611
3518652
3518699
3518713
3518761
3518766
3518767
3518770
3518942
3519027
3519048
3519152
3519343
3519368
3519431
3519459
3519507
3519508
3519531
3519534
3519552
3519563
3519627
3519702
3520214
3520218
3520234
3520251
3520533
3520596
3520650
3520746
3520842
3520879
3520926
3520977
3521130
3521167
3521212
3521242
3521244
3521348
3521403
3521441
3521599
3521615
3521629
3521752
3521869
3521906
3521907
3521909
3522002
3522077
3522121
3522139
3522178
3522249
3522322
3522466
3522722
3522782
3522901
3522953
3523008
3523096
3523133
3523305
3523361
3523372
3523399
3523418
3523523
3523643
3523654
3523779
3523783
3523801
3523942
3523982
3524103
3524208
3524388
3524686
3524702
3524736
3524783
3525099
3525148
3525170
3525224
3525348
3525659
3525771
3525866
3525902
3525927
3525941
3526191
3526249
3526315
3526555
3526556
3526566
3526622
3526631
3526826
3526909
3527007
3527047
3527147
3527188
3527230
3527259
3527284
3527415
3527542
3527556
3527565
3527803
3527837
3527921
3527934
3527983
3528018
3528174
3528332
3528385
3528507
3528527
3528578
3528704
3528723
3528766
3528802
3528838
3529010
3529150
3529162
3529167
3529199
3529280
3529347
3529397
3529422
3529456
3529547
3529642
3529807
3529920
3529980
3530012
3530041
3530068
3530079
3530084
3530165
3530200
3530220
3530223
3530291
3530299
3530300
3530444
3530544
3530645
3530693
3530723
3530955
3531012
3531326
3531370
3531377
3531418
3531495
3531530
3531545
3531553
3531680
3531736
3531776
3531902
3531948
3531994
3532032
3532037
3532276
3532375
3532390
3532578
3532618
3532688
3532776
3532889
3533032
3533125
3533154
3533200
3533269
3533357
3533434
3533451
3533460
3533513
3533626
3533704
3533744
3533768
3533935
3533942
3533974
3534027
3534121
3534140
3534235
3534327
3534400
3534452
3534535
3534668
3534684
3534699
3534704
3534831
3534879
3534890
3534912
3535129
3535159
3535348
3535371
3535387
3535394
3535422
3535509
3535624
3535695
3536062
3536066
3536166
3536171
3536192
3536228
3536626
3559541
3623781
3648200
3648462
3648772
3704918
3705035
3705118
3756437
3779705
3780157
3810704
3922909
4073265
4073292
4073298
4456787
4456800
4457223
4457224
4564635
4565324
4586811
4616432
4728599
4752744
4753469
4923142
4923557
4924151
5123374
5279201
5291191
3536923
3536968
3536969
3537141
3537313
3537382
3537553
3537558
3537720
3537783
3537927
3538000
3538077
3538095
3538129
3538175
3538309
3538366
3538373
3538407
3538413
3538419
3538432
3538436
3538469
3538541
3538555
3538682
3538706
3538804
3538815
3538817
3538852
3538877
3538912
3539196
3539201
3539226
3539261
3539271
3539308
3539389
3539406
3539526
3539613
3539632
3539655
3539693
3539702
3539803
3539865
3539892
3539898
3539928
3539978
3539992
3540071
3540121
3540162
3540227
3540255
3540347
3540376
3540457
3540484
3540503
3540547
3540665
3540683
3540731
3540844
3540896
3540990
3541244
3541314
3541388
3541393
3541401
3541410
3541415
3541569
3541664
3541832
3541976
3541991
3542018
3542170
3542261
3542288
3542292
3542326
3542353
3542428
3542805
3542838
3542897
3542937
3542989
3543056
3543080
3543086
3543093
3543224
3543245
3543263
3543293
3543430
3543495
3543708
3543725
3544199
3544272
3544393
3544400
3544578
3544589
3544667
3544674
3544748
3544772
3544907
3545071
3545143
3545162
3545166
3545195
3545256
3545257
3545264
3545317
3545785
3545845
3546152
3546175
3546187
3546203
3546220
3546238
3546432
3546591
3546596
3546902
3546952
3547062
3547126
3547149
3547575
3547872
3547940
3547969
3548243
3548250
3548289
3548306
3548564
3548596
3548607
3548655
3548696
3548740
3548754
3548870
3548975
3548981
3549195
3549285
3549296
3549330
3549401
3549440
3549468
3549602
3549690
3549753
3549776
3549870
3549931
3550115
3550194
3550298
3550424
3550596
3550618
3550663
3550809
3550862
3551025
3551057
3551280
3551286
3551305
3551427
3551558
3551708
3551710
3551739
3551755
3551905
3551907
3551923
3552066
3552082
3552095
3552213
3552215
3552231
3552388
3552445
3552454
3553068
3553128
3553316
3553503
3553742
3553796
3553873
3553919
3553940
3554108
3554188
3554202
3554267
3554413
3554434
3554517
3554532
3554542
3554599
3554631
3554759
3554760
3554810
3554880
3554951
3555008
3555009
3555014
3555045
3555069
3555158
3555184
3555285
3555373
3555402
3555403
3555416
3555423
3555481
3555505
3555788
3555803
3555804
3555828
3555915
3555947
3556061
3556183
3556259
3556318
3556321
3556340
3556346
3556566
3557236
3557269
3557336
3557370
3557402
3557417
3557435
3557464
3557470
3557625
3557795
3557830
3557862
3557880
3557994
3557996
3558169
3558450
3558516
3558563
3558710
3558777
3558812
3558890
3558924
3558945
3558967
3559093
3559150
3559225
3559282
3559332
3559419
3559430
3559602
3559759
3559816
3559920
3559929
3559949
3560067
3560213
3560225
3560348
3560521
3560601
3560652
3560678
3560728
3560783
3560892
3560914
3560962
3561000
3561008
3561009
3561010
3561248
3561254
3561348
3561371
3561401
3561426
3561463
3561475
3561479
3561585
3561679
3561755
3561828
3561988
3562219
3562583
3562610
3562623
3562640
3562672
3562688
3562810
3562893
3562905
3562911
3562949
3562989
3563105
3563172
3563215
3563324
3563393
3563580
3563650
3563656
3563698
3564139
3564152
3564312
3564497
3564567
3564630
3564632
3564652
3564813
3564855
3564922
3564946
3564984
3565035
3565072
3565131
3565162
3565177
3565224
3565290
3565397
3565489
3565497
3565512
3565525
3565609
3565661
3565854
3565859
3565936
3566066
3566106
3566124
3566151
3566176
3566228
3566294
3566437
3566512
3566544
3566561
3566628
3566667
3566739
3566767
3566835
3566867
3566974
3566987
3567059
3567125
3567145
3567257
3567358
3567441
3567529
3567610
3567763
3567825
3567909
3567916
3567922
3567958
3567966
3568028
3568076
3568086
3568151
3568210
3568228
3568262
3568296
3568447
3568563
3568598
3568642
3568710
3568726
3568759
3568760
3568810
3568844
3568849
3568884
3569044
3569089
3569206
3569226
3569275
3569318
3569343
3569401
3569529
3569556
3569611
3569721
3569811
3569877
3569909
3569965
3570009
3570010
3570033
3570068
3570122
3570146
3570201
3570215
3570309
3570788
3570804
3570863
3570917
3570922
3570932
3570941
3570947
3570949
3570974
3571083
3571259
3571263
3571312
3571365
3571451
3571468
3571525
3571543
3571561
3571649
3571662
3571681
3571687
3571750
3571764
3571832
3571848
3571907
3571938
3571957
3571986
3572092
3572096
3572107
3572174
3572266
3572303
3572319
3572322
3572375
3572385
3572391
3572559
3572627
3572628
3572680
3572688
3572702
3572718
3572748
3572754
3572755
3572771
3572801
3572839
3572909
3572920
3572930
3572941
3573136
3573149
3573160
3573187
3573270
3573317
3573409
3573474
3573542
3573556
3573563
3573565
3573601
3573645
3573738
3573776
3573824
3573954
3574010
3574046
3574087
3574136
3574200
3574219
3574361
3574367
3574475
3574561
3574629
3574673
3574696
3574809
3574819
3574822
3574830
3574833
3574836
3574847
3574903
3574909
3574958
3575014
3575093
3575124
3575169
3575174
3575199
3575210
3575273
3575350
3575351
3575605
3575694
3575695
3575719
3575777
3575950
3576069
3576174
3576238
3576256
3576759
3576863
3576908
3577012
3577130
3577379
3577416
3577451
3577541
3577590
3577687
3577718
3577741
3577874
3577907
3578028
3578154
3578264
3578295
3578467
3578476
3578482
3578609
3578649
3578700
3578827
3578929
3578952
3578955
3578985
3579056
3579174
3579272
3579295
3579327
3579335
3579338
3579441
3579559
3579852
3579858
3580087
3580166
3580257
3580334
3580353
3580413
3580429
3580465
3580521
3580586
3580707
3580749
3581119
3581132
3581150
3581230
3581425
3581440
3581442
3581537
3581600
3581612
3581686
3581727
3581735
3581787
3581881
3581962
3581977
3582009
3582022
3582139
3582171
3582205
3582242
3582245
3582258
3582366
3582429
3582603
3582629
3582649
3582702
3582711
3582803
3582824
3582997
3583113
3583237
3583304
3583322
3583373
3583496
3583510
3583668
3583812
3583814
3583894
3590020
3590031
3590042
3590137
3648668
3677109
3677207
3677228
3677504
3677543
3686565
3686990
3705440
3705607
3723437
3756923
3780591
3840548
3840561
3970021
3970198
4011244
4011741
4011762
4011915
4073427
4430156
4456894
4457042
4457091
4457111
4457127
4565635
4617260
4700716
4755291
4860716
4861047
4924681
5292024
3583965
3583995
3584061
3584062
3584072
3584121
3584172
3584190
3584232
3584267
3584305
3584376
3584417
3584440
3584444
3584491
3584629
3584879
3584983
3585061
3585072
3585175
3585222
3585230
3585255
3585267
3585297
3585333
3585348
3585377
3585383
3585393
3585409
3585433
3585494
3585514
3585615
3585626
3585639
3585717
3585903
3585920
3585938
3585955
3586002
3586135
3586304
3586566
3586567
3586612
3586619
3586639
3586686
3586738
3586777
3586807
3586856
3586917
3586968
3587230
3587419
3587572
3587628
3587772
3587909
3588000
3588033
3588063
3588086
3588287
3588329
3588390
3588441
3588598
3588682
3588721
3588848
3588951
3589016
3589069
3589115
3589133
3589139
3589181
3589195
3589232
3589296
3589343
3589344
3589384
3589390
3589508
3589547
3589646
3589675
3589694
3589877
3590002
3590215
3590233
3590286
3590621
3590707
3590825
3590859
3591178
3591380
3591498
3591803
3591948
3592055
3592079
3592080
3592290
3592323
3592331
3592362
3592451
3592527
3592801
3592826
3592880
3592928
3592959
3593034
3593045
3593161
3593168
3593241
3593275
3593284
3593331
3593338
3593386
3593397
3593441
3593479
3593630
3593687
3593725
3593743
3593755
3593794
3593803
3593887
3593949
3593978
3593995
3593996
3594110
3594138
3594143
3594150
3594162
3594205
3594207
3594291
3594363
3594404
3594476
3594512
3594557
3594581
3594598
3594623
3594636
3594727
3594736
3594765
3594804
3594808
3594851
3594872
3594941
3594946
3595014
3595097
3595150
3595157
3595171
3595181
3595260
3595358
3595361
3595363
3595367
3595380
3595390
3595406
3595425
3595445
3595454
3595464
3595597
3595631
3595752
3595871
3595878
3596110
3596124
3596165
3596362
3596425
3596468
3596520
3596529
3596539
3596618
3596689
3596728
3596805
3596961
3597013
3597060
3597085
3597138
3597230
3597269
3597465
3597517
3597531
3597698
3597707
3597725
3597774
3597803
3598175
3598193
3598255
3598474
3598485
3598538
3598666
3598779
3598978
3599119
3599283
3599307
3599328
3599372
3599468
3599490
3599547
3599721
3599741
3599865
3599898
3599909
3599955
3599994
3600120
3600141
3600146
3600184
3600214
3600323
3600354
3600364
3600531
3600596
3600761
3600783
3600836
3600875
3600890
3601021
3601175
3601190
3601233
3601242
3601371
3601394
3601395
3601424
3601442
3601455
3601508
3601530
3601580
3601672
3601689
3601714
3601786
3601795
3601828
3601834
3601852
3601905
3601924
3602022
3602222
3602273
3602289
3602384
3602487
3602500
3602517
3602521
3602538
3602548
3602551
3602553
3602567
3602614
3602690
3602723
3602740
3602754
3602765
3602781
3602784
3602817
3602856
3602857
3602866
3602933
3602947
3603011
3603087
3603107
3603166
3603168
3603274
3603277
3603282
3603304
3603312
3603313
3603336
3603375
3603423
3603425
3603432
3603449
3603467
3603484
3603531
3603561
3603597
3603687
3603692
3603700
3603711
3603767
3603914
3603938
3603939
3604115
3604140
3604168
3604188
3604262
3604276
3604310
3604327
3604373
3604474
3604489
3604524
3604631
3604724
3604826
3604854
3604883
3604960
3605023
3605057
3605113
3605204
3605217
3605621
3605738
3605740
3605753
3605839
3606113
3606166
3606199
3606211
3606274
3606293
3606306
3606327
3606342
3606390
3606636
3606935
3607152
3607179
3607190
3607712
3607757
3608181
3608316
3608477
3608489
3608529
3608681
3608822
3609057
3609064
3609118
3609236
3609441
3609541
3609619
3609746
3609873
3609898
3610057
3610163
3610167
3610298
3610355
3610392
3610844
3611078
3611403
3611424
3611442
3611486
3611496
3611542
3611663
3611737
3611764
3612000
3612093
3612168
3612266
3612300
3612388
3612786
3612906
3612993
3613033
3613074
3613085
3613138
3613176
3613206
3613289
3613310
3613388
3613425
3613431
3613458
3613950
3613957
3614026
3614040
3614056
3614077
3614132
3614176
3614199
3614217
3614420
3614538
3614571
3614632
3614877
3615005
3615103
3615164
3615204
3615262
3615332
3615339
3615382
3615478
3615560
3615654
3615783
3615902
3615920
3615929
3615963
3615979
3615988
3616024
3616104
3616121
3616145
3616380
3616393
3616440
3616445
3616487
3616546
3616552
3616597
3616605
3616609
3616691
3616699
3616797
3616834
3616860
3616919
3616970
3617026
3617068
3617144
3617246
3617541
3617789
3617972
3617982
3618082
3618335
3618484
3618488
3618630
3618644
3618654
3618659
3618676
3618693
3618699
3618803
3618879
3618886
3619076
3619100
3619170
3619172
3619183
3619256
3619317
3619387
3619563
3619576
3619626
3619710
3619841
3619937
3619973
3620018
3620116
3620223
3620244
3620318
3620471
3620535
3620582
3620838
3620937
3620978
3620993
3621362
3621368
3621402
3621438
3621475
3621651
3621661
3621870
3621898
3621975
3622274
3623415
3623947
3623954
3624007
3625061
3625403
3625441
3625444
3625941
3626431
3626671
3627858
3628156
3628258
3628812
3628840
3629283
3630005
3630627
3630840
3631217
3632382
3632398
3632933
3633284
3633373
3633380
3633552
3633573
3633750
3633988
3634236
3634337
3634390
3634528
3634536
3634581
3634616
3634753
3634798
3637100
3637110
3637519
3637525
3637531
3637716
3638144
3638308
3638344
3638787
3639577
3640084
3640795
3641482
3641988
3642079
3642331
3642355
3642629
3643775
3644187
3644943
3645797
3646211
3646320
3646663
3646952
3647069
3647232
3647311
3647426
3647726
3647845
3647985
3648275
3648367
3648577
3648682
3649551
3649555
3650161
3650165
3650178
3650209
3650301
3650386
3650629
3651649
3653225
3653443
3653444
3653582
3654714
3654868
3656069
3656077
3656345
3657598
3657675
3657729
3657747
3657797
3657899
3658105
3658160
3658367
3658514
3658605
3658615
3687035
3705632
3723541
3723887
3757007
3780422
3780638
3780977
3781005
3781330
3781515
3841076
3923684
4074606
4463400
4495330
4527166
4527280
4527432
4701526
4701549
4702431
4862094
4926571
5007163
5011109
5303375
3658696
3658742
3658790
3658901
3658944
3659336
3659361
3659383
3659590
3659689
3660487
3660518
3661109
3661214
3661384
3661455
3663229
3663665
3663846
3663878
3663880
3664517
3664700
3664768
3664796
3665560
3665575
3665983
3666134
3667042
3667264
3667266
3667342
3667408
3667772
3667855
3668249
3668710
3668715
3668827
3669037
3669143
3669721
3670722
3671082
3671351
3671665
3671703
3671813
3671904
3671917
3671998
3672167
3672187
3672334
3672352
3673107
3673221
3673261
3673414
3673465
3673739
3673748
3673929
3673931
3674397
3674660
3674777
3674789
3674871
3675208
3675455
3675529
3675546
3675734
3676019
3676381
3676432
3676481
3676650
3676702
3676863
3676895
3676923
3677201
3677329
3677446
3677447
3677454
3677766
3677896
3677987
3678117
3678194
3678549
3678883
3680303
3680559
3680578
3680580
3680626
3680629
3680791
3680861
3680911
3681805
3682371
3682717
3682838
3682840
3682933
3682987
3683023
3683209
3683220
3683287
3683500
3683768
3684078
3684151
3684415
3684677
3685363
3685482
3685605
3685809
3685847
3685960
3686009
3686048
3686209
3686229
3686311
3686316
3686443
3686475
3686640
3686643
3686792
3686802
3686845
3686849
3686876
3686878
3686982
3687056
3687176
3687755
3687811
3688155
3688339
3688467
3688492
3688704
3688724
3688942
3689064
3689370
3689419
3689514
3689549
3689580
3689583
3689840
3689929
3690198
3690231
3690458
3690499
3690550
3690631
3690634
3691184
3691312
3691331
3691382
3691830
3691972
3692023
3692027
3692564
3692663
3693012
3693206
3693448
3693663
3694108
3694183
3694319
3694437
3695592
3695794
3696703
3697585
3697646
3697664
3697789
3698588
3698711
3698824
3698902
3699013
3699371
3699638
3700081
3700178
3700279
3700667
3701005
3701017
3701141
3701160
3701220
3701390
3701486
3701526
3701567
3701824
3702034
3702094
3702277
3702292
3702631
3702817
3702874
3702950
3703091
3703311
3703379
3703382
3703412
3703439
3703451
3703567
3703595
3703604
3703673
3703886
3703887
3703983
3704194
3704224
3704243
3704265
3704335
3704351
3704478
3704534
3704548
3704678
3704710
3704748
3704763
3704772
3704776
3704833
3704834
3704836
3704876
3704885
3704934
3704937
3704942
3705063
3705125
3705146
3705179
3705323
3705379
3705545
3705550
3705587
3705597
3705655
3705693
3705704
3706104
3706462
3706678
3706708
3706766
3707754
3707949
3708453
3708578
3708634
3708727
3709987
3710023
3710139
3710363
3710631
3710686
3710723
3711178
3711343
3711691
3712016
3712255
3712317
3712644
3712645
3712917
3713055
3713326
3713345
3713717
3713772
3713780
3713886
3714208
3714335
3714404
3714408
3714465
3714727
3715162
3715336
3715675
3715735
3715981
3716063
3716325
3716342
3716419
3716430
3716970
3717083
3717122
3717200
3717284
3717360
3717472
3717513
3717759
3717807
3718076
3718120
3718204
3718340
3718567
3718707
3718993
3719220
3719472
3719485
3719544
3719547
3719587
3719595
3719744
3719746
3719957
3719987
3719993
3720031
3720066
3720255
3720515
3720898
3720983
3721043
3721083
3721087
3721257
3721270
3721337
3721349
3721464
3721517
3721529
3721669
3721673
3721702
3721746
3721786
3721873
3721993
3722115
3722135
3722316
3722407
3722431
3722470
3722541
3722589
3722616
3722683
3722784
3722788
3723073
3723208
3723302
3723328
3723527
3723694
3723804
3723836
3724783
3725116
3725160
3725553
3725597
3725612
3725919
3725992
3726502
3726659
3726720
3726861
3726885
3727228
3727300
3727345
3727374
3727716
3727719
3727824
3727934
3727989
3728268
3728354
3728616
3728840
3728846
3728911
3728940
3728946
3729219
3729224
3729233
3729304
3729361
3729370
3730086
3730253
3730683
3731181
3731244
3731245
3731287
3731335
3731824
3732336
3732361
3732412
3732945
3732963
3733227
3733495
3734380
3734551
3734843
3735040
3735314
3735319
3735742
3735745
3735968
3736102
3736182
3736237
3736514
3736567
3736960
3737360
3737526
3737845
3738066
3738156
3738517
3738525
3738531
3738621
3738699
3739219
3739354
3739987
3740088
3740400
3740650
3740847
3741151
3741167
3741333
3741391
3741827
3741945
3741974
3742089
3742329
3742498
3742621
3743058
3743389
3743547
3743596
3743627
3743628
3743796
3743918
3744057
3744255
3744262
3744377
3744398
3744401
3744424
3744571
3744612
3744858
3745000
3745007
3745088
3745180
3745474
3745551
3745769
3745819
3745921
3745930
3745975
3746105
3746152
3746189
3746231
3746337
3746516
3746622
3747033
3747360
3747467
3747495
3747508
3747538
3747564
3747578
3747598
3747687
3747692
3747804
3747818
3747862
3747909
3747928
3747930
3748168
3748196
3748304
3748340
3748379
3748469
3748621
3748630
3748675
3748720
3748788
3748801
3748913
3749063
3749943
3749954
3750077
3750174
3750330
3750384
3750576
3750718
3751055
3751130
3751364
3751371
3751395
3751595
3751794
3751874
3751902
3751933
3751976
3752031
3752204
3752339
3752465
3752468
3752565
3752639
3752643
3752844
3752898
3752902
3752909
3752968
3752998
3753046
3753049
3753189
3753339
3753451
3753757
3753806
3753916
3753928
3754152
3754172
3754182
3754394
3754461
3754473
3754581
3754616
3754976
3755075
3755078
3755085
3755332
3755428
3755432
3755446
3755675
3755695
3755743
3755789
3756044
3756047
3756090
3756567
3756771
3756857
3756899
3757092
3757308
3757407
3757441
3757613
3757633
3758580
3758724
3759050
3759074
3759083
3759140
3759290
3759446
3759740
3759769
3759856
3760219
3760349
3760394
3760675
3760738
3760959
3761100
3761222
3761388
3761495
3761498
3762093
3762361
3762590
3762696
3762712
3763004
3763104
3763302
3763436
3763483
3763587
3763601
3763737
3764066
3764246
3764804
3765355
3765557
3765839
3765858
3765948
3766014
3766685
3766745
3767023
3767502
3767732
3767844
3767851
3768089
3768228
3768238
3768262
3768485
3768708
3768723
3768856
3769265
3769421
3769424
3769770
3770002
3770047
3770091
3770149
3770204
3770412
3770456
3770794
3770814
3770852
3770916
3770923
3770956
3771104
3771157
3771862
3771968
3772045
3772440
3772858
3772973
3773136
3773310
3773322
3773327
3773350
3773483
3773670
3773775
3773944
3773969
3774011
3774397
3774704
3774712
3774720
3774802
3775007
3775743
3775773
3775808
3775859
3775940
3775979
3776010
3776023
3776355
3776439
3776808
3777015
3777195
3777295
3777298
3777483
3777509
3777516
3777626
3777766
3777898
3777910
3777952
3778168
3778326
3778339
3778390
3778656
3779195
3779502
3779584
3779588
3779663
3779772
3779823
3779901
3779973
3780010
3780016
3780166
3780368
3780384
3780411
3780657
3780746
3780844
3780853
3780862
3780900
3780902
3780913
3780935
3780988
3781022
3781043
3781057
3781097
3781105
3781129
3781225
3781385
3781396
3781478
3781509
3781547
3781816
3781852
3782282
3782332
3782383
3782526
3782706
3782723
3782771
3782894
3783306
3783373
3783599
3783771
3783894
3783910
3783948
3784000
3784290
3784358
3784376
3784405
3784454
3784596
3784763
3785173
3785192
3785456
3785537
3785641
3785645
3785680
3785697
3786111
3786184
3786823
3787352
3787367
3787614
3787656
3787661
3787777
3788113
3788145
3788192
3788211
3788366
3788402
3788454
3788696
3788776
3788815
3789125
3789345
3789747
3789917
3790004
3790245
3790304
3790478
3790623
3790771
3790877
3790981
3791721
3791961
3792109
3792158
3792294
3792404
3792418
3792678
3792753
3792777
3793101
3793126
3793154
3793158
3793743
3793800
3793831
3793836
3793839
3793879
3794426
3794511
3794862
3794998
3795485
3795776
3795934
3795938
3796386
3796405
3796612
3796618
3797002
3797250
3797330
3797432
3797439
3797457
3797514
3797575
3797578
3797700
3797760
3797837
3797862
3797866
3797874
3797925
3797973
3798117
3798332
3798410
3798782
3799162
3799200
3799360
3799365
3799434
3799596
3799618
3799697
3799736
3799962
3800016
3800116
3800234
3800419
3800469
3800620
3800649
3800651
3800663
3800846
3800964
3801237
3801296
3801390
3801397
3801448
3801562
3801661
3801682
3801843
3801867
3801918
3802027
3802337
3802800
3802962
3803021
3803276
3803342
3803380
3803412
3803552
3803831
3803951
3804346
3804367
3804564
3804621
3804669
3805062
3805153
3805373
3805414
3805513
3805630
3805728
3805783
3805799
3805824
3805905
3805908
3805917
3805942
3805977
3806035
3806141
3806152
3806191
3806202
3806222
3806513
3806516
3806541
3806613
3806655
3806703
3806728
3807029
3807066
3807160
3807178
3807206
3807224
3807229
3807431
3807651
3807659
3807673
3807679
3807771
3807828
3807838
3808005
3808074
3808102
3808112
3808123
3808549
3808699
3808706
3808727
3808757
3808817
3808822
3808868
3808977
3808982
3809022
3809106
3809354
3809378
3809379
3809402
3809404
3809441
3809515
3809533
3809580
3809586
3809632
3809653
3809704
3809736
3809772
3809988
3810011
3810025
3810054
3810092
3810100
3810258
3810263
3810293
3810308
3810318
3810362
3810374
3810390
3810439
3810661
3810737
3810838
3810882
3810897
3810969
3811304
3811429
3811460
3811665
3811677
3811793
3812616
3812727
3812898
3813595
3813858
3813924
3814176
3814201
3814241
3814250
3814288
3814328
3814499
3814885
3814941
3815226
3815459
3815762
3816260
3816354
3816444
3816535
3816537
3817267
3817443
3818007
3818082
3818229
3818246
3818340
3818947
3818955
3818956
3818996
3819489
3819625
3819824
3820077
3820113
3820511
3821129
3821162
3821227
3821234
3821405
3821682
3821692
3821747
3821758
3822172
3822287
3822311
3822540
3822574
3822688
3822782
3823261
3823314
3823327
3823590
3823904
3823911
3823984
3824394
3824904
3825210
3825226
3825476
3825502
3825713
3825963
3826200
3826236
3826703
3826850
3826901
3826946
3827121
3827289
3827292
3827452
3827729
3827940
3828204
3828259
3828329
3828346
3828392
3828494
3828810
3829373
3829386
3829389
3829462
3829563
3829582
3829619
3829822
3829959
3829982
3830191
3830254
3830288
3830332
3830377
3830381
3830386
3830421
3830441
3830491
3830562
3830594
3830811
3830816
3831276
3831583
3831641
3831815
3831831
3831905
3831973
3832075
3832151
3832200
3832306
3832326
3832354
3832366
3832369
3832406
3832429
3832532
3832564
3832574
3832609
3832659
3832673
3832725
3832845
3832859
3832878
3832930
3832960
3832963
3833071
3833088
3833113
3833154
3833261
3833293
3833340
3833401
3833445
3833537
3833667
3833801
3833802
3833808
3833831
3833845
3833900
3833964
3833981
3834014
3834043
3834281
3834330
3834363
3834418
3834446
3834465
3834503
3834570
3834605
3834606
3834639
3834721
3834769
3834803
3835079
3835096
3835113
3835138
3835197
3835316
3835491
3835500
3835506
3835572
3835626
3835728
3835741
3835743
3835775
3835804
3835808
3835880
3836026
3836075
3836225
3836435
3836458
3836473
3836521
3836674
3836700
3836711
3836861
3836985
3837430
3837473
3837505
3837631
3837685
3837687
3837711
3837727
3837742
3837766
3837948
3838151
3838152
3838171
3838330
3838356
3838466
3838473
3838629
3838829
3838866
3838888
3839159
3839246
3839292
3839537
3839584
3839771
3839823
3839874
3839887
3840196
3840507
3840609
3840616
3840787
3840842
3840900
3841458
3841774
3841792
3841893
3842016
3842119
3842270
3842465
3842692
3842906
3843126
3843129
3843271
3843298
3843301
3843309
3843710
3843733
3843828
3843831
3843833
3843907
3844212
3844733
3844795
3844817
3845089
3845293
3845411
3845421
3845471
3845486
3845563
3845655
3845768
3846073
3846122
3846458
3846529
3846714
3846781
3846890
3847041
3847045
3847103
3847341
3847465
3847501
3847573
3847721
3847732
3847791
3847792
3847816
3847865
3847876
3847906
3847926
3848472
3848482
3848489
3848723
3848757
3848875
3848878
3848924
3848961
3849010
3849017
3849142
3849763
3849799
3849803
3849827
3849835
3850010
3850097
3850126
3850147
3850153
3850154
3850180
3850252
3850337
3850544
3850606
3850775
3850781
3850827
3850854
3850970
3851077
3851132
3851277
3851486
3851678
3851701
3851947
3851953
3852040
3852069
3852108
3852464
3852594
3852893
3853088
3853179
3853184
3853457
3853552
3853605
3853882
3853957
3853981
3854305
3854312
3854491
3854507
3854574
3854992
3854994
3855163
3855235
3855660
3855877
3856161
3856245
3856275
3856382
3856419
3856486
3857182
3857271
3857414
3857572
3857599
3857776
3858176
3858268
3858340
3858371
3858593
3858650
3858752
3858776
3858797
3858899
3859086
3859089
3859094
3859173
3859446
3859576
3859645
3859832
3860061
3860520
3860599
3860608
3860736
3860904
3860932
3860991
3860998
3861061
3861100
3861430
3861435
3861508
3861535
3861555
3861564
3861576
3861700
3861811
3861846
3861890
3861956
3862125
3862166
3862321
3862345
3862403
3862504
3862518
3862559
3862593
3862647
3862667
3862826
3863023
3863070
3863083
3863101
3863426
3863506
3864025
3864130
3864247
3864280
3864448
3864687
3864713
3865361
3865431
3865557
3865605
3865621
3865845
3865888
3865903
3865952
3866228
3866384
3866661
3867021
3867037
3867041
3867487
3867695
3867916
3868534
3868638
3869073
3869139
3869377
3869472
3869568
3869665
3869703
3869739
3870151
3870703
3870720
3870932
3871117
3871405
3871708
3871719
3871802
3871947
3872207
3872224
3872319
3873098
3873105
3873142
3873163
3873484
3873488
3873586
3873618
3873656
3873690
3873722
3873732
3873841
3873871
3873882
3874239
3874275
3874412
3874493
3874559
3874603
3874690
3875281
3875302
3875307
3875318
3875384
3875402
3875529
3875572
3875591
3875595
3875769
3875818
3875868
3876148
3876200
3876213
3876335
3876464
3876466
3876479
3876806
3876859
3876862
3877091
3877296
3877309
3877311
3877318
3877414
3877426
3877457
3877461
3877503
3877651
3877863
3877903
3877939
3878099
3878174
3878276
3878280
3878324
3878393
3878424
3878512
3878518
3878664
3878913
3878933
3879073
3879131
3879407
3879494
3879561
3879624
3879802
3879858
3880022
3880427
3881161
3881265
3881340
3881395
3881489
3881490
3881530
3881533
3881664
3881704
3881798
3881913
3882084
3882532
3882565
3882602
3882716
3882721
3882735
3882814
3882928
3883015
3883168
3883280
3883281
3883454
3883586
3883594
3883648
3883678
3883846
3883890
3884396
3884585
3884595
3884666
3884694
3884726
3884786
3884916
3885058
3885071
3885155
3885167
3885437
3885666
3885733
3885747
3885949
3886042
3887022
3887067
3887088
3887234
3887399
3887493
3887524
3887711
3887712
3887814
3887823
3888088
3888196
3888482
3888971
3889044
3889407
3889409
3889644
3889653
3889708
3889742
3889747
3889776
3890543
3890624
3891075
3891371
3891539
3891590
3891689
3891844
3891910
3891928
3891938
3892025
3892032
3892109
3892195
3892238
3892291
3892498
3892561
3892572
3892675
3892815
3893212
3893342
3893849
3893853
3893854
3894035
3894138
3894217
3894268
3894357
3894508
3894586
3894625
3894629
3894774
3894947
3895053
3895183
3895184
3895239
3895383
3895484
3895586
3895631
3895632
3895754
3895767
3895770
3895773
3895811
3895953
3896079
3896291
3896484
3896642
3896851
3896859
3896987
3897073
3897125
3897161
3897187
3897236
3897338
3897446
3897493
3897545
3897633
3897701
3897796
3897828
3897978
3898114
3898272
3908337
3908347
3908406
3908513
3908557
3908643
3908771
3908900
3909054
3909220
3909254
3909356
3909635
3909706
3909753
3909849
3909934
3909947
3910086
3910260
3910483
3910528
3910703
3910705
3910735
3910920
3911003
3911181
3911234
3911246
3911276
3911326
3911349
3911361
3911368
3911413
3911464
3911505
3911874
3911930
3912045
3912059
3912061
3912128
3912160
3912278
3912332
3912339
3912437
3912496
3912537
3912675
3912686
3912694
3912709
3912736
3912762
3912813
3912867
3912869
3912902
3913005
3913159
3913429
3913511
3913537
3913555
3913623
3913654
3913698
3913712
3913715
3913730
3913845
3913854
3913875
3913892
3913952
3913965
3914060
3914091
3914249
3914254
3914262
3914417
3914529
3914540
3914544
3914709
3914739
3914862
3914973
3914974
3915045
3915064
3915408
3915684
3915837
3915883
3916006
3916060
3916074
3916209
3916216
3916222
3916244
3916298
3916315
3916338
3916474
3916608
3916648
3916713
3916774
3916798
3916933
3916996
3917034
3917248
3917347
3917371
3917380
3917446
3919760
3920800
3920892
3922334
3922567
3922573
3922578
3922612
3922644
3922694
3922704
3922757
3922811
3922847
3922916
3923012
3923019
3923052
3923070
3923079
3923089
3923095
3923112
3923116
3923157
3923228
3923242
3923329
3923341
3923393
3923422
3923734
3923739
3923812
3923876
3923982
3924010
3924098
3924100
3924183
3924224
3924244
3924483
3924573
3924587
3924650
3924734
3924847
3924896
3924912
3924920
3925007
3925022
3925060
3925197
3925238
3926060
3926215
3926304
3926493
3926615
3926759
3926915
3927262
3927330
3927333
3927355
3927649
3927676
3927926
3933204
3933299
3933399
3933509
3933587
3933716
3933717
3933735
3933845
3933988
3934001
3934234
3934619
3934651
3934697
3934753
3935172
3935568
3935591
3935657
3935807
3935830
3935939
3936042
3936153
3936221
3936764
3936899
3937362
3937744
3937762
3937801
3937902
3937904
3938012
3938135
3938204
3938386
3938515
3938657
3938730
3938752
3938923
3939004
3939240
3939280
3939328
3939497
3939509
3939517
3939661
3939726
3939941
3940117
3940434
3940479
3940777
3940834
3940940
3941081
3941239
3941427
3941601
3946583
3946669
3946685
3946835
3946838
3947032
3947063
3947101
3947152
3947209
3947211
3947281
3947468
3947583
3947727
3947753
3947780
3947942
3948018
3948165
3948210
3948584
3948633
3948723
3949114
3949123
3949297
3949605
3949695
3949761
3949877
3950126
3950215
3950577
3950684
3950700
3950721
3950856
3951036
3951041
3951182
3951538
3951693
3951881
3952023
3952059
3952129
3952197
3952206
3952217
3952463
3952525
3952714
3952890
3953114
3953188
3953264
3953474
3953621
3953767
3953811
3953832
3953933
3954235
3954248
3954331
3954361
3954411
3954543
3954552
3954638
3954662
3954669
3954728
3954747
3954752
3955154
3955165
3955279
3955282
3955323
3955449
3955476
3955791
3955798
3955845
3955884
3955889
3955918
3956357
3956472
3956513
3956517
3956535
3956536
3956600
3956619
3956627
3957124
3957226
3957233
3957384
3957908
3958019
3958165
3958367
3958404
3958525
3958558
3958659
3958765
3958832
3958845
3958861
3958868
3958871
3959089
3959208
3959293
3959308
3959347
3959371
3959452
3959488
3959526
3959639
3959673
3959679
3959701
3959719
3959931
3959946
3960172
3960190
3960212
3960221
3960512
3960701
3960727
3961252
3961274
3961355
3961393
3961463
3961653
3961786
3961927
3961969
3962176
3962216
3962228
3962254
3962510
3962793
3963360
3963662
3963758
3963796
3963860
3963953
3963957
3963960
3964167
3964170
3964411
3964456
3964492
3964663
3964682
3964724
3964934
3964992
3965060
3965381
3965389
3965411
3965449
3965464
3965519
3965523
3965693
3965694
3965718
3966102
3966211
3966235
3966342
3966502
3966513
3966820
3967066
3967069
3967103
3967118
3967217
3967303
3967497
3967590
3967659
3967661
3967673
3967715
3967787
3967985
3968056
3968084
3968118
3968124
3968191
3968208
3968439
3968452
3968480
3968526
3968622
3968709
3968808
3968899
3968983
3969021
3969155
3969156
3969222
3969234
3969265
3969291
3969367
3969422
3969525
3969640
3969642
3969716
3969717
3969792
3969869
3969881
3969900
3969988
3970088
3970115
3970120
3970319
3970378
3970451
3970587
3970663
3970973
3970983
3971184
3971274
3971306
3971317
3971565
3971767
3971819
3971903
3971996
3972068
3972129
3972353
3972425
3972438
3972443
3972456
3972520
3972547
3972626
3972654
3972706
3972814
3972868
3972959
3973253
3973265
3973273
3973355
3973430
3973762
3974183
3974189
3974289
3974474
3974679
3974831
3975168
3975858
3975957
3976146
3976306
3976502
3976574
3976579
3976598
3976996
3977048
3977334
3977583
3977672
3977913
3978043
3978112
3978598
3978648
3978757
3978838
3978872
3978943
3979388
3979403
3979433
3979961
3980001
3980212
3980296
3980482
3980598
3981336
3981418
3981725
3981727
3981922
3982097
3982175
3982303
3982440
3982544
3982576
3982691
3982860
3982910
3982934
3983197
3983321
3983426
3983489
3983632
3983645
3983713
3984248
3984268
3984370
3984384
3984392
3984423
3984477
3984630
3985112
3985177
3985410
3985763
3985833
3985890
3986008
3986057
3986128
3986245
3986312
3986366
3986472
3986717
3987068
3987070
3987159
3987287
3987461
3987761
3987807
3987959
3987991
3988201
3988567
3988593
3988658
3988918
3988922
3988983
3989125
3989184
3989231
3989887
3989888
3989946
3989983
3990086
3990128
3990134
3990175
3990191
3990210
3990417
3990452
3990480
3990550
3990606
3990654
3990665
3990774
3990948
3991010
3991019
3991088
3991179
3991489
3991639
3991776
3991802
3992192
3992727
3992773
3993080
3993180
3993487
3993518
3993691
3993758
3993915
3994068
3994445
3994481
3994495
3994614
3995176
3995231
3995364
3995843
3996232
3996323
3996383
3996691
3997012
3997059
3997072
3997078
3997105
3997253
3997257
3997481
3997863
3998194
3998258
3998259
3998447
3998474
3998559
3998627
3998667
3998721
3998739
3998815
3998845
3998860
3999387
3999388
3999566
3999568
3999632
3999700
3999756
3999800
4000133
4000347
4000421
4001111
4001119
4001268
4001304
4001477
4001478
4001535
4001864
4001903
4002042
4002134
4002314
4002378
4002462
4002508
4002549
4002638
4002698
4002735
4002906
4003343
4003361
4003515
4003561
4003574
4003583
4003625
4003653
4003775
4003822
4003958
4004027
4004034
4004042
4004055
4004068
4004075
4004257
4004278
4004299
4004308
4004643
4004657
4004793
4004796
4004821
4004892
4004916
4004989
4005018
4005184
4005222
4005255
4005296
4005357
4005380
4005521
4005579
4005827
4005974
4006052
4006159
4006206
4006254
4006276
4006335
4006386
4006397
4006411
4006482
4006577
4006587
4006600
4006603
4006609
4006641
4006664
4006869
4006892
4007062
4007092
4007114
4007135
4007212
4007456
4007466
4007497
4007616
4007851
4007936
4007962
4008065
4008067
4008252
4008273
4008360
4008375
4008506
4008612
4008735
4008783
4008827
4008934
4008937
4008989
4009066
4009221
4009299
4009310
4009417
4009508
4009842
4009904
4010077
4010123
4010137
4010211
4010274
4010395
4010686
4010861
4011042
4011076
4011127
4011263
4011415
4011519
4011764
4012244
4012264
4012491
4012877
4012941
4012986
4013003
4013033
4013069
4013178
4013187
4013209
4013291
4013401
4013438
4013474
4013733
4013748
4013775
4013846
4013850
4013989
4014029
4014038
4014153
4014185
4014309
4014327
4014532
4014556
4014719
4014833
4015200
4015620
4015654
4015768
4015862
4015866
4015995
4016138
4016170
4016224
4016327
4016365
4016400
4016471
4016532
4016609
4016632
4016633
4016654
4016683
4016697
4016701
4016748
4016831
4017134
4017152
4017199
4017238
4017485
4017601
4017606
4017655
4017778
4017813
4017887
4017912
4017987
4017998
4018124
4018236
4018260
4018286
4018371
4018387
4018424
4018435
4018456
4018565
4018649
4018810
4018830
4019129
4019251
4019262
4019335
4019436
4019500
4019665
4019760
4020010
4020076
4020079
4020088
4020110
4020379
4020967
4021116
4021411
4021944
4022117
4022370
4022398
4022816
4022928
4023021
4023047
4023161
4023267
4023409
4023567
4023635
4023732
4024153
4024760
4024870
4025513
4025610
4025856
4026137
4026677
4026727
4026757
4027053
4027323
4027454
4027549
4027602
4027784
4027801
4027978
4028074
4028147
4028248
4028337
4028370
4028375
4028740
4028965
4029117
4029120
4029127
4029137
4029223
4029278
4029338
4029412
4029416
4029520
4029639
4029824
4030193
4030231
4030273
4030354
4030442
4030444
4030605
4030671
4030682
4030857
4030935
4030985
4031303
4031430
4031456
4031856
4031869
4031985
4031993
4032190
4032209
4032240
4032396
4032485
4032511
4032626
4032758
4032851
4032877
4032947
4032950
4032987
4032999
4033141
4033169
4033211
4033220
4033221
4033223
4033225
4033251
4033349
4033350
4033548
4034201
4034265
4034370
4034913
4035148
4035202
4035282
4035292
4035340
4035464
4035476
4035618
4036619
4036632
4036922
4036941
4036982
4037074
4037238
4037391
4037611
4037692
4037972
4038176
4038180
4038349
4038375
4038531
4038535
4038827
4039002
4039058
4039171
4039185
4039379
4039539
4039654
4039723
4039755
4039877
4040142
4040250
4040428
4040580
4040689
4040738
4041109
4041123
4041318
4041464
4041700
4041831
4041893
4041925
4041956
4042007
4042152
4042620
4042676
4042890
4042925
4042949
4043114
4043274
4043469
4043517
4043547
4043598
4043623
4043625
4043760
4044033
4044454
4044456
4044725
4046410
4044975
4045059
4045103
4045362
4045411
4045447
4045497
4045504
4045510
4045549
4045581
4045687
4045882
4045960
4046046
4046106
4046192
4046274
4046361
4046366
4046447
4046491
4046581
4046636
4046703
4046731
4046877
4047183
4047193
4047365
4047580
4047810
4047829
4047858
4047957
4047968
4048065
4048097
4048143
4048248
4048317
4048436
4048464
4048525
4048756
4048795
4048813
4048832
4048853
4049096
4049357
4049408
4049482
4050037
4050170
4050341
4050386
4050398
4050471
4050612
4050619
4050645
4050881
4050888
4050960
4051029
4051030
4051071
4051179
4051456
4051766
4051814
4052100
4052350
4052469
4052724
4052758
4052795
4052834
4052864
4052893
4053052
4053060
4053110
4053139
4053326
4053359
4053483
4053493
4053622
4053800
4053968
4054018
4054053
4054369
4054436
4054468
4054785
4054904
4054955
4054976
4055436
4055519
4055591
4055673
4055870
4055971
4056071
4056147
4056250
4056730
4056950
4057051
4057119
4057141
4057243
4057274
4057390
4057548
4057631
4057757
4057825
4057963
4057975
4058111
4058149
4058156
4058307
4058357
4058484
4058493
4058604
4058694
4058770
4058830
4058897
4059134
4059136
4059233
4059324
4059334
4059404
4059493
4059558
4059625
4059737
4059755
4059760
4059936
4059984
4060070
4060207
4060441
4060459
4060548
4060643
4060693
4060730
4060971
4061101
4061196
4061346
4061576
4061596
4061645
4061770
4061892
4061937
4062010
4062026
4062182
4062194
4062329
4062441
4062519
4062604
4062633
4062883
4062916
4062917
4063104
4063249
4063377
4063391
4063401
4063424
4063538
4063695
4063802
4063840
4063885
4064045
4064075
4064158
4064189
4064224
4064446
4064504
4064557
4064574
4064625
4064692
4064798
4064880
4065055
4065126
4065144
4065169
4065265
4065278
4065379
4065393
4065537
4065843
4065954
4065961
4066044
4066238
4066490
4066518
4066520
4066561
4066623
4066679
4066755
4066862
4067006
4067116
4067268
4067377
4067383
4067397
4067444
4067765
4067798
4067990
4068090
4068313
4068629
4068708
4068824
4068854
4068968
4069053
4069054
4069213
4069361
4069396
4069409
4069415
4069464
4069586
4069596
4069675
4069780
4069907
4070044
4070085
4070420
4070434
4070457
4070514
4070542
4070687
4070850
4070913
4070931
4070958
4071019
4071123
4071202
4071275
4071287
4071308
4071314
4071338
4071469
4071535
4071785
4071938
4072008
4072061
4072137
4072227
4072327
4072419
4072601
4072690
4072710
4072720
4072876
4072927
4072954
4073013
4073025
4073038
4073053
4073113
4073489
4073538
4073542
4073566
4073662
4073719
4073726
4073827
4073941
4073963
4074129
4074158
4074223
4074258
4074291
4074551
4074627
4074712
4074719
4075006
4075007
4075040
4075044
4075117
4075315
4075365
4075422
4075478
4075594
4075792
4075946
4075966
4076014
4076107
4076241
4076403
4076489
4076597
4076667
4076829
4077200
4077511
4077703
4077865
4077946
4078001
4078059
4078198
4078252
4078262
4078356
4078541
4078547
4078939
4078976
4079073
4079295
4079975
4080053
4080165
4080448
4080492
4080551
4080560
4080613
4080847
4080858
4080900
4080903
4080953
4080957
4080989
4081209
4081445
4081650
4081682
4081704
4081729
4081997
4082125
4082161
4082187
4082283
4082287
4082322
4082362
4082513
4082574
4082580
4082600
4082798
4082871
4082963
4083001
4083024
4083175
4083355
4083393
4083414
4083459
4083488
4083687
4083733
4083818
4084000
4084052
4084429
4084688
4084765
4084971
4085001
4085153
4085165
4085678
4085691
4085801
4086030
4086088
4086330
4086516
4086626
4086731
4086859
4086860
4086874
4086913
4087423
4087646
4087939
4088096
4088397
4088418
4088433
4088440
4088484
4088647
4088866
4088888
4089092
4089181
4089225
4089476
4089525
4089553
4089722
4089729
4089846
4089869
4089931
4089951
4090020
4090232
4090234
4090301
4090302
4090506
4090560
4090689
4090996
4091009
4091116
4091131
4091173
4091211
4091235
4091324
4091356
4091419
4091473
4091485
4091561
4091750
4091797
4091826
4091891
4091894
4091965
4092113
4092146
4092172
4092190
4092214
4092218
4092369
4092388
4092414
4092503
4092505
4092599
4092699
4092718
4092938
4093039
4093042
4093145
4093564
4093807
4093903
4093957
4093981
4094068
4094345
4094434
4094458
4094587
4094643
4094683
4095155
4095233
4095262
4095265
4095646
4095861
4095884
4095998
4096055
4096113
4096129
4096223
4096232
4096278
4096290
4096427
4096467
4096468
4096479
4096682
4096816
4096857
4096875
4097014
4097050
4097259
4098053
4098095
4098340
4098371
4098407
4098429
4098482
4098506
4099087
4099108
4099171
4099265
4099622
4099887
4099934
4100080
4100180
4100609
4100633
4100658
4100716
4100805
4100851
4100951
4101134
4101340
4101410
4101452
4101533
4101652
4101713
4101763
4101781
4101839
4101894
4101901
4101929
4112273
4112276
4112335
4112364
4112924
4113097
4113120
4113124
4113292
4113359
4113557
4113891
4113935
4114331
4114387
4114527
4114602
4114608
4114690
4114756
4114820
4114857
4114903
4115046
4115150
4115234
4115327
4115430
4115465
4115591
4115683
4115779
4115822
4115877
4115884
4115891
4116326
4116359
4116736
4116926
4117078
4117137
4117169
4117344
4117455
4117475
4117491
4117653
4117737
4117844
4118078
4118094
4118156
4118301
4118307
4118995
4119411
4119422
4119452
4119534
4119685
4119692
4120008
4120134
4120228
4120484
4120619
4120642
4120668
4120703
4120705
4120867
4120884
4120981
4121001
4121091
4121114
4121192
4121450
4121539
4121561
4121629
4121724
4126952
4187024
4187477
4187513
4193997
4197632
4198068
4198620
4198816
4198874
4198994
4199225
4199287
4199301
4199490
4199787
4199820
4199822
4200163
4200664
4201181
4201201
4201708
4212324
4212652
4212657
4212670
4212772
4212782
4212835
4212977
4213301
4213444
4213461
4213558
4213577
4218921
4218943
4219025
4219074
4219032
4219128
4219248
4219310
4219373
4220030
4220038
4220052
4221356
4225335
4225468
4225495
4225654
4225830
4225857
4226301
4226304
4226344
4226397
4226562
4226731
4226798
4226880
4226885
4226926
4226948
4277084
4277131
4277151
4277392
4277408
4277521
4277731
4277739
4277916
4277982
4278026
4278222
4278388
4278441
4278496
4278635
4278841
4278953
4278988
4279009
4279052
4279163
4279172
4279200
4279547
4279609
4279663
4279708
4279741
4279873
4279991
4280338
4280346
4280356
4280369
4280379
4280380
4280399
4280618
4282913
4283809
4285584
4285793
4285953
4285966
4286039
4287757
4291417
4291423
4291432
4291479
4291563
4291635
4291668
4291716
4291717
4296760
4296878
4317020
4317168
4317175
4317479
4317638
4317654
4322825
4322890
4323198
4323236
4323470
4323595
4323624
4323817
4323843
4323855
4323950
4323961
4323964
4323982
4324056
4324077
4324335
4324363
4324394
4324620
4330030
4330546
4334561
4335416
4335478
4335596
4335671
4335767
4335873
4335890
4335921
4335964
4335978
4335980
4336011
4336117
4336127
4336224
4336242
4336329
4336340
4336428
4336453
4336738
4336742
4336846
4402046
4402269
4402361
4402472
4402927
4403051
4403123
4403125
4403196
4403216
4403347
4403405
4403425
4403487
4403498
4403778
4403808
4403824
4403831
4404029
4404088
4404210
4404271
4404401
4404405
4404536
4404822
4404925
4404938
4405085
4405234
4405249
4405450
4405929
4406039
4406046
4406074
4406113
4406134
4406141
4406146
4406189
4406205
4406413
4406614
4406720
4412047
4412088
4412109
4412127
4412187
4412190
4412284
4412462
4412559
4412666
4412681
4412851
4412853
4413040
4413125
4413235
4413646
4413679
4413729
4413787
4413822
4413830
4413913
4413926
4413931
4413951
4413997
4414282
4414579
4414808
4414839
4414869
4414891
4414915
4414925
4414993
4415169
4415862
4415884
4415902
4416091
4416134
4416185
4416191
4416212
4416433
4416771
4416823
4416999
4417445
4417541
4417643
4417725
4417806
4417895
4417924
4417987
4418100
4418145
4418213
4418240
4418449
4418514
4418540
4418619
4418751
4418845
4418995
4418998
4419038
4419119
4419178
4419241
4419419
4419430
4419453
4419499
4419576
4419580
4419695
4419758
4419870
4419954
4420046
4420097
4420736
4420814
4421167
4421290
4421580
4421615
4421668
4421703
4421727
4421746
4421754
4421789
4422067
4427596
4427642
4427655
4428079
4428328
4428428
4428507
4428690
4428736
4428766
4428792
4428853
4429002
4429021
4429212
4429442
4429542
4429624
4429772
4429870
4429912
4429934
4430012
4430014
4430060
4430196
4430204
4430653
4430837
4430839
4430854
4430914
4430927
4431041
4431266
4431273
4431523
4431634
4431637
4432084
4432121
4432292
4432329
4432657
4432665
4432696
4433032
4433304
4433306
4433437
4434086
4434190
4434304
4434425
4434446
4434467
4434503
4434505
4434534
4434726
4434787
4434996
4435103
4435107
4435275
4435285
4435331
4435476
4435483
4435485
4435495
4435498
4435518
4435521
4435682
4435760
4435892
4435943
4436062
4436079
4436099
4436175
4436664
4436696
4436789
4436920
4437142
4437290
4437494
4437796
4438118
4438193
4438296
4438346
4438468
4438553
4438762
4438770
4439158
4439265
4439310
4439548
4439695
4439758
4439986
4440083
4440088
4440089
4440101
4440231
4440280
4440461
4440482
4440545
4440553
4440722
4440749
4440791
4440813
4440933
4441013
4441153
4441172
4441240
4441242
4441316
4441333
4441528
4441694
4441777
4441883
4441909
4441920
4441932
4447011
4447267
4447307
4447714
4447877
4447916
4448002
4448057
4448292
4448467
4448764
4448794
4449039
4449506
4449596
4449667
4449732
4449840
4449849
4449888
4449968
4449989
4450023
4450075
4450096
4450266
4450352
4450360
4450383
4450719
4450823
4450921
4451005
4451040
4451153
4451439
4451448
4451451
4451453
4451796
4452210
4452409
4452456
4452504
4452514
4452553
4452617
4452672
4452689
4452707
4452793
4452882
4452887
4452933
4453003
4453060
4453082
4453134
4453378
4453381
4453557
4453594
4453633
4453786
4453815
4454094
4454236
4454248
4454305
4454505
4454542
4454656
4454751
4455002
4455259
4455682
4455709
4455723
4455858
4455891
4456128
4456199
4456242
4456329
4456458
4456498
4456547
4456549
4456554
4456569
4456578
4456660
4456676
4456951
4456956
4456991
4456995
4457083
4457096
4457341
4457389
4457390
4457430
4457519
4458657
4462917
4462929
4462930
4462935
4462937
4462951
4462973
4463006
4463008
4463049
4463068
4463205
4463273
4463323
4463338
4463424
4463546
4463586
4463625
4463680
4463748
4463794
4463928
4463936
4463968
4463971
4464003
4464084
4464209
4464272
4464371
4464704
4464705
4464748
4464756
4464765
4464838
4464872
4464899
4464951
4465172
4465218
4465316
4465353
4465631
4465827
4465927
4465939
4465971
4466081
4466239
4466305
4466309
4466321
4466441
4466684
4466715
4466813
4466843
4467000
4467017
4467026
4467044
4467046
4467358
4467428
4467713
4467793
4467876
4467939
4467946
4467951
4468159
4468169
4468185
4468234
4468268
4468276
4468286
4468719
4468840
4468976
4468981
4468984
4469201
4469306
4469385
4469412
4469439
4469646
4469734
4469986
4470182
4470320
4470386
4470393
4470397
4470650
4470663
4470901
4470945
4471067
4471130
4471164
4471195
4471299
4471367
4471528
4471570
4471996
4472094
4472146
4472178
4472295
4472344
4472451
4472506
4472715
4472721
4472841
4473013
4473152
4473189
4473192
4473472
4473692
4473770
4473786
4473865
4474102
4474135
4474414
4474506
4474511
4474630
4474682
4474851
4474903
4474905
4474919
4474984
4474985
4475011
4475068
4475110
4475239
4475289
4475297
4475311
4475379
4475472
4475477
4475577
4484088
4475710
4475726
4475799
4475989
4476011
4476292
4476295
4476342
4476478
4476623
4476730
4476858
4476972
4477121
4477276
4477351
4477358
4477439
4477540
4477685
4477757
4477796
4477843
4478111
4478145
4478154
4478158
4478180
4478287
4478354
4478379
4478508
4478735
4478835
4478915
4478930
4479424
4479624
4479625
4479647
4479769
4480053
4480084
4480148
4480186
4480206
4480289
4480323
4480585
4480683
4480697
4481114
4481158
4481289
4481324
4481633
4481640
4481657
4481660
4481701
4481721
4481731
4481783
4482137
4482160
4482228
4482463
4482514
4482633
4482696
4482749
4482816
4482817
4482852
4482893
4482897
4482987
4483050
4483068
4483215
4483264
4483270
4483373
4483506
4483549
4483724
4483775
4483803
4484008
4484047
4484269
4484331
4484471
4484475
4484572
4484573
4484644
4484661
4484702
4484743
4484834
4484841
4484861
4484870
4484880
4484994
4485033
4485127
4485187
4485227
4485271
4485305
4485354
4485466
4485516
4485627
4485630
4485645
4485706
4485760
4485952
4485955
4486181
4486236
4486352
4486357
4486434
4487556
4487884
4488695
4488910
4491019
4492085
4492303
4492512
4492573
4492636
4492652
4492666
4492697
4492774
4492798
4492908
4493055
4493063
4493153
4493156
4493181
4493187
4493237
4493269
4493299
4493306
4493411
4493673
4493797
4493911
4493944
4494005
4494083
4494116
4494245
4494297
4494419
4494435
4494501
4494542
4494553
4494595
4494727
4494750
4494756
4494792
4494866
4494871
4494875
4494880
4494905
4498141
4498513
4500257
4500280
4500326
4500370
4500516
4500660
4500794
4500801
4500969
4501001
4501069
4501071
4502901
4505543
4506006
4506105
4506240
4506263
4506276
4506432
4506444
4506605
4506689
4506756
4506789
4506814
4506857
4506874
4506881
4507085
4507143
4507292
4507294
4507306
4507338
4507349
4507539
4507566
4507568
4507593
4507608
4507613
4508060
4508221
4508222
4508310
4508468
4508501
4508828
4508870
4509009
4509257
4509260
4509340
4509382
4509410
4509442
4509649
4509830
4509984
4509993
4510483
4510553
4510560
4510684
4510839
4511103
4511152
4511193
4511598
4511605
4511938
4512039
4512120
4512131
4512189
4512230
4512283
4512402
4512406
4512706
4512869
4514767
4516901
4517063
4518412
4518529
4518574
4518602
4518689
4518700
4518723
4518725
4518759
4518774
4518793
4518826
4518862
4519080
4519487
4519896
4519899
4519973
4520008
4520116
4520149
4520423
4520450
4520501
4520559
4520589
4520758
4520966
4520973
4520989
4521076
4521257
4521274
4521288
4521326
4521327
4521644
4521673
4521981
4522005
4522136
4522146
4522151
4522158
4522358
4522385
4522820
4522980
4523097
4523135
4523205
4523218
4523247
4523290
4523359
4523380
4523465
4523489
4523601
4523638
4523639
4523756
4523768
4523790
4523824
4523829
4523849
4523865
4523905
4523981
4523999
4524009
4524045
4524175
4524184
4524213
4524264
4524265
4524350
4524356
4524466
4524596
4524672
4524693
4524732
4524923
4525030
4525283
4525332
4525392
4525449
4525465
4525566
4525573
4525623
4525690
4525731
4525761
4525845
4525886
4525898
4525995
4526103
4526132
4526136
4526206
4526252
4526294
4526300
4526302
4526333
4526349
4526398
4526400
4526425
4526683
4526747
4526773
4526888
4527032
4527064
4527164
4527239
4527333
4527439
4527453
4527462
4527783
4527784
4527926
4527951
4528233
4528692
4528714
4528863
4528864
4528969
4528977
4529038
4529092
4529107
4529144
4529148
4529273
4529312
4529576
4529682
4529783
4529819
4529845
4529874
4530255
4530303
4530340
4530513
4530575
4530620
4530753
4530755
4530787
4530792
4530800
4530812
4531194
4531250
4531316
4531319
4531366
4531401
4531481
4531525
4531628
4531637
4531638
4531676
4531702
4531716
4531815
4531854
4531859
4531924
4532308
4532336
4532427
4532531
4532712
4533111
4533230
4533249
4533336
4533521
4533687
4533712
4533718
4533862
4533947
4534158
4534235
4534239
4534304
4534353
4534575
4534853
4534905
4534961
4535221
4535390
4535513
4535586
4535591
4535765
4535818
4536012
4536057
4536464
4536572
4537134
4537249
4537417
4537418
4537459
4537472
4537475
4537637
4537738
4537828
4537896
4537998
4538477
4538629
4538818
4538888
4539101
4539141
4539182
4539319
4539395
4539465
4539623
4539759
4539769
4540111
4540473
4540536
4540540
4540578
4540987
4541085
4541089
4541586
4541649
4541663
4541672
4541789
4541863
4542345
4542413
4542735
4542752
4542813
4542855
4542921
4542980
4543005
4543142
4543183
4543207
4543283
4543286
4543398
4543450
4543491
4543556
4543571
4543856
4546146
4547426
4548507
4549120
4549133
4549140
4549168
4549269
4549393
4549447
4549548
4549642
4549712
4549824
4549842
4549890
4549999
4550014
4550153
4550274
4550291
4550305
4550313
4550405
4550497
4550643
4550719
4550834
4550905
4550908
4550931
4550978
4550984
4551178
4551206
4551218
4551306
4551392
4551440
4551503
4551562
4551590
4551661
4551679
4551740
4551774
4551802
4551873
4551940
4551954
4552038
4552044
4552240
4552248
4552740
4552783
4552832
4552980
4552981
4553014
4553032
4553118
4553185
4553234
4553320
4553445
4553483
4553490
4553562
4553639
4553763
4553804
4553819
4553890
4553952
4554036
4554055
4554076
4554093
4554120
4554234
4554255
4554623
4554638
4554663
4554681
4554777
4554816
4554879
4554881
4554934
4554996
4555091
4555122
4555183
4555213
4556500
4557009
4557096
4558930
4559953
4560730
4560815
4560825
4560903
4560963
4560984
4560998
4561027
4561133
4561331
4561440
4561496
4561497
4561509
4561518
4561557
4561712
4561802
4561828
4561882
4561971
4562002
4562029
4562042
4562132
4562150
4562153
4562361
4562373
4562391
4562402
4562410
4562451
4562478
4562484
4562598
4562604
4562629
4562669
4562749
4562794
4562857
4562910
4562930
4562980
4563017
4563103
4563195
4563283
4563350
4563546
4563942
4564000
4564023
4564142
4564167
4564233
4564237
4564490
4564509
4564588
4564625
4564712
4564778
4564957
4565061
4565172
4565217
4565221
4565254
4565306
4565435
4565607
4565682
4565778
4565781
4565783
4565813
4565829
4565858
4565917
4565973
4565989
4566695
4566062
4566667
4566677
4566701
4566813
4566893
4566906
4567255
4567282
4567701
4567909
4567948
4568163
4568186
4568250
4568299
4568414
4568475
4568574
4568636
4568796
4568813
4568917
4568958
4569034
4569075
4569210
4569368
4569618
4569622
4569707
4569778
4569885
4569917
4569996
4570002
4570382
4570522
4570958
4571196
4571328
4571436
4571445
4571766
4571874
4571972
4571998
4572032
4572205
4572216
4572300
4572375
4572413
4572504
4572540
4572601
4572663
4572696
4572783
4572811
4572910
4572924
4573109
4573431
4573609
4573667
4573674
4573684
4574001
4574037
4574080
4574094
4574265
4574293
4574382
4574437
4574666
4574678
4574683
4574757
4574783
4574821
4574844
4574892
4574897
4575033
4575330
4575359
4575617
4575799
4575921
4575971
4576001
4576134
4576186
4576237
4576364
4576390
4576625
4576634
4576666
4576673
4576886
4577062
4577199
4577239
4577398
4577491
4577541
4577825
4577912
4578325
4578389
4578460
4578595
4578605
4578649
4578683
4578688
4578750
4578784
4578802
4578813
4579059
4579121
4579239
4579246
4579355
4579415
4579458
4579632
4579728
4579821
4579873
4580095
4580114
4580136
4580175
4580186
4580196
4580280
4580291
4580349
4580484
4580541
4580635
4580701
4580801
4580803
4580810
4580834
4580931
4580991
4581000
4581573
4581655
4581819
4581877
4581909
4582049
4582052
4582159
4582191
4582285
4582838
4582879
4582945
4582953
4583001
4583309
4583395
4583405
4583451
4583585
4583617
4583642
4583683
4583739
4583802
4583832
4583909
4584023
4584024
4584061
4584074
4584126
4584143
4584241
4584501
4584523
4584537
4584646
4584806
4584824
4585002
4585081
4585180
4585191
4585209
4585257
4585300
4585310
4585311
4585339
4585426
4585512
4585561
4585740
4585933
4586020
4586041
4586231
4586284
4586452
4586501
4586519
4586557
4586638
4586901
4586962
4586975
4586978
4587034
4587180
4587207
4587301
4587307
4587405
4587469
4588001
4588125
4588196
4588214
4588271
4588356
4588364
4588378
4588807
4589118
4589211
4589218
4589255
4589536
4589554
4589564
4589742
4589800
4589828
4589860
4589960
4590000
4590042
4590204
4590495
4590533
4590642
4590669
4590982
4591090
4591201
4591279
4591329
4591410
4591498
4591554
4591599
4591705
4591713
4591769
4591897
4591940
4592040
4592559
4592671
4592704
4592915
4592923
4592925
4592937
4593094
4593138
4593150
4593245
4593345
4593369
4593382
4593401
4593429
4593534
4593663
4593933
4593963
4593966
4593996
4594021
4594059
4594072
4594160
4594284
4594287
4595068
4595070
4595378
4595479
4595733
4595792
4595895
4595945
4596031
4596056
4596130
4596714
4596773
4596798
4596925
4596939
4597094
4597122
4597167
4597399
4597602
4597639
4598089
4598351
4598369
4598607
4598696
4598745
4598778
4598793
4598883
4598928
4598952
4599112
4599378
4600004
4600045
4600047
4600286
4600458
4600566
4600814
4600890
4601034
4601338
4601411
4601435
4601843
4602061
4602143
4602193
4602229
4602361
4602403
4602602
4602648
4602684
4602748
4602785
4602855
4602926
4603050
4603231
4603267
4603281
4603340
4603362
4603390
4603427
4603454
4603464
4603484
4603596
4603602
4603612
4603705
4603710
4603851
4603901
4603909
4603921
4603933
4603968
4603970
4604181
4604254
4604332
4604404
4604427
4604428
4604442
4604469
4604528
4604590
4604830
4604833
4604858
4604860
4604982
4605053
4605177
4605185
4605199
4605210
4605332
4605431
4605441
4605560
4605786
4605794
4605822
4605913
4605993
4606035
4606048
4606073
4606093
4606432
4606479
4606485
4606502
4606533
4606564
4606655
4606813
4606831
4606841
4606862
4606868
4606981
4607052
4607218
4607226
4607248
4607317
4607528
4607550
4607683
4607810
4607999
4608021
4608083
4608108
4608160
4608215
4608221
4608223
4608242
4608254
4608300
4608334
4608368
4608392
4608473
4608559
4608566
4608568
4608569
4608590
4608681
4608754
4608913
4608952
4608997
4608999
4609046
4609052
4609143
4609217
4609261
4609349
4609546
4609571
4609584
4609684
4609699
4609703
4609743
4609757
4609810
4609823
4609858
4609934
4609939
4610005
4610065
4610067
4610110
4610250
4610264
4611802
4611906
4612921
4613105
4614803
4615321
4615574
4615715
4615762
4615774
4615889
4615950
4615975
4616083
4616090
4616092
4616104
4616114
4616122
4616191
4616257
4616491
4616576
4616584
4616707
4616843
4616846
4616876
4616880
4616952
4616976
4617050
4617071
4617209
4617262
4617429
4617475
4617483
4617546
4617760
4617827
4618102
4618180
4618205
4618286
4618348
4618362
4618428
4618505
4618639
4618647
4618705
4618725
4618831
4618887
4619032
4619038
4619045
4619047
4619145
4619185
4619388
4619648
4619926
4619947
4620064
4620113
4620195
4620269
4620333
4620454
4620535
4620595
4621053
4621102
4621179
4621529
4621707
4621721
4621730
4621751
4621789
4621877
4621883
4621915
4622023
4622258
4622298
4622361
4622384
4622560
4622835
4622845
4622847
4623242
4623282
4623415
4623479
4623671
4623695
4623762
4623835
4623853
4623915
4623937
4623956
4623967
4623990
4624011
4624061
4624068
4624112
4624170
4624172
4624222
4624245
4624270
4624363
4624490
4624565
4624636
4624811
4624869
4624918
4624927
4625144
4625155
4625169
4625201
4625205
4625292
4625486
4625529
4625570
4625658
4625670
4625736
4625865
4625878
4626033
4626116
4626241
4626272
4626471
4626478
4626637
4626681
4626858
4626861
4626988
4627040
4627138
4627291
4627314
4627340
4627425
4627510
4627607
4628060
4628199
4628540
4628554
4628612
4628656
4629032
4629088
4629128
4629247
4629505
4629512
4629686
4629688
4630090
4630160
4630330
4630427
4630574
4630592
4630747
4630751
4630759
4630771
4630905
4630912
4630928
4630942
4631006
4631024
4631030
4631043
4631078
4631129
4631139
4631317
4631505
4631517
4631651
4631713
4631753
4631952
4631957
4631988
4632022
4632118
4632222
4632347
4632397
4632419
4632634
4632731
4632739
4632751
4632785
4632836
4632892
4632896
4632962
4633003
4633128
4633130
4633232
4633252
4633325
4633408
4633421
4633487
4633579
4633745
4633841
4633900
4633941
4633963
4633992
4634019
4634209
4634213
4634228
4634404
4634441
4634457
4634835
4635267
4635010
4635043
4635044
4635161
4635182
4635354
4635387
4635568
4635617
4635687
4635713
4635909
4635919
4635952
4636127
4636193
4636376
4636404
4636413
4636503
4636514
4636634
4636691
4636729
4636752
4636788
4636869
4636916
4637059
4637067
4637118
4637124
4637178
4637249
4637279
4637327
4637449
4637487
4637495
4637507
4637529
4637681
4637709
4637711
4637785
4637869
4638048
4638150
4638486
4638572
4638588
4638764
4638862
4638919
4638964
4639137
4639202
4639703
4639822
4639990
4640039
4640206
4640252
4640382
4640444
4640560
4640864
4641022
4641295
4641344
4641508
4641625
4641686
4641854
4641914
4642022
4642097
4642107
4642213
4642248
4642325
4642390
4642419
4647720
4647748
4647967
4648093
4648234
4648318
4648338
4648523
4648573
4648581
4648808
4648868
4648872
4648883
4648973
4648974
4649096
4649128
4649278
4649316
4649323
4649325
4649376
4649481
4649539
4649639
4649738
4650007
4650193
4650381
4650553
4650608
4650625
4650713
4650732
4650761
4650794
4650837
4650842
4650960
4651118
4651185
4651194
4651440
4651641
4651773
4651976
4652095
4652169
4652191
4652328
4652354
4652484
4652521
4652697
4652877
4652899
4653163
4653386
4653613
4653630
4653881
4653925
4654026
4654250
4654307
4654442
4654491
4654502
4654565
4654823
4654870
4654871
4654914
4655329
4655379
4655547
4655556
4655853
4655942
4655966
4656003
4656066
4656098
4656292
4656312
4656409
4656417
4656480
4656608
4656979
4657124
4657201
4657318
4657357
4658219
4658391
4658486
4658502
4658521
4658582
4659043
4659076
4659155
4659190
4659217
4659399
4659614
4659976
4660138
4660198
4660512
4660670
4660798
4660903
4661083
4661145
4661223
4661231
4661345
4661351
4661364
4661427
4661437
4661474
4661598
4661645
4661677
4661715
4661755
4667008
4667110
4667150
4667158
4667349
4667491
4667503
4667560
4667646
4667803
4671780
4672316
4673137
4673193
4673312
4673415
4673541
4673554
4673675
4673729
4673791
4673848
4674064
4674241
4674275
4674279
4674375
4674484
4674499
4674604
4674674
4674680
4674790
4674796
4675006
4675235
4675274
4675460
4675502
4675544
4675637
4675666
4675795
4675802
4675840
4675851
4676005
4676065
4676084
4676147
4676185
4676206
4676297
4676417
4676484
4676573
4676580
4676615
4676655
4676864
4676909
4676971
4677135
4677145
4677202
4677291
4677357
4677425
4677460
4677463
4677499
4677505
4677524
4677571
4677644
4677667
4677681
4677696
4677721
4677882
4677997
4678022
4678052
4678124
4678295
4678307
4678351
4678362
4678444
4678518
4678567
4678570
4678656
4678760
4678772
4678794
4678822
4678834
4678894
4678947
4678951
4678998
4679244
4679337
4679349
4679363
4679413
4679465
4679507
4679508
4679534
4679555
4679593
4679621
4679850
4680019
4680035
4680150
4680216
4680266
4680366
4680407
4680477
4680505
4680509
4680526
4680546
4680550
4680587
4680641
4680676
4680899
4680919
4680940
4680975
4681014
4681312
4681335
4681472
4681546
4681655
4681685
4681688
4681691
4681865
4687026
4687132
4687137
4687325
4687329
4687355
4687388
4687407
4687420
4687505
4687559
4687578
4688026
4688383
4688535
4688679
4688767
4688814
4688904
4689011
4689026
4689093
4689270
4689283
4689358
4689363
4689408
4689464
4689544
4689556
4689563
4689690
4689792
4689982
4689989
4690023
4690039
4690130
4690154
4690241
4690269
4690311
4690420
4690447
4695580
4695582
4695616
4695892
4695934
4695998
4696014
4696036
4696125
4696166
4696186
4696195
4696289
4696360
4696468
4696587
4696602
4696637
4696639
4696743
4696759
4696803
4696895
4696914
4696923
4696975
4697190
4697278
4697367
4697489
4697492
4697581
4697625
4697632
4697667
4697790
4697796
4697819
4697843
4697987
4697990
4698051
4698107
4698260
4698358
4698363
4698381
4698422
4698441
4698459
4698463
4698537
4698546
4698718
4698778
4698835
4699082
4699110
4699162
4699489
4699504
4699557
4699605
4699664
4699667
4699740
4699768
4699908
4699932
4700119
4700215
4700234
4700255
4700498
4700578
4700603
4700604
4700611
4700725
4700741
4700922
4701006
4701014
4701102
4701109
4701196
4701201
4701227
4701452
4701473
4701719
4701734
4701756
4701962
4702134
4702161
4702169
4702301
4702308
4702334
4702338
4702351
4702396
4702647
4702676
4702721
4702804
4702826
4702849
4703152
4703274
4703379
4703472
4703546
4703638
4703644
4703649
4703695
4703701
4703890
4704003
4704037
4704129
4704393
4704812
4704915
4704924
4705107
4705377
4705444
4705597
4705773
4705810
4705835
4705848
4705857
4705862
4705874
4705891
4705925
4705964
4706185
4706288
4706430
4706436
4706449
4707042
4707079
4707123
4707159
4707179
4707271
4707279
4707475
4707492
4707605
4707612
4707710
4707713
4708050
4708067
4708084
4708354
4708393
4708462
4708560
4708740
4708826
4708905
4709017
4709134
4709142
4709380
4709384
4709436
4709647
4709677
4709680
4709772
4709886
4709914
4709952
4710001
4710130
4710189
4710313
4710408
4710660
4710718
4710823
4710938
4710967
4710970
4711026
4711144
4711263
4711282
4711318
4711395
4711397
4711435
4711558
4711579
4711748
4711830
4711844
4711856
4711893
4712129
4712257
4712375
4712695
4712801
4712876
4712910
4713075
4713156
4713161
4713262
4713337
4713362
4713459
4713527
4713649
4713723
4713798
4713845
4713898
4713908
4713974
4714061
4714090
4714131
4714197
4714291
4714408
4714597
4714703
4714716
4714781
4714820
4714836
4714858
4714880
4715069
4715078
4715143
4715159
4715172
4715197
4715339
4715402
4715404
4715435
4715527
4715556
4715730
4715753
4715980
4716157
4716189
4716191
4716215
4716307
4716343
4716462
4716475
4716593
4716597
4716708
4716784
4716804
4716962
4717039
4717061
4717089
4717106
4717450
4717467
4717472
4717521
4717595
4717596
4717781
4717848
4717870
4717884
4717940
4717953
4717993
4718052
4718248
4718695
4718840
4718971
4719191
4719225
4719297
4719306
4719312
4719373
4719399
4719434
4719443
4719488
4719527
4719538
4719578
4719766
4719785
4719935
4719965
4719972
4719984
4720660
4720682
4720734
4943369
5065042
4720815
4720828
4720851
4721087
4721091
4721138
4721212
4721304
4721386
4721396
4721984
4722008
4722020
4722054
4722070
4722122
4722211
4722303
4722310
4722475
4722518
4722614
4722646
4722659
4722778
4722894
4722966
4723109
4723143
4723178
4723372
4723378
4723450
4723522
4723562
4723565
4723646
4723673
4723716
4723814
4723986
4724022
4724240
4724434
4724516
4724621
4724632
4724699
4724903
4724960
4724980
4725011
4725025
4725074
4725129
4725180
4725359
4725412
4725432
4725648
4725688
4725713
4725738
4725771
4726114
4726117
4726119
4726125
4726154
4726164
4726233
4726258
4726441
4726448
4726472
4726476
4726501
4726604
4726649
4726788
4726983
4727061
4727091
4727137
4727205
4727214
4727364
4727372
4727502
4727572
4727582
4727775
4727899
4727974
4728045
4728074
4728084
4728238
4728250
4728286
4728287
4728299
4728324
4728358
4728362
4728642
4728688
4728699
4728700
4728806
4728842
4728869
4728932
4728945
4728958
4729062
4729086
4729097
4729162
4729193
4729297
4729319
4729438
4729479
4729586
4729646
4729732
4729766
4729897
4729915
4730111
4730120
4730180
4730190
4730207
4730236
4730292
4730331
4730370
4730405
4730413
4730512
4730911
4730928
4731031
4731125
4731261
4731321
4731354
4731477
4731492
4731563
4731566
4731910
4732051
4732307
4732312
4732452
4732542
4732650
4732698
4732763
4732779
4732857
4732883
4732891
4732915
4732942
4733073
4733376
4733414
4733717
4733802
4733826
4733858
4733921
4733968
4734053
4734059
4734069
4734125
4734380
4734387
4734475
4734557
4734657
4734741
4734789
4734809
4734967
4735058
4735162
4735206
4735247
4735285
4735388
4735520
4735528
4735529
4735597
4735619
4735629
4735637
4735717
4735784
4735801
4735961
4735992
4736057
4736097
4736219
4736302
4736510
4736579
4736593
4736674
4736722
4736802
4737139
4737172
4737578
4737659
4737747
4737871
4737872
4738012
4738069
4738192
4738306
4738392
4738405
4738637
4738687
4738798
4738832
4738904
4738927
4738941
4738961
4739017
4739082
4739587
4739765
4739766
4740018
4740024
4740053
4740082
4740103
4740184
4740320
4740832
4740923
4740990
4740997
4741392
4741435
4741540
4741677
4741806
4741891
4741933
4742006
4742094
4742194
4742309
4742335
4742350
4742379
4742382
4742489
4742528
4742557
4742829
4742908
4742909
4743100
4743162
4743177
4743416
4743464
4743472
4743559
4743597
4743733
4743756
4743862
4743863
4743897
4743936
4743976
4744039
4744041
4744048
4744060
4744061
4744071
4744088
4744097
4744102
4744115
4744135
4744205
4744265
4744329
4744452
4744532
4744544
4744601
4744682
4744721
4744788
4744855
4744900
4744948
4745127
4745137
4745148
4745166
4745352
4745460
4745555
4745610
4745613
4745728
4745750
4745811
4745829
4745933
4746042
4746255
4746613
4746793
4746851
4746877
4746921
4746950
4746968
4747031
4747099
4747130
4747140
4747251
4747304
4747341
4747403
4747410
4747427
4747473
4747754
4747877
4747964
4748095
4748135
4748138
4748160
4748199
4748230
4748236
4748319
4748389
4748423
4748445
4748572
4748632
4748637
4748744
4748884
4748943
4748981
4749067
4749190
4749202
4749339
4749371
4749388
4749493
4749546
4749614
4749681
4749788
4749807
4749839
4749880
4749888
4749920
4749946
4749998
4750020
4750022
4750187
4750245
4750303
4750336
4750526
4750532
4750557
4750645
4750728
4750772
4750785
4750857
4750892
4750912
4751174
4751247
4751286
4751343
4751360
4751401
4751544
4751697
4751857
4751939
4752174
4752363
4752600
4752622
4752633
4752716
4752738
4753034
4753103
4753121
4753182
4753383
4753406
4753446
4753476
4753534
4753763
4753771
4753813
4753874
4753924
4754023
4754071
4754080
4754122
4754149
4754161
4754237
4754406
4754490
4754504
4754548
4754561
4754634
4754713
4754720
4754931
4755142
4755264
4755279
4755294
4755318
4755352
4755354
4755484
4755532
4755553
4755572
4755580
4755719
4755727
4755786
4755798
4755817
4755831
4755936
4755940
4755944
4755952
4755965
4756133
4756143
4756164
4756247
4756253
4756265
4756285
4756415
4756522
4756640
4756856
4756922
4756941
4756965
4756981
4757362
4757402
4757410
4757564
4757750
4757826
4758134
4758170
4758483
4758506
4758620
4758621
4758659
4758668
4758680
4758885
4758908
4758992
4759040
4759151
4759184
4759185
4759316
4759417
4759494
4759509
4759745
4759849
4759859
4759955
4760301
4760329
4760343
4760365
4760458
4760509
4760513
4760554
4760598
4760819
4760824
4760919
4760924
4760969
4761123
4761127
4761281
4761283
4761350
4761362
4761363
4761375
4761535
4761540
4761691
4761742
4762070
4762132
4762153
4762282
4762371
4762423
4762507
4762515
4762535
4762596
4762719
4762821
4762830
4762935
4763091
4763100
4763169
4763209
4763289
4763367
4763369
4763489
4763522
4763527
4763623
4763629
4763802
4763860
4763875
4763938
4763996
4764042
4764281
4764373
4764387
4764496
4764562
4764624
4764638
4764651
4764706
4764726
4764789
4765263
4765290
4765408
4765533
4765633
4765695
4765765
4765922
4766019
4766055
4766550
4766599
4766759
4766875
4766944
4766946
4767021
4767034
4767188
4767219
4767330
4767390
4767405
4767610
4767714
4768003
4768074
4768215
4768298
4768312
4768317
4768372
4768437
4768584
4768671
4768760
4768903
4769255
4769580
4769588
4769623
4769680
4769867
4769910
4770165
4770183
4770197
4770345
4770372
4770384
4770448
4770545
4770769
4770779
4770809
4770957
4771156
4771192
4771260
4771542
4771556
4771600
4771658
4771726
4771753
4771799
4771985
4772047
4772215
4772445
4772503
4772593
4772625
4772772
4772983
4773047
4773063
4773172
4773306
4773380
4773572
4773745
4773768
4773805
4773888
4773893
4774119
4774141
4774205
4774228
4774247
4774638
4774767
4774822
4774886
4774910
4774932
4775101
4775163
4775227
4775238
4775302
4775334
4775394
4775537
4775540
4775552
4775625
4775753
4775769
4775775
4775846
4775896
4775936
4775939
4776136
4776222
4776240
4776317
4776321
4776343
4776574
4776582
4776593
4776698
5077309
4776770
4776802
4776886
4776962
4777271
4777330
4777473
4777539
4777891
4777946
4777956
4777978
4778053
4778066
4778094
4778103
4778135
4778437
4778439
4778484
4778535
4778554
4778632
4778709
4778749
4778782
4778833
4779071
4779143
4779165
4779241
4779277
4779377
4779453
4779475
4779517
4779594
4779635
4779654
4779752
4779791
4779795
4780240
4780269
4780279
4780601
4780744
4780828
4780839
4780871
4780875
4780919
4780920
4780980
4781081
4781223
4781232
4781442
4781552
4781672
4781792
4781794
4781979
4782057
4782188
4782398
4782399
4782534
4782549
4782580
4782647
4782680
4782723
4782743
4782745
4782747
4782887
4782998
4783281
4783457
4783704
4783718
4783730
4783792
4783875
4783974
4784028
4784058
4784099
4784192
4784224
4784308
4784601
4784637
4784804
4784856
4784932
4784990
4785214
4785387
4785397
4785493
4785554
4785576
4785662
4785686
4785700
4785712
4785714
4785818
4786126
4786147
4786168
4786258
4786297
4786370
4786381
4786436
4786582
4786731
4786752
4786777
4786922
4786933
4787017
4787122
4787123
4787220
4787247
4787369
4787550
4787758
4787790
4787813
4787907
4787913
4787952
4788053
4788173
4788305
4788325
4788475
4788531
4788602
4788720
4788777
4788858
4788941
4789031
4789071
4789264
4789270
4789284
4789367
4789396
4789416
4789523
4789564
4789799
4789845
4789894
4790004
4790051
4790052
4790251
4790281
4790355
4790512
4790524
4790599
4790652
4790707
4790720
4790759
4790825
4790865
4790880
4790987
4791003
4791071
4791084
4791099
4791124
4791150
4791152
4791165
4791285
4791408
4791437
4791459
4791514
4791625
4791667
4791719
4791826
4791872
4792109
4792148
4792189
4792380
4792471
4792498
4792675
4792852
4792905
4792939
4792989
4793184
4793259
4793283
4793292
4793294
4793375
4793433
4793631
4793638
4793669
4793736
4793842
4793913
4793959
4794352
4794452
4794473
4794511
4794555
4794668
4794797
4794835
4795038
4795064
4795136
4795218
4795277
4795308
4795426
4795621
4795655
4795749
4795859
4795891
4795905
4795965
4795984
4796007
4796079
4796131
4796145
4796159
4796214
4796490
4796643
4796819
4796883
4796938
4796976
4797191
4797331
4797715
4797804
4797932
4798340
4798461
4798484
4798596
4798654
4798680
4798723
4798799
4798811
4798828
4798960
4799116
4799248
4799297
4799358
4799417
4799771
4799882
4799973
4800026
4800143
4800161
4800241
4800312
4800448
4800583
4800588
4800817
4800865
4801044
4801088
4801093
4801096
4801165
4801190
4801266
4801328
4801367
4801485
4801489
4801515
4801525
4801563
4801596
4801665
4801677
4801713
4801744
4801952
4801999
4802037
4802045
4802047
4802088
4802148
4802176
4802178
4802405
4802754
4802855
4802959
4802973
4803034
4803056
4803103
4803140
4803161
4803187
4803346
4803500
4803530
4803562
4803608
4803935
4803953
4804474
4804541
4804599
4804772
4804776
4804781
4805049
4805160
4805288
4805316
4805359
4805381
4805639
4805652
4805922
4805925
4805934
4806200
4806210
4806359
4806383
4806475
4806590
4806702
4806720
4806837
4806920
4806990
4807036
4807233
4807332
4807430
4807520
4807535
4807601
4807892
4807988
4808013
4808117
4808420
4808422
4808807
4809026
4809115
4809242
4809434
4809548
4809656
4809736
4809789
4809830
4809846
4809965
4810083
4810175
4810180
4810279
4810285
4810458
4810521
4810597
4810634
4810700
4810766
4810808
4810858
4810859
4810879
4810892
4810929
4810964
4811008
4811136
4811208
4811241
4811290
4811350
4811628
4811881
4811977
4812022
4812042
4812060
4812073
4812110
4812168
4812226
4812314
4812338
4812393
4812735
4812758
4812777
4812785
4812973
4813088
4813138
4813246
4813325
4813467
4813510
4813728
4813829
4813840
4813844
4813906
4813921
4813987
4814084
4814167
4814235
4814267
4814285
4814337
4814950
4814999
4815146
4815204
4815206
4815397
4815765
4815792
4815809
4815812
4815817
4815895
4816029
4816053
4816175
4816342
4816389
4816410
4816508
4816563
4816658
4816957
4817048
4817179
4817184
4817192
4817210
4817227
4817280
4817312
4817399
4817472
4817488
4817582
4817610
4817624
4817635
4817753
4818048
4818230
4818270
4818383
4818541
4818697
4818744
4818751
4818773
4818855
4818868
4819137
4819349
4819363
4819441
4819461
4819554
4819640
4819804
4819906
4819932
4819959
4820034
4820035
4820070
4820111
4820223
4820246
4820451
4820510
4820607
4820642
4820896
4820926
4821152
4821162
4821471
4821501
4821567
4821651
4821655
4821677
4821700
4821760
4821850
4821965
4821973
4821998
4822011
4822035
4822055
4822124
4822160
4822355
4822508
4822521
4822734
4822737
4822757
4822787
4822824
4822833
4822948
4823021
4823117
4823522
4823536
4823712
4823913
4823926
4823927
4823948
4823958
4823964
4823994
4824044
4824158
4824198
4824245
4824344
4824863
4824866
4824902
4824920
4824976
4824980
4825041
4825314
4825339
4825366
4825429
4825431
4825472
4825633
4825735
4825750
4825885
4825906
4825964
4825965
4826345
4826480
4826548
4826695
4826731
4826825
4827021
4827081
4827235
4827386
4827477
4827578
4827714
4827791
4827874
4827940
4828057
4828183
4828185
4828248
4828328
4828394
4828408
4828409
4828431
4828462
4828555
4828849
4828868
4828888
4828956
4829008
4829060
4829148
4829245
4829246
4829318
4829322
4829370
4829530
4829696
4829739
4829906
4829973
4830027
4830045
4830095
4830188
4830275
4830620
4830738
4831151
4831197
4831235
4831238
4831278
4831517
4831652
4831690
4831722
4831744
4831807
4831841
4831882
4832042
4832325
4832357
4832458
4832507
4832657
4832793
4833074
4833411
4833605
4833782
4833790
4833804
4833807
4833983
4834092
4834127
4834160
4834166
4834171
4834248
4834300
4834322
4834466
4834556
4834600
4834809
4834864
4834942
4835011
4835079
4835092
4835187
4835384
4835415
4835551
4835566
4835665
4835693
4835992
4836017
4836132
4836267
4836465
4836544
4836554
4836692
4836696
4836703
4836791
4836818
4836846
4836895
4836938
4836961
4837116
4837156
4837268
4837270
4837443
4837576
4837648
4837718
4837840
4837843
4837996
4838006
4838757
4838843
4838853
4838865
4838995
4839037
4839048
4839186
4839188
4839228
4839273
4839366
4839516
4839760
4839761
4840285
4840335
4840357
4840597
4840954
4841047
4841116
4841135
4841283
4841409
4841480
4841524
4841544
4841572
4841575
4841655
4841884
4841993
4842024
4842068
4842096
4842229
4842305
4842312
4842338
4842370
4842615
4842649
4842737
4842854
4842949
4842953
4843153
4843491
4843632
4843655
4843666
4843704
4843736
4843839
4843893
4843908
4843984
4844003
4844006
4844008
4844021
4844076
4844084
4844125
4844223
4844424
4844445
4844458
4844528
4844548
4844568
4844679
4844737
4844912
4844950
4845027
4845138
4845152
4845271
4845288
4845315
4845331
4845335
4845504
4845645
4845667
4845754
4845758
4845810
4845855
4845991
4845992
4846116
4846117
4846171
4846270
4846293
4846294
4846330
4846371
4846407
4846423
4846511
4846515
4846535
4846567
4846640
4846720
4846769
4846786
4846987
4847006
4847144
4847207
4847222
4847241
4847267
4847287
4847339
4847371
4847389
4847456
4847480
4847493
4847503
4847655
4847682
4847727
4847788
4847836
4847837
4847855
4847860
4847877
4847956
4848020
4848034
4848037
4848061
4848123
4848193
4848245
4848264
4848382
4848531
4848549
4848556
4848590
4848596
4848612
4848636
4848784
4848797
4848861
4848972
4848983
4849053
4849059
4849113
4849152
4849165
4849207
4849236
4849237
4849300
4849391
4849429
4849566
4849623
4849799
4849803
4849822
4849915
4849919
4850007
4850118
4850132
4850161
4850177
4850294
4850310
4850347
4850351
4850425
4850450
4850585
4850834
4851072
4851164
4851167
4851256
4851317
4851385
4851422
4851456
4851502
4851546
4851555
4851584
4851671
4851748
4851846
4851851
4851893
4852125
4852175
4852295
4852398
4852487
4852538
4852647
4852920
4853083
4853202
4853374
4853446
4853589
4853647
4853655
4853659
4853780
4853798
4853802
4853875
4853924
4853998
4854096
4854106
4854386
4854608
4854631
4854822
4854923
4854941
4855101
4855113
4855195
4855197
4855334
4855380
4855432
4855616
4855779
4855966
4855987
4855990
4856001
4856071
4856075
4856076
4856191
4856249
4856282
4856321
4856390
4856397
4856505
4856691
4856713
4856781
4856926
4857014
4857038
4857106
4857175
4857218
4857280
4857333
4857682
4857693
4857694
4857706
4857748
4857956
4858090
4858099
4858149
4858171
4858201
4858217
4858351
4858381
4858392
4858675
4858870
4858917
4859153
4859174
4859255
4859293
4859451
4859482
4859536
4859561
4859727
4859769
4859812
4859912
4859928
4860045
4860091
4860100
4860164
4860180
4860255
4860274
4860302
4860455
4860521
4860590
4860726
4860734
4860776
4860829
4860861
4860909
4861039
4861085
4861091
4861098
4861144
4861192
4861280
4861331
4861401
4861461
4861495
4861496
4861498
4861597
4861611
4861630
4862032
4862052
4862056
4862695
4863182
4863199
4863230
4863505
4863729
4863838
4863886
4863971
4864034
4864052
4864367
4864398
4864432
4864503
4864843
4864922
4864939
4864984
4865066
4865083
4865097
4865124
4865487
4865589
4865708
4865713
4865811
4866096
4866313
4866324
4866330
4866401
4866412
4866478
4866564
4866600
4866635
4866697
4866774
4866868
4866909
4866935
4867095
4867241
4867287
4867328
4867386
4867454
4867501
4867537
4867583
4867627
4867755
4867837
4867893
4868303
4868476
4868477
4868584
4868691
4868889
4868922
4868991
4869039
4869245
4869307
4869632
4869657
4869803
4869840
4869842
4870065
4870090
4870113
4870359
4870447
4870567
4870686
4870724
4870760
4870767
4870840
4870851
4870876
4871005
4871073
4871099
4871112
4871137
4871554
4871648
4871688
4871748
4871830
4871862
4872019
4872037
4872169
4872208
4872252
4872346
4872503
4872599
4872621
4872653
4872751
4872766
4872769
4872829
4872927
4872975
4873163
4873194
4873195
4873293
4873331
4873366
4873717
4873723
4873862
4873928
4874021
4874077
4874252
4874389
4874470
4874595
4874688
4874714
4874735
4874753
4874841
4874988
4875026
4875146
4875169
4875181
4875191
4875236
4875332
4875404
4875417
4875432
4875486
4875940
4875989
4876058
4876185
4876258
4876497
4876531
4876689
4877018
4877051
4877065
4877223
4877281
4877401
4877505
4877843
4877906
4877963
4878049
4878099
4878190
4878281
4878330
4878495
4878724
4878759
4878836
4878855
4878941
4878946
4878987
4879170
4879172
4879431
4879464
4879491
4879810
4879861
4880359
4880365
4880423
4880438
4880449
4880459
4880531
4880564
4880602
4880691
4880792
4880829
4880837
4880864
4880930
4880942
4880956
4880961
4881019
4881047
4881245
4881322
4881384
4881418
4881453
4881496
4881554
4881673
4881703
4881773
4881791
4881835
4881958
4882001
4882025
4882059
4882259
4882268
4882305
4882505
4882553
4882588
4882639
4882664
4882790
4882799
4882837
4882874
4882880
4882896
4882924
4882960
4882985
4882987
4883006
4883136
4883195
4883383
4883433
4883462
4883466
4883530
4883571
4883615
4884001
4884194
4884219
4884285
4884434
4884446
4884476
4884591
4884602
4884688
4884711
4884777
4884828
4884945
4884966
4885102
4885416
4885553
4885615
4885775
4885946
4885963
4886164
4886196
4886423
4886427
4886451
4886465
4886485
4886647
4886714
4886750
4886932
4886998
4887027
4887037
4887405
4887473
4887497
4887573
4887599
4887620
4887728
4887777
4887851
4887925
4887981
4888103
4888131
4888284
4888298
4888307
4888384
4888536
4888562
4888688
4888723
4888752
4888844
4889118
4889144
4889176
4889213
4889439
4889605
4889651
4889742
4889760
4889944
4890023
4890116
4890156
4890336
4890345
4890359
4890400
4890403
4890568
4890622
4890655
4890702
4890951
4891044
4891087
4891137
4891190
4891259
4891357
4891441
4891492
4891508
4891556
4891589
4891612
4891617
4891630
4891631
4891732
4891856
4891915
4891937
4892012
4892139
4892372
4892378
4892464
4892494
4892615
4892628
4892629
4892658
4892689
4892741
4892800
4892866
4893044
4893163
4893235
4893293
4893356
4893421
4893431
4893435
4893630
4893673
4893765
4893768
4893795
4893907
4893959
4894050
4894053
4894129
4894144
4894225
4894249
4894396
4894398
4894405
4894432
4894547
4894598
4894599
4894685
4894698
4894740
4894779
4894892
4894915
4894920
4895025
4895120
4895135
4895169
4895226
4895458
4895525
4895533
4895674
4895760
4895780
4895836
4895841
4895883
4895956
4895975
4896054
4896058
4896192
4896198
4896221
4896237
4896335
4896341
4896347
4896464
4896530
4896557
4896569
4896760
4896795
4896837
4896906
4897000
4897291
4897552
4897559
4897687
4897730
4897801
4898061
4898105
4898351
4898508
4898583
4898587
4898602
4898631
4898653
4898684
4898730
4898764
4898803
4898895
4898925
4899029
4899209
4899233
4899236
4899238
4899250
4899385
4899386
4899533
4899638
4899822
4899896
4900401
4900436
4900559
4900818
4900835
4900866
4901038
4901182
4901208
4901222
4901430
4901518
4901525
4901584
4901785
4901875
4901912
4901995
4902003
4902014
4902016
4902052
4902104
4902116
4902210
4902310
4902391
4902498
4902548
4902569
4902587
4902638
4902801
4902892
4902907
4902953
4903017
4903024
4903166
4903207
4903315
4903387
4903403
4903408
4903543
4903563
4903580
4903621
4903632
4903669
4903803
4903824
4903845
4903860
4904043
4904057
4904124
4904395
4904417
4904453
4904462
4904465
4904578
4904691
4904854
4904926
4904988
4905116
4905152
4905366
4905368
4905394
4905405
4905570
4905727
4905772
4905773
4905775
4905797
4905804
4905831
4905873
4905931
4906067
4906095
4906149
4906161
4906270
4906316
4906360
4906363
4906382
4906400
4906463
4906573
4906613
4906667
4906733
4906793
4906838
4906947
4906999
4907038
4907246
4907427
4907496
4907501
4907527
4907572
4907681
4907745
4907761
4908078
4908620
4908678
4908756
4908763
4908850
4908865
4908878
4908951
4909041
4909071
4909135
4909209
4909307
4909309
4909316
4909440
4909487
4909493
4909547
4909574
4909667
4909692
4909824
4909925
4909950
4910128
4910131
4910146
4910256
4910325
4910431
4910450
4910727
4910827
4910842
4910849
4910905
4911081
4911145
4911156
4911251
4911390
4911441
4911541
4911549
4911568
4911573
4911634
4911772
4911914
4912188
4912196
4912261
4912329
4912380
4912389
4912573
4912580
4912582
4912599
4912637
4912640
4912644
4912667
4912779
4912785
4912923
4913117
4913212
4913224
4913247
4913305
4913355
4913380
4913409
4913615
4913624
4913857
4913974
4913979
4914182
4914186
4914227
4914271
4914291
4914294
4914341
4914676
4914890
4914901
4915209
4915232
4915331
4915372
4915488
4915622
4915746
4915897
4915934
4915956
4916093
4916135
4916339
4916367
4916406
4916433
4916462
4916678
4916984
4917068
4917076
4917291
4917330
4917498
4917520
4917780
4917790
4917958
4917971
4917975
4918052
4918188
4918191
4918226
4918264
4918354
4918495
4918612
4918673
4918740
4918862
4918954
4918971
4918975
4919033
4919049
4919140
4919289
4919336
4919369
4919371
4919491
4919509
4919536
4919774
4919841
4920132
4920252
4920279
4920294
4920462
4920515
4920625
4920665
4920685
4920719
4920749
4920818
4920895
4921071
4921087
4921148
4921314
4921317
4921338
4921421
4921454
4921483
4921549
4921627
4921629
4921642
4921698
4921858
4921885
4921935
4921993
4922001
4922032
4922052
4922105
4922216
4922222
4922279
4922329
4922423
4922454
4922502
4922531
4922557
4922572
4922603
4922631
4922653
4922678
4922697
4922741
4922800
4922805
4922813
4922842
4922863
4922930
4923047
4923054
4923070
4923135
4923414
4923481
4923664
4923764
4923892
4924002
4924086
4924343
4924381
4924384
4924388
4924489
4924498
4924621
4924700
4924723
4924775
4924782
4924783
4924856
4924978
4924979
4925393
4925484
4925504
4925643
4925809
4925829
4925878
4925921
4926023
4926100
4926453
4926473
4926529
4926539
4926606
4926640
4926712
4926715
4926786
4926798
4926827
4926896
4926959
4927007
4927049
4927179
4927198
4927237
4927458
4927479
4927656
4927891
4927895
4927977
4928090
4928105
4928207
4928290
4928295
4928321
4928454
4928514
4928626
4928707
4928717
4928730
4928733
4928753
4928757
4928846
4928910
4928989
4929022
4929092
4929104
4929137
4929141
4929202
4929312
4929522
4929728
4929943
4929959
4930036
4930091
4930256
4930259
4930331
4930379
4930381
4930393
4930402
4930499
4930502
4930527
4930579
4930610
4930812
4930829
4930892
4930953
4931089
4931278
4931287
4931289
4931350
4931448
4931476
4931483
4931557
4931669
4931790
4931794
4931811
4931854
4931860
4932015
4932066
4932139
4932267
4932281
4932296
4932389
4932457
4932593
4932961
4933282
4933325
4933418
4933509
4933518
4933537
4933564
4933588
4933651
4933666
4933920
4933975
4934080
4934215
4934468
4934520
4934552
4934590
4934641
4934649
4934767
4934936
4934981
4934995
4935028
4935085
4935098
4935119
4935195
4935277
4935475
4935480
4935491
4935549
4935600
4935668
4935735
4935807
4935906
4936023
4936031
4936071
4936099
4936135
4936310
4936391
4936522
4936783
4936917
4936924
4936951
4937017
4940087
4937026
4937129
4937133
4937155
4937279
4937301
4937389
4937420
4937513
4937578
4937623
4937637
4937674
4937693
4937893
4937930
4937941
4938024
4938043
4938076
4938092
4938175
4938360
4938373
4938417
4938547
4938700
4938802
4938830
4938864
4938927
4939007
4939034
4939132
4939142
4939203
4939352
4939398
4939399
4939707
4939711
4939712
4939734
4939748
4939795
4939796
4939934
4939971
4939974
4939998
4940075
4940128
4940163
4940183
4940200
4940396
4940398
4940443
4940519
4940550
4940598
4940642
4940728
4940729
4940915
4940932
4940942
4941008
4941110
4941233
4941258
4941271
4941356
4941376
4941467
4941479
4941593
4941606
4941613
4941785
4941819
4941892
4941992
4942009
4942087
4942106
4942169
4942220
4942228
4942252
4942265
4942272
4942296
4942330
4942472
4942502
4942562
4942781
4942845
4942846
4942865
4942946
4943003
4943045
4943180
4943290
4943293
4943343
4943566
4943581
4943714
4943723
4943756
4943768
4943776
4944075
4944172
4944218
4944231
4944259
4944543
4944739
4944839
4944878
4944932
4944965
4945002
4945204
4945268
4945335
4945551
4945600
4945605
4945607
4945980
4946283
4946294
4946299
4946377
4946610
4946622
4946714
4946884
4946905
4946948
4947046
4947072
4947121
4947180
4947192
4947347
4947394
4947469
4947504
4947668
4947727
4947847
4947952
4948012
4948126
4948212
4948242
4948282
4948346
4948363
4948373
4948673
4948735
4948763
4948827
4948990
4948991
4949005
4949152
4949244
4949283
4949344
4949500
4949512
4949524
4949847
4949942
4950054
4950087
4950152
4950301
4950307
4950340
4950403
4950410
4950780
4950812
4950854
4950904
4950908
4950953
4951017
4951024
4951119
4951164
4951173
4951201
4951234
4951253
4951368
4951615
4951708
4951709
4951730
4951779
4951798
4951805
4951812
4952038
4952149
4952699
4952770
4952800
4952806
4952895
4952949
4953053
4953305
4953343
4953728
4953846
4953895
4953917
4954169
4954200
4954238
4954279
4954403
4954521
4954695
4954741
4955105
4955374
4955516
4955523
4960564
4960689
4960714
4960715
4960774
4960907
4960983
4960987
4961049
4961080
4961169
4961214
4961223
4961240
4961241
4961268
4961303
4961331
4961333
4961358
4961392
4961728
4961785
4961791
4961834
4961919
4961923
4962013
4962134
4962162
4962232
4962242
4962297
4962410
4962604
4962703
4962743
4962767
4962845
4962872
4962907
4962955
4962956
4963054
4963123
4963150
4963216
4963356
4963455
4963518
4963595
4963629
4963684
4963725
4963905
4964236
4964503
4964531
4964711
4964809
4964874
4964930
4964949
4964961
4965019
4965045
4965047
4965064
4965072
4965087
4965109
4965223
4965325
4965406
4965496
4965523
4970564
4970631
4970651
4970701
4970774
4970822
4970830
4970918
4970929
4970969
4970981
4970984
4971172
4971355
4971406
4971423
4971516
4971556
4971563
4971639
4971720
4971722
4971747
4971866
4971931
4971975
4972028
4972051
4972059
4972102
4972113
4972168
4972191
4972262
4972355
4972362
4972482
4972575
4972684
4972688
4972726
4972766
4972900
4972939
4972969
4973035
4973045
4973051
4973141
4973200
4973225
4973268
4973294
4973365
4973400
4973482
4973502
4973672
4973694
4973739
4973775
4973845
4973901
4974093
4974095
4974131
4974156
4974231
4974235
4974303
4974387
4974514
4974521
4974535
4974566
4974614
4974641
4974674
4974690
4974706
4974746
4974764
4974805
4974897
4974940
4974947
4974966
4975002
4975031
4975032
4975089
4975097
4975109
4975168
4975180
4975210
4975261
4975333
4975417
4975435
4975508
4975920
4976007
4976016
4976017
4976034
4976044
4976076
4976087
4976198
4976257
4976313
4976323
4976444
4976621
4976651
4976885
4976896
4976935
4977138
4977146
4977282
4977353
4977373
4977390
4977391
4977497
4977511
4977555
4977670
4977675
4977737
4977880
4977920
4978071
4978297
4978306
4978313
4978352
4978416
4978466
4978496
4978552
4978589
4978617
4978685
4978706
4978789
4978797
4978835
4978857
4980105
4980169
4980184
4980368
4980388
4980544
4980589
4980617
4980926
4980969
4980982
4981038
4981050
4981112
4981239
4981302
4981489
4981668
4981731
4981777
4981919
4982275
4982281
4982480
4982678
4982681
4982765
4982807
4982867
4982912
4982913
4982960
4983046
4983129
4983296
4983341
4983357
4983363
4983383
4983488
4983600
4983605
4983666
4983801
4984031
4984270
4984317
4984318
4984348
4984382
4984414
4984478
4984504
4984581
4984670
4984773
4985046
4985099
4985264
4985311
4985643
4985781
4985830
4990589
4990735
4990868
4990893
4990903
4991055
4991137
4991179
4991342
4991410
4991502
4991546
4991578
4991599
4991685
4991722
4991744
4991755
4991923
4992388
4992450
4992610
4992635
4992727
4992756
4992814
4992846
4992890
4992906
4993132
4993148
4993199
4993328
4993337
4993368
4993507
4993654
4993983
4994294
4994463
4994763
4994850
4994884
4994978
4995190
4995210
4995319
4995382
4995417
4995546
4995716
4995719
4995734
4996056
4996136
4996172
4996223
4996281
4996336
4996369
4996491
4996522
4996584
4996591
4996655
4996665
4996710
4996743
4996918
4996927
4996941
4997001
4997035
4997175
4997235
4997317
4997377
4997385
4997472
4997526
4997582
4997601
4997609
4997614
4997665
4997786
4997955
4997989
4998005
4998137
4998206
4998212
4998238
4998247
4998253
4998266
4998272
4998310
4998405
4998439
4998495
4998523
4998572
4998586
4998623
4998644
4998680
4998708
4998716
4998733
4998757
4998866
4998874
4998883
4998917
4999062
4999096
4999150
4999205
4999283
4999476
4999482
4999522
4999530
4999549
4999580
4999748
4999847
4999903
4999910
5000058
5000159
5000344
5000352
5000371
5000423
5000443
5000505
5000519
5000589
5000690
5000750
5000759
5000860
5000895
5001071
5001215
5001278
5001307
5001415
5001447
5001545
5001673
5001727
5001753
5001866
5001872
5001945
5001989
5002007
5002263
5002342
5002458
5002475
5002663
5002720
5002735
5002737
5002794
5002948
5003000
5003016
5003152
5003201
5003203
5003216
5003548
5003565
5003615
5003724
5003850
5003917
5003921
5003999
5004049
5004236
5004252
5004386
5004388
5004456
5004471
5004597
5004664
5004750
5004861
5004864
5004903
5004945
5004991
5005021
5024929
5005216
5005246
5005259
5005314
5005322
5005347
5005375
5005421
5005469
5005497
5006399
5008614
5008736
5010725
5010810
5010812
5010874
5010955
5010961
5010984
5011107
5011118
5011173
5011317
5011329
5011675
5011689
5011737
5011743
5011875
5012160
5012481
5012503
5012537
5012587
5012664
5012748
5012800
5012836
5013017
5013026
5013030
5013153
5013169
5013174
5013186
5013188
5013228
5013325
5013368
5013387
5013413
5013418
5013522
5013545
5013567
5013578
5013655
5013692
5013735
5013932
5014050
5014070
5014117
5014199
5014229
5014473
5014481
5014639
5014641
5014682
5014755
5014805
5015066
5015089
5015137
5015341
5015376
5015583
5015737
5015787
5015850
5015921
5015964
5015966
5015978
5016023
5016061
5016074
5016077
5016121
5016127
5016271
5016332
5016365
5016377
5016441
5016966
5017012
5017166
5017279
5017305
5017754
5017806
5017879
5017880
5018136
5018154
5018262
5018282
5018297
5018314
5018322
5018357
5018447
5018570
5018637
5018648
5018718
5018810
5018845
5018848
5018872
5018883
5018941
5018958
5018969
5019022
5019048
5019143
5019256
5019461
5019477
5019485
5019561
5019612
5019649
5019714
5019820
5019840
5019847
5019856
5019873
5019879
5019949
5020153
5020268
5020344
5020347
5020363
5020371
5020431
5020531
5020581
5020595
5020620
5020644
5020648
5020659
5020677
5020771
5020801
5020813
5020847
5020872
5020904
5020929
5021051
5021089
5021096
5021279
5021428
5021435
5021469
5021504
5021512
5021582
5021642
5021682
5021887
5021952
5022127
5022298
5022594
5022664
5022777
5022898
5022937
5022963
5023057
5023099
5023105
5023214
5023454
5023469
5023566
5023643
5023651
5023678
5023870
5023987
5024043
5024095
5024120
5024252
5024274
5024293
5024359
5024371
5024387
5024488
5024655
5024663
5024740
5024865
5024873
5024993
5025354
5025419
5025494
5025628
5025647
5025734
5025769
5025869
5025936
5026054
5026079
5026152
5026361
5026428
5026466
5026485
5026688
5026805
5026887
5027080
5027095
5027232
5028260
5028395
5028404
5028419
5028598
5028656
5028727
5028750
5028777
5028955
5029019
5029093
5029157
5029210
5029226
5029235
5029268
5029314
5029472
5029505
5029552
5029684
5029743
5029952
5030101
5030127
5030350
5030382
5030383
5030686
5030703
5030834
5031094
5031129
5031171
5031437
5031545
5031582
5031650
5031902
5031974
5032004
5032183
5032345
5032548
5032549
5032551
5032727
5032860
5033050
5033138
5033173
5033195
5033360
5033377
5033490
5033494
5033574
5033669
5033704
5033856
5033858
5033896
5033902
5034029
5034030
5034077
5034100
5034401
5034404
5034472
5034512
5034596
5034684
5034735
5034740
5034754
5034831
5034988
5035055
5035064
5035070
5035073
5035130
5035137
5035241
5035242
5035338
5035393
5035417
5035441
5035493
5035545
5035589
5035591
5035617
5035882
5035947
5036055
5036148
5036433
5036508
5036541
5036879
5037088
5037125
5037146
5037155
5037283
5037293
5037333
5037438
5037457
5037507
5037547
5037757
5037818
5037881
5037972
5038186
5038293
5038324
5038497
5038590
5038593
5038668
5038755
5038770
5038819
5038892
5038897
5039031
5039170
5039214
5039222
5039274
5039357
5039451
5039485
5039661
5039671
5039704
5039724
5039739
5039806
5039888
5039906
5039985
5040008
5040016
5040026
5040079
5040091
5040305
5040307
5040354
5040360
5040492
5040556
5040726
5040851
5040939
5041042
5041083
5041126
5041222
5041231
5041238
5041248
5041255
5041263
5042013
5042048
5042132
5042269
5042369
5042453
5042616
5042622
5042626
5042699
5042712
5042728
5042730
5042737
5042805
5042818
5042849
5042908
5042909
5042931
5042946
5042982
5043013
5043246
5043312
5043380
5043510
5043538
5043553
5043627
5043637
5043760
5043776
5043873
5044206
5044210
5044220
5044422
5044434
5044483
5044609
5044647
5044664
5044702
5044730
5044743
5044803
5044830
5045215
5045262
5045326
5045392
5045420
5045455
5045512
5045544
5045604
5045911
5045990
5046010
5046030
5046033
5046054
5046064
5046083
5046109
5046163
5046455
5046499
5046634
5047083
5047272
5047548
5047562
5047564
5047599
5047613
5047752
5047960
5048067
5048097
5048178
5048229
5048236
5048265
5048280
5048288
5048371
5048398
5048417
5048449
5053619
5053620
5053635
5053914
5053964
5053973
5054068
5054170
5054290
5054404
5054427
5054613
5054711
5054768
5054791
5054800
5054807
5054861
5054882
5054942
5055022
5055032
5055056
5055207
5055305
5055344
5055388
5055454
5055504
5055548
5055593
5055761
5055892
5055908
5055913
5056092
5056115
5056136
5056171
5056313
5056363
5056376
5056386
5056414
5056426
5056492
5056498
5056500
5056556
5056590
5056591
5056634
5056638
5056664
5056713
5056726
5056820
5056846
5056924
5056940
5056942
5057205
5057548
5057558
5057572
5057646
5057701
5057905
5057973
5058082
5058099
5058132
5058136
5058347
5058515
5058614
5058687
5058758
5058785
5058921
5059040
5059119
5059162
5059193
5059194
5059236
5059276
5059305
5059373
5059385
5059404
5059617
5059655
5059704
5059734
5059776
5059900
5059966
5060151
5060291
5060400
5060462
5060764
5060778
5060870
5060899
5060925
5060942
5060991
5061059
5061134
5061187
5061194
5061252
5061258
5061264
5061286
5061320
5061339
5061476
5061511
5061595
5061630
5061698
5061801
5061846
5061954
5062172
5062179
5062225
5062231
5062233
5062342
5062531
5062588
5062622
5062964
5063142
5063594
5063780
5063878
5063991
5063999
5064037
5064073
5064112
5064186
5064981
5065157
5065174
5065207
5065220
5065256
5065402
5065591
5065635
5065648
5065686
5065739
5065753
5065760
5065761
5065770
5065790
5065798
5065799
5065931
5065959
5066009
5066042
5066178
5066192
5066212
5066238
5066312
5066358
5066498
5066501
5066546
5066547
5066552
5066554
5066629
5066721
5066793
5066876
5066945
5067112
5067145
5067264
5067273
5067285
5067565
5067747
5067765
5067821
5068009
5068055
5068193
5068214
5068253
5068260
5068356
5068390
5068397
5068456
5068541
5068566
5068585
5068638
5068641
5068645
5068667
5068713
5068861
5068914
5069031
5069051
5069343
5069357
5073897
5069456
5069561
5069625
5069634
5069645
5069798
5070049
5070053
5070097
5070098
5070151
5070187
5070190
5070227
5070235
5070251
5070278
5070395
5070422
5070480
5070525
5070558
5070598
5070818
5070836
5070849
5070880
5070932
5071042
5071106
5071239
5071309
5071374
5071388
5071440
5071446
5071494
5071575
5071577
5071619
5071689
5071760
5071864
5072030
5072084
5072092
5072124
5072251
5072289
5072667
5072675
5072911
5072988
5073086
5073139
5073169
5073183
5073200
5073207
5073335
5073357
5073375
5073376
5073395
5073398
5073415
5073477
5073488
5073504
5073577
5073608
5073664
5073687
5073709
5073739
5073740
5073867
5073976
5074059
5074105
5074140
5074158
5074243
5074246
5074309
5074472
5074524
5074655
5074694
5074835
5074887
5074913
5075076
5075201
5075213
5075296
5075334
5075337
5075380
5075502
5075534
5075536
5075608
5075896
5075914
5075933
5075976
5076035
5076077
5076174
5076260
5076317
5076340
5076401
5076536
5076563
5076691
5076861
5076864
5077155
5077275
5077293
5077335
5077388
5077407
5077423
5077494
5077567
5077617
5077675
5077759
5077797
5078075
5078149
5078304
5078341
5078401
5078548
5078694
5078716
5078951
5079075
5079162
5079166
5079253
5079256
5079299
5079405
5079461
5079491
5079825
5079840
5079954
5080014
5080096
5080186
5080208
5080257
5080271
5080365
5080406
5080616
5080712
5080743
5080746
5080808
5080851
5080876
5080999
5081002
5081071
5081084
5081324
5081449
5081481
5081538
5081645
5081703
5081808
5081819
5081858
5081891
5082107
5082156
5082238
5082257
5082258
5082266
5082302
5082396
5082437
5082479
5082523
5082616
5082621
5082632
5082664
5082695
5082699
5082740
5082810
5082962
5083059
5083102
5083313
5083490
5083569
5083573
5083666
5083785
5083860
5083873
5083928
5083990
5084149
5084268
5084401
5084475
5084537
5084558
5084559
5084596
5084701
5084840
5084872
5084892
5084978
5084988
5084995
5085004
5085247
5085254
5085438
5085460
5085669
5085747
5085754
5085829
5085846
5085930
5085987
5086043
5086153
5086326
5086335
5086512
5091758
5091814
5091862
5091884
5091911
5091995
5092108
5092224
5092296
5092339
5092414
5092453
5092455
5092513
5092633
5092738
5092793
5092854
5092856
5092875
5092927
5092928
5092941
5092960
5093124
5093142
5093190
5093372
5093506
5093563
5093630
5093738
5093797
5093837
5093901
5093959
5094113
5094118
5094138
5094197
5094249
5094303
5094327
5094337
5094355
5094363
5094390
5094414
5094557
5094564
5094575
5094616
5094662
5094813
5094840
5094842
5095027
5095161
5095224
5095268
5095280
5095341
5095366
5095595
5095748
5096028
5096140
5096186
5096307
5096338
5096339
5096353
5096397
5096499
5096505
5096539
5096804
5096893
5096911
5096943
5096955
5096967
5096991
5097016
5097146
5097147
5097170
5097188
5097271
5097333
5097393
5097397
5097447
5097512
5097696
5097954
5097988
5098072
5098078
5098158
5098177
5098267
5098276
5098309
5098313
5098486
5098488
5098570
5098573
5098595
5098701
5098791
5098816
5098865
5098919
5099035
5099038
5099073
5099092
5099160
5099207
5099231
5099432
5099523
5099587
5099624
5099646
5099675
5099687
5099744
5099781
5099839
5099900
5099914
5099979
5100114
5100126
5100206
5100262
5100338
5100404
5100517
5100752
5100792
5100800
5100812
5100884
5100895
5100909
5101051
5101065
5101070
5101340
5101384
5101432
5101537
5101642
5101654
5101668
5101700
5101722
5101762
5101774
5101986
5102003
5102067
5102161
5102167
5102171
5102314
5102349
5102571
5102578
5102636
5102669
5102705
5102821
5102863
5102907
5102931
5103067
5103093
5103122
5103194
5103308
5103309
5103350
5103408
5103429
5103593
5103643
5103707
5103765
5103812
5104103
5104196
5104237
5104259
5104532
5104593
5104595
5104644
5104666
5104692
5104752
5104850
5105012
5105191
5105233
5105240
5105354
5105368
5105415
5105450
5105469
5105490
5105504
5105572
5105583
5105624
5105718
5105730
5105972
5106035
5106164
5106335
5106339
5106527
5106543
5106608
5106705
5106736
5106759
5106839
5106873
5107018
5107085
5107088
5107183
5107229
5107393
5107469
5107481
5107553
5107738
5108025
5108031
5108075
5108076
5108234
5108239
5108244
5108311
5108357
5108412
5108462
5108469
5108498
5108575
5108602
5108634
5108748
5108790
5108856
5108884
5108919
5108982
5109029
5109048
5109078
5109108
5109162
5109316
5109646
5109677
5109681
5109784
5109850
5109873
5109912
5109976
5110061
5110201
5110205
5110590
5110607
5110738
5110821
5110850
5110892
5110906
5110922
5111021
5111123
5111127
5111139
5111221
5111276
5111293
5111362
5111364
5111387
5111411
5111512
5111576
5111650
5111654
5111742
5111749
5111804
5111812
5111919
5112040
5112051
5112129
5112177
5112185
5112197
5112270
5112423
5112437
5112473
5112512
5112582
5112708
5112789
5112814
5112829
5112833
5112847
5113098
5113111
5113156
5113157
5113283
5113339
5113393
5113559
5113615
5113657
5113667
5113934
5114141
5114170
5114215
5114299
5114308
5114417
5114485
5114507
5114639
5114650
5114688
5114710
5114733
5114842
5114904
5114952
5114965
5114971
5115008
5115092
5115157
5115327
5115504
5115517
5115587
5115609
5115758
5115797
5115852
5115885
5115916
5115978
5115989
5115991
5116020
5116054
5116140
5116146
5116204
5116234
5116350
5116359
5116495
5116534
5116757
5116983
5116998
5117188
5117199
5117364
5117379
5117530
5117534
5117536
5117624
5117639
5117648
5117880
5118012
5118025
5118246
5118285
5118344
5118387
5118446
5118548
5118644
5118698
5118791
5118910
5118921
5118963
5119030
5119184
5119188
5119226
5119239
5119287
5119557
5119595
5119654
5119715
5119813
5119822
5119841
5119847
5119878
5119920
5119929
5119933
5120101
5120222
5120225
5120407
5120626
5120684
5120860
5120960
5121010
5121062
5121073
5121083
5121200
5121425
5121498
5121556
5121910
5122109
5122129
5122233
5122310
5122387
5122395
5122429
5122443
5122583
5122678
5122884
5122903
5122955
5122964
5123004
5123017
5123073
5123147
5123165
5123230
5123419
5123540
5123634
5123716
5123788
5124052
5124084
5124098
5124277
5124289
5124438
5124631
5124719
5125005
5125036
5125098
5125421
5125447
5125473
5125641
5127280
5125693
5125958
5126322
5126354
5126376
5126468
5126587
5126609
5126674
5126702
5126704
5126713
5126733
5126759
5126858
5126896
5127065
5127142
5127173
5127188
5127458
5127466
5127470
5127552
5127574
5127658
5127792
5127827
5127892
5127995
5128003
5128059
5128091
5128183
5128267
5128295
5128327
5128472
5128574
5128762
5128855
5128860
5128879
5129032
5129051
5129081
5129085
5129125
5129181
5129371
5129375
5129409
5129747
5129753
5129791
5129837
5129927
5129941
5129945
5129971
5130000
5130011
5130042
5130046
5130076
5130274
5130275
5130338
5130401
5130426
5130611
5130624
5130705
5130784
5130794
5130828
5130838
5130877
5130903
5130905
5131174
5131209
5131364
5131433
5131443
5131589
5132012
5132120
5132139
5132279
5132307
5132308
5132386
5132432
5132481
5132536
5132554
5132556
5132577
5132695
5132880
5132945
5132955
5133008
5133050
5133104
5133113
5133234
5133311
5133339
5133341
5133474
5133530
5133581
5133674
5133724
5133755
5133772
5133814
5133876
5133983
5134041
5134043
5134101
5134312
5134333
5134376
5134585
5134682
5134763
5134778
5134835
5134849
5134912
5134928
5134948
5134999
5135014
5135071
5135213
5135278
5135332
5135538
5135551
5135561
5135565
5135583
5135671
5135684
5135687
5135878
5135933
5136035
5136083
5136114
5136309
5136432
5136737
5136752
5136774
5136786
5136963
5137129
5137193
5137291
5137388
5137396
5137455
5137477
5137532
5137547
5137642
5137656
5137692
5137730
5137779
5137793
5137861
5137905
5137920
5138135
5138187
5138208
5138218
5138259
5138304
5138319
5138334
5138388
5138411
5138517
5138520
5138608
5138627
5138763
5138917
5138922
5138988
5139124
5139126
5139145
5139174
5139519
5139612
5139743
5139790
5139847
5140046
5140128
5140182
5140256
5140463
5140564
5140623
5140653
5140665
5140721
5140746
5140751
5140814
5140845
5140988
5141057
5141146
5141171
5141206
5141310
5141329
5141333
5141417
5141569
5141623
5141789
5141820
5141831
5141862
5141921
5142034
5142086
5142197
5142316
5142346
5142461
5142631
5142652
5142688
5142741
5142777
5142821
5142839
5142889
5142933
5142946
5142967
5143001
5143037
5143208
5143461
5143483
5143525
5143638
5143688
5143696
5143787
5143806
5143842
5143854
5144048
5144058
5144088
5144121
5144148
5144198
5144221
5144263
5144503
5144505
5144521
5144621
5144724
5144765
5144951
5145062
5145122
5145159
5145176
5145194
5145267
5145277
5145429
5145823
5146082
5146087
5146108
5146155
5146388
5146453
5146515
5146578
5146621
5146661
5146800
5146909
5146930
5147032
5147042
5147074
5147166
5147329
5147376
5147426
5147446
5147488
5147709
5147781
5147793
5147806
5147863
5147885
5148040
5148061
5148234
5148428
5148581
5148649
5148684
5148788
5148863
5148982
5149232
5149511
5149516
5149624
5149691
5149709
5149902
5150000
5150166
5150195
5150209
5150523
5150566
5150567
5150582
5150669
5150715
5150861
5150940
5150985
5151047
5151052
5151106
5151137
5151235
5151346
5151401
5151563
5151573
5151606
5151832
5151888
5152045
5152143
5152160
5152266
5152275
5152317
5152384
5152445
5152577
5152589
5152671
5152700
5152758
5152835
5152876
5152933
5153065
5153184
5153228
5153330
5153397
5153479
5153584
5153597
5153797
5153798
5153816
5153848
5154046
5154121
5154134
5154246
5154318
5154319
5154336
5154442
5154505
5154662
5154727
5154892
5155039
5155199
5155316
5155399
5155604
5155752
5155762
5155900
5156069
5156163
5156219
5156415
5156498
5156510
5156521
5156615
5156648
5156732
5156839
5156959
5157024
5157085
5157248
5157277
5157287
5157531
5157557
5157741
5157750
5157826
5157905
5158104
5158242
5158360
5158368
5158559
5158560
5158790
5158850
5158919
5158976
5158997
5159068
5159070
5159109
5159114
5159360
5159507
5159515
5159517
5159556
5159610
5159666
5159736
5159841
5159891
5159989
5160053
5160122
5160191
5160357
5160589
5160606
5160682
5161069
5161257
5161323
5161376
5161419
5161619
5161630
5161662
5161697
5161803
5161883
5161902
5161920
5162001
5162011
5162023
5162030
5162049
5162062
5162085
5162105
5162171
5162223
5162290
5162663
5162671
5162722
5162868
5162903
5162968
5163022
5163060
5163121
5163188
5163205
5163273
5163286
5163365
5163392
5163421
5163472
5163500
5163556
5163559
5163697
5163864
5163935
5163983
5163998
5164223
5164289
5164317
5164325
5164364
5164515
5164554
5164875
5164968
5165021
5165037
5165145
5165148
5165781
5165863
5165920
5165991
5166030
5166047
5166081
5166182
5166245
5166580
5166695
5166725
5166761
5166763
5166797
5166802
5166851
5166902
5166926
5166957
5167035
5167146
5167165
5167171
5167458
5167484
5167589
5167595
5167699
5167944
5167965
5168009
5168023
5168335
5168352
5168364
5168376
5168619
5168621
5168672
5168742
5168822
5168842
5168992
5168996
5168999
5169109
5169217
5169234
5169239
5169277
5169283
5169318
5169336
5169711
5169713
5169735
5169945
5170071
5170258
5170475
5170643
5170744
5170829
5170848
5170912
5170948
5171059
5171091
5171284
5171370
5171424
5171426
5171800
5171811
5171924
5171977
5172242
5172249
5172260
5172393
5172407
5172427
5172529
5172633
5172664
5172704
5172895
5172912
5172951
5173019
5173106
5173202
5173220
5173234
5173240
5173355
5173441
5173453
5173493
5173566
5173617
5173626
5173637
5173666
5173691
5173704
5173775
5173834
5173866
5173971
5174061
5174125
5174133
5174179
5174219
5174316
5174319
5174342
5174515
5174606
5174796
5174807
5175070
5175099
5175237
5175296
5175534
5175626
5175707
5175912
5176098
5176320
5176359
5176456
5176576
5176667
5176752
5176796
5176826
5176860
5177154
5177167
5177198
5177375
5177478
5177507
5177537
5177572
5177589
5177782
5177794
5177840
5177941
5177949
5178124
5178142
5178226
5178312
5178336
5178437
5178532
5178666
5178809
5178879
5178941
5179182
5179207
5179280
5179304
5179328
5179567
5179711
5179929
5179939
5180238
5180352
5180362
5180389
5180392
5180522
5180720
5180760
5180767
5180853
5180856
5181055
5181078
5181115
5181123
5181171
5181194
5181223
5181298
5181343
5181368
5181439
5181573
5181722
5181847
5181898
5181949
5181954
5182123
5182137
5182343
5182377
5182518
5182572
5182599
5182676
5182696
5182972
5183227
5183448
5183547
5183550
5183644
5183649
5183700
5183936
5183977
5184054
5184081
5184174
5184201
5184239
5184247
5184322
5184418
5184602
5184672
5184844
5184856
5185000
5185003
5185051
5185069
5185072
5185132
5185196
5185200
5185314
5185321
5185351
5185376
5185379
5185584
5185667
5185691
5185789
5185894
5186058
5186085
5186140
5186161
5186165
5186198
5186462
5186566
5186649
5186992
5187103
5187129
5187154
5187306
5187334
5187340
5187354
5187386
5187484
5187513
5187643
5187651
5187730
5187806
5187951
5188042
5188207
5188248
5188258
5188391
5188430
5188445
5188473
5188696
5188728
5188828
5188883
5188913
5189181
5189203
5189212
5189256
5189296
5189297
5189354
5189434
5189435
5189439
5189455
5189542
5189564
5189603
5189678
5189716
5189731
5189737
5189754
5189838
5189869
5189882
5189890
5189969
5190040
5190065
5190318
5190406
5190465
5190598
5190749
5190773
5190783
5190836
5190864
5190896
5190942
5191001
5191042
5191130
5191151
5191210
5191251
5191257
5191276
5191295
5191315
5191330
5191342
5191361
5191397
5191426
5191456
5191463
5191588
5191727
5191889
5191916
5192008
5192075
5192091
5192137
5192184
5192196
5192222
5192238
5192285
5192409
5192607
5192860
5192893
5193149
5193201
5193480
5193656
5193711
5193713
5193718
5193749
5193774
5193823
5193948
5194083
5194116
5194127
5194245
5194279
5194309
5194328
5194340
5194526
5194584
5194682
5194705
5194712
5194776
5194797
5194838
5194885
5194975
5194985
5195084
5195140
5195147
5195178
5195202
5195332
5195403
5195412
5195422
5195782
5195866
5195879
5195952
5195977
5196000
5196097
5196122
5196290
5196329
5196784
5196878
5196933
5196975
5197023
5197061
5197283
5197290
5197689
5197729
5197746
5197763
5197833
5198077
5198313
5198384
5198515
5198748
5198780
5198904
5198947
5199034
5199045
5199090
5199174
5199188
5199220
5199311
5199342
5199355
5199427
5199466
5199494
5199520
5199537
5199584
5199587
5199661
5199924
5199943
5199945
5199953
5199982
5200005
5200030
5200068
5200118
5200229
5200266
5200362
5200371
5200418
5200438
5200440
5200639
5200760
5200781
5200808
5200831
5200878
5200920
5200926
5200948
5200962
5200993
5201162
5201279
5201289
5201302
5201318
5201370
5201556
5201579
5201628
5201634
5201638
5201689
5201720
5201733
5201735
5201744
5201755
5201789
5202073
5202099
5202213
5202310
5202449
5202496
5202542
5202678
5202808
5202880
5202993
5203021
5203243
5203248
5203345
5203412
5203423
5203530
5203640
5203693
5203697
5203805
5203939
5204097
5204154
5204172
5204332
5204351
5204647
5204785
5204791
5204874
5205137
5205391
5205507
5205538
5205639
5205761
5205868
5205925
5205962
5206128
5206210
5206223
5206253
5206322
5206408
5206614
5206683
5206763
5206778
5206794
5206841
5206847
5206871
5206886
5206915
5207072
5207164
5207202
5207296
5207301
5207481
5207600
5207830
5207834
5207928
5207979
5208086
5208110
5208111
5208124
5208186
5208284
5208288
5208344
5208370
5208474
5208533
5208660
5208732
5208748
5208756
5208788
5209038
5209049
5209083
5209252
5209543
5209679
5209890
5209931
5210008
5210174
5210253
5210439
5210489
5210517
5210952
5211018
5211134
5211168
5211221
5211413
5211464
5211473
5211620
5211640
5211669
5211731
5211757
5211763
5211765
5211796
5211919
5212030
5212056
5212247
5212441
5212448
5212459
5212460
5212466
5212517
5212542
5212703
5212717
5212914
5212939
5213165
5213182
5213214
5213296
5213401
5213425
5213446
5213485
5213513
5213557
5213593
5213596
5213775
5213800
5213806
5213903
5213924
5213946
5213954
5213998
5214075
5214106
5214118
5214161
5214194
5214271
5214420
5214472
5214511
5214693
5214699
5214801
5215057
5215235
5215418
5215437
5215546
5215614
5215786
5215795
5215980
5216000
5216050
5216199
5216267
5216336
5216344
5216425
5216473
5216741
5216763
5216787
5216826
5216914
5217036
5217051
5217066
5217075
5217187
5217289
5217414
5217425
5217584
5217715
5217804
5217956
5217977
5217987
5218040
5218142
5218175
5218277
5218614
5218654
5218687
5218759
5218883
5218901
5218953
5219015
5219220
5219240
5219595
5219651
5219653
5219859
5219878
5220259
5220316
5220367
5220415
5220473
5220541
5221103
5221340
5221350
5221422
5221639
5221681
5221814
5221899
5221909
5222029
5222138
5222275
5222302
5222316
5222388
5222563
5222565
5222571
5222608
5222672
5222790
5222806
5222836
5222845
5222880
5222927
5222948
5222965
5223001
5223020
5223195
5223213
5223281
5223554
5223617
5223642
5223782
5223804
5223811
5223884
5223917
5224239
5224255
5224267
5224284
5224370
5224520
5224545
5224636
5224639
5224769
5224974
5225130
5225251
5225321
5225418
5225442
5225450
5225486
5225642
5225689
5225708
5225855
5225874
5225996
5226019
5226127
5226142
5226236
5226322
5226430
5226531
5226631
5226653
5226743
5226746
5226894
5227054
5227058
5227365
5227368
5227383
5227399
5227460
5227477
5227576
5227588
5227702
5227717
5227854
5227954
5227990
5228116
5228164
5228177
5228296
5228344
5228367
5228377
5228385
5228531
5228617
5228648
5228681
5228761
5228787
5228814
5228840
5228923
5228928
5228993
5229006
5229073
5229148
5229270
5229327
5229389
5229400
5229647
5229858
5230023
5230043
5230072
5230105
5230147
5230167
5230176
5230230
5230236
5230288
5230320
5230331
5230342
5230408
5230422
5230457
5230475
5230523
5230651
5230686
5230740
5230846
5230896
5230948
5231084
5231164
5231253
5231316
5231437
5231544
5231573
5231699
5231854
5231887
5231930
5231935
5231992
5232291
5232575
5232726
5232744
5232754
5232909
5233009
5233042
5233063
5233085
5233144
5233175
5233398
5233450
5233596
5233606
5233648
5233804
5233838
5233849
5233905
5233945
5233954
5234076
5234184
5234367
5234387
5234458
5234491
5234652
5234751
5234838
5234851
5235091
5235128
5235157
5235231
5235248
5235443
5235450
5235482
5235598
5235769
5235898
5235911
5235962
5236015
5236016
5236034
5236079
5236093
5236158
5236202
5236271
5236283
5236485
5236564
5236587
5236592
5236893
5236912
5237009
5237020
5237112
5237119
5237123
5237152
5237349
5237588
5237685
5237692
5237712
5237766
5237785
5237794
5237829
5237835
5237885
5237910
5237942
5238087
5238126
5238243
5238423
5238425
5238517
5238534
5238543
5238767
5238835
5238991
5239032
5239071
5239075
5239191
5239336
5239384
5239408
5239411
5239486
5239533
5239713
5239722
5239774
5239815
5239872
5240024
5240039
5240138
5240140
5240172
5240302
5240320
5240469
5240551
5240930
5240960
5240963
5241008
5241088
5241131
5241157
5241319
5241377
5241415
5241490
5241565
5241587
5241650
5241658
5241690
5241692
5241707
5241765
5241818
5241842
5241870
5241937
5241975
5241976
5242104
5242133
5242175
5242191
5242198
5242206
5242326
5242495
5242663
5242753
5242875
5242922
5242972
5242979
5242996
5243244
5243351
5243354
5243499
5243644
5243882
5243922
5243926
5243985
5244005
5244037
5244078
5244198
5244309
5244312
5244314
5244554
5244731
5244744
5244797
5245253
5245280
5245294
5245332
5245427
5245480
5245492
5245585
5245590
5245612
5245732
5245780
5245817
5245832
5245851
5245918
5246324
5246348
5246473
5246545
5246562
5246695
5246719
5246756
5246757
5246884
5246980
5247014
5247070
5247146
5247251
5247339
5247435
5247480
5247549
5247572
5247614
5247679
5247753
5247762
5247802
5247840
5247874
5248094
5248109
5248131
5248293
5248353
5248363
5248418
5248535
5248826
5248857
5248868
5248933
5248953
5248958
5249006
5249021
5249060
5249093
5249318
5249412
5249495
5249620
5249640
5249717
5249736
5250115
5250151
5250263
5250303
5250414
5250415
5250545
5250633
5250725
5250955
5251159
5251239
5251267
5251342
5251349
5251421
5251423
5251512
5251655
5251676
5251745
5251943
5251955
5252037
5252110
5252192
5252260
5252480
5252559
5252563
5252581
5252669
5252758
5252778
5252812
5252843
5252860
5252976
5253014
5253054
5253108
5253153
5253180
5253270
5253286
5253293
5253295
5253834
5253894
5253904
5254017
5254090
5254162
5254189
5254228
5254241
5254268
5254344
5254392
5254440
5254724
5254740
5254758
5254773
5254795
5254920
5254986
5255030
5255044
5255050
5255128
5255150
5255246
5255389
5255421
5255572
5255716
5255718
5255769
5255869
5255874
5256171
5256314
5256380
5256382
5256387
5256438
5256458
5256479
5256500
5256514
5256551
5256570
5256598
5256603
5256970
5257050
5257090
5257092
5257114
5257116
5257117
5257140
5257239
5257294
5257408
5257469
5257503
5257768
5257791
5257835
5257906
5257922
5258138
5258376
5258396
5258415
5258450
5258501
5258556
5258600
5258689
5258700
5258733
5258780
5258819
5258887
5258900
5258901
5259137
5259152
5259171
5259190
5259247
5259307
5259319
5259378
5259792
5259833
5259863
5259899
5259988
5260037
5260151
5260486
5260517
5260611
5260663
5260817
5260859
5260902
5260986
5261081
5261086
5261223
5261254
5261255
5261256
5261369
5261444
5261488
5261536
5261565
5261621
5261646
5261659
5261702
5261714
5261790
5261964
5262007
5262029
5262213
5262261
5262281
5262309
5262379
5262401
5262405
5262416
5262487
5262606
5262645
5262651
5262781
5262811
5262899
5263237
5263259
5263308
5263316
5263319
5263445
5263481
5263626
5263639
5263758
5263832
5263953
5264049
5264141
5264144
5264281
5264282
5264298
5264304
5264314
5264343
5264360
5264633
5264686
5264788
5264807
5264817
5264949
5265084
5265092
5265100
5265272
5265573
5265918
5265947
5265973
5266001
5266020
5266107
5266150
5266229
5266284
5266428
5266448
5266588
5266647
5266687
5266917
5267064
5267443
5267452
5267455
5267506
5267579
5267609
5267825
5267985
5268054
5268067
5268078
5268316
5268478
5268529
5268701
5268817
5269022
5269035
5269199
5269223
5269286
5269325
5269343
5269445
5269460
5269473
5269687
5269772
5269795
5270096
5270112
5270130
5270136
5270155
5270218
5270263
5270303
5270422
5270425
5270526
5270678
5270702
5270911
5270920
5270960
5271071
5271255
5271346
5271516
5271820
5271931
5272123
5272204
5272371
5272380
5272384
5272426
5272723
5272748
5272805
5272815
5272968
5272983
5273052
5273101
5273105
5273173
5273424
5273484
5273798
5273883
5273912
5274146
5274238
5274406
5274485
5274711
5274800
5274909
5275090
5275171
5275204
5275233
5275251
5275267
5275285
5275340
5275363
5275369
5275397
5275398
5275428
5275447
5275536
5275643
5275690
5275891
5275969
5276044
5276074
5276109
5276374
5276401
5276416
5276436
5276458
5276794
5276932
5276964
5277043
5277111
5277288
5277772
5277773
5277816
5277932
5278027
5278137
5278274
5278361
5278719
5278817
5278877
5278890
5279019
5279359
5279435
5279478
5279523
5279601
5279835
5279881
5279983
5280047
5280168
5280282
5280286
5280506
5280548
5280653
5280683
5280732
5281048
5281068
5281126
5281177
5281315
5281320
5281418
5281478
5281504
5281587
5281674
5282086
5282205
5282484
5282487
5282490
5282518
5282568
5282611
5282632
5282688
5282708
5282736
5282859
5282918
5282957
5282979
5283029
5283049
5283145
5283382
5283392
5283453
5283738
5284169
5284181
5284304
5284512
5284524
5284547
5284698
5284814
5285207
5285347
5285768
5285806
5285832
5285866
5285984
5285990
5286164
5286177
5286201
5286225
5286264
5286275
5286395
5286460
5286556
5286649
5286694
5286804
5287033
5287050
5287081
5287135
5287193
5287257
5287315
5287381
5287420
5287612
5287831
5287902
5287913
5288027
5288415
5288455
5288506
5288608
5288986
5289051
5289115
5289352
5289457
5289585
5289606
5289617
5289841
5289960
5290032
5290045
5290262
5290399
5290596
5290620
5290625
5290871
5290912
5290925
5290937
5291302
5291526
5291562
5291777
5291859
5291928
5291998
5292108
5292325
5292332
5292351
5292389
5292410
5292446
5292475
5292485
5292658
5292804
5292814
5292826
5292906
5292923
5292928
5292982
5293124
5293254
5293429
5293465
5293530
5293531
5293550
5293552
5293631
5294173
5294226
5294256
5294277
5294417
5294645
5294680
5294825
5294831
5294917
5294958
5295014
5295076
5295297
5295299
5295400
5295424
5295470
5295545
5295829
5296099
5296151
5296164
5296183
5296415
5296463
5296633
5296702
5296838
5296876
5296883
5297075
5297103
5297153
5297154
5297268
5297341
5297385
5297452
5297874
5297883
5297915
5298079
5298161
5298314
5298412
5298457
5298521
5298525
5298550
5298567
5298572
5298646
5298668
5298712
5298759
5298763
5298820
5298868
5298878
5298921
5298985
5299024
5299040
5299069
5299075
5299202
5299240
5299380
5299401
5299437
5299452
5299563
5299629
5299630
5299745
5299879
5299914
5299935
5299953
5299982
5300000
5300009
5300235
5300242
5300279
5300341
5300425
5300486
5300502
5300503
5300561
5300589
5300767
5300809
5301039
5301077
5301270
5301288
5301332
5301584
5301650
5301717
5301882
5301885
5301919
5301972
5301981
5302380
5302764
5302798
5302816
5302826
5302868
5302882
5303006
5303037
5303725
5303853
5303940
5303953
5303964
5303976
5304021
5304185
5304194
5304331
5304450
5304598
5304608
5304630
5304631
5304903
5305035
5305401
5305883
5305220
5305350
5305443
5305185
5305526
5305685
5305650
5305557
5305729
5305543
5305627
5305464
5305475
5305834
5305660
5304916
5305378
5305904
5306113
5306106
5306593
5306541
5306636
5306279
5306699
5306687
5306809
5306910
5307046
5306879
5307067
5307345
5307528
5307480
5307891
5307898
5307963
5308010
5308032
5307919
5307914
5307593
5308351
5307779
5307340
5308178
5308491
5308346
5308097
5308597
5308022
5308537
5308727
5308432
5308813
5308748
5308767
5308934
5308969
5308542
5309090
5309402
5308797
5309504
5309299
5309682
5309181
5309909
5310080
5310177
5309657
5310192
5310179
5310026
5310264
5309975
5309901
5310260
5310562
5310348
5310659
5310755
5310882
5310949
5310861
5310972
5311255
5311378
5311461
5311756
5311775
5311726
5311547
5311798
5311060
5311666
5311754
5310990
5311744
5310940
5312250
5311815
5312144
5312238
5312631
5312618
5312507
5312397
5312430
5312296
5312679
5313023
5313038
5313078
5312941
5313262
5313129
5313413
5313497
5313420
5313467
5313595
5313647
5313689
5313734
5313766
5313841
5314054
5313898
5313910
5314219
5314162
5314217
5312820
5314374
5314225
5314342
5314754
5314431
5314869
5314859
5315343
5315234
5315418
5315119
5315092
5314726
5315430
5315553
5315486
5315759
5315664
5316061
5315889
5316224
5316328
5316215
5316579
5316595
5316558
5317055
5317339
5316408
5317517
5317633
5317701
5317605
5318007
5318255
5318508
5318083
5318494
5318470
5318184
5318554
5318556
5318968
5319054
5319090
5319130
5319188
5319176
5319136
5319309
5319189
5319409
5319495
5319544
5319310
5319595
5319532
5319556
5320001
5319968
5320101
5320108
5320156
5320098
5320309
5320282
5320418
5320352
5320861
5320774
5320847
5320337
5321104
5321009
5321449
5321482
5321437
5321626
5321680
5321585
5321813
5321780
5321840
5321981
5322385
5322433
5322468
5322248
5322487
5322604
5322683
5322546
5322784
5322893
5323069
5323037
5323055
5322993
5323567
5323512
5323424
5323719
5324052
5323997
5324175
5323890
5324122
5324168
5324217
5324470
5324531
5324438
5324608
5324696
5324845
5324852
5324913
5325007
5324874
5324976
5325099
5325291
5325137
5325491
5325465
5325445
5325144
5325614
5325485
5325715
5325644
5325849
5325787
5325969
5326240
5326198
5326189
5326434
5326551
5326699
5326779
5326744
3634882
3634879
3634954
3634972
3635111
3635161
3660040
3660358
3659793
3660509
3635240
3660451
3635271
3660555
3660608
3660031
3660019
3660477
3660588
3659801
3660043
3660773
3687402
3687261
3705728
3705861
3687242
3660658
3705840
3705844
3687527
3706154
3705971
3687554
3706554
3706643
3706224
3706291
3706310
3706812
3706517
3706597
3725480
3706681
3757692
3725245
3758134
3758147
3758526
3758117
3758255
3758544
3757975
3758829
3758239
3781598
3781694
3758426
3781942
3782038
3781885
3758738
3781980
3781631
3811015
3811343
3811450
3867503
3867754
3811480
3868145
3867760
3868573
3868581
3868742
3868652
3867792
3868961
3868757
3869015
3868831
3869172
3869221
3868484
3869303
3869445
3869971
3869834
3870063
3869881
3870529
3870385
3870167
3870733
3925437
3870544
3925542
3925705
3870093
3925947
3926075
3926609
3869463
3926667
3926329
3926278
3926020
3927061
3927038
3926991
3927042
3926799
3926019
3927281
4013786
4013571
4014737
4014615
4013594
3927408
4013860
4014661
4014239
4015370
4015367
4015603
4015299
4016352
4016350
4074891
4050938
4016495
4016511
4075517
4317154
4075920
4317333
4317329
4317596
4430873
4430377
4317512
4050912
4431335
4050924
4506730
4527844
4528064
4527821
4506827
4528289
4527818
4528000
4528388
4529062
4528656
4506700
4432599
4529946
4530294
4530348
4506612
4618058
4618061
4617687
4530446
4618617
4638076
4639443
4638136
4639624
4638321
4639815
4702746
4639942
4639875
4702629
4618753
4703676
4832469
4832234
4830185
4862743
4833005
4832492
4863049
4927069
4832460
4863268
5011922
4927075
5133182
5013061
4926888
5134438
5132915
5134641
5012340
5305021
5307373
5135291
5133825
5135134
5327038
5326838
5326854
5327149
5327086
5326848
5327264
5327376
5327522
5327450
5327769
5327680
5327554
5327482
5327828
5327877
5327819
5327695
5328190
5328409
5328414
5328532
5328513
5328524
5328703
5328579
5328577
5328702
5328958
5328907
5329131
5329076
5329306
5329279
5329565
5329560
5329578
5330357
5330532
5330283
5329947
5330439
5330541
5330093
5329690
5330463
5329964
5330725
5330636
5330998
5331002
5331037
5331066
5331020
5331125
5330870
5330734
5330728
5330814
5331113
5331501
5331124
5330868
5331580
5331591
5331590
5331522
5331592
5331776
5331662
5331774
5331527
5331334
5331960
5332342
5331807
5331842
5332198
5331827
5332578
5332562
5332379
5332672
5332520
5331678
5332416
5332616
5332905
5332427
5332862
5332956
5332813
5332901
5332915
5333013
5332829
5332974
5333272
5333371
5333193
5333498
5333485
5332579
5333491
5333391
5333199
5333599
5333626
5333744
5333709
5333882
5333419
5333864
5333646
5334508
5334105
5333972
5334167
5334610
5334036
5334172
5334570
5334855
5334361
5334729
5334717
5334844
5334819
5333476
5335072
5334629
5335243
5335149
5334621
5335432
5335591
5334772
5335331
5335228
5335696
5335865
5335832
5336040
5336005
5336002
5336053
5336076
5335886
5336419
5336471
5336165
5336623
5335798
5336468
5336802
5336328
5336218
5336411
5336348
5337080
5337048
5337264
5337276
5336937
5336786
5337296
5337576
5337596
5337727
5337754
5337920
5338355
5337633
5337650
5338438
5338222
5338533
5338684
5338612
5338305
5338829
5338973
5338991
5338941
5338889
5338762
5339160
5339529
5339934
5339259
5339930
5339876
5339964
5339602
5339917
5339981
5340168
5340216
5340302
5340703
5340050
5340717
5340814
5340558
5340945
5340863
5341117
5341297
5340916
5341312
5341407
5341204
5341108
5341234
5341460
5340764
5340694
5341684
5340614
5341718
5341956
5341932
5342082
5341980
5342224
5342666
5342656
5342098
5342542
5342549
5342827
5342845
5343007
5341871
5343022
5342831
5343208
5342964
5343292
5343416
5343487
5343383
5343565
5343809
5343756
5343817
5343437
5343952
5343850
5344227
5344055
5344021
5344499
5344784
5344592
5344823
5344381
5344902
5344479
5350133
5344383
5344395
5344729
5350561
5350912
5351011
5350702
5350953
5351134
5350970
5351337
5350734
5351426
5351593
5351529
5351646
5351651
5351038
5351555
5351705
5351988
5352461
5351445
5352465
5352359
5352769
5352803
5352866
5351392
5352872
5352793
5352968
5353188
5353312
5353302
5353361
5353414
5353482
5353615
5353157
5353751
5353646
5353522
5353739
5353675
5354049
5353743
5353999
5353963
5353942
5353820
5354396
5354212
5353902
5354386
5354589
5354617
5354622
5354854
5354874
5354931
5354724
5355394
5355443
5355319
5355364
5355317
5355545
5354644
5355596
5354655
5355685
5355781
5355829
5354815
5355770
5355492
5356096
5356089
5356287
5356260
5356474
5356041
5356279
5356510
5356507
5355746
5356269
5356533
5356981
5356906
5356294
5357144
5357325
5357337
5357287
5357373
5357583
5357568
5357514
5357551
5357861
5357647
5357678
5357768
5357348
5358052
5358268
5358183
5358448
5358793
5358369
5358140
5359058
5359061
5358864
5358884
5359198
5358865
5358814
5359083
5359255
5359266
5358958
5359258
5359254
5359350
5359328
5359420
5359322
5358973
5359381
5359408
5359597
5359521
5359744
5359746
5359807
5360395
5360575
5360639
5360781
5360448
5360817
5360458
5360550
5361074
5361031
5360629
5361149
5361499
5361553
5361730
5361676
5361881
5362241
5362581
5362260
5362849
5362447
5363107
5362290
5363125
5362585
5363259
5363404
5363168
5363264
5363632
5363213
5363612
5363502
5363679
5363560
5363677
5363782
5364083
5364165
5363976
5364183
5364425
5364532
5364343
5364554
5364096
5364106
5364428
5364270
5369908
5369959
5369979
5369933
5370043
5370192
5369923
5370301
5370237
5370452
5370090
5370625
5370736
5370449
5370775
5370960
5370838
5370910
5371123
5371227
5371068
5370582
5371282
5371013
5371296
5371431
5375287
5375439
5375348
5371392
5375803
5375825
5375359
5375473
5375860
5375961
5375879
5376041
5375706
5376123
5375965
5376196
3629094
3629029
3628712
3628971
3629024
3628561
3628714
3635324
3629085
3628925
5376137
3635531
3635616
3635567
3628928
3635414
3635354
3635856
3635905
3635986
3635918
3635551
3649319
3649268
3635949
3661041
3660953
3649497
3661083
3661437
3661487
3661259
3661175
3677785
3677831
3677883
3677912
3677848
3677870
3688143
3688405
3662193
3688524
3688404
3688655
3688701
3688817
3688956
3688540
3688870
3688986
3688887
3706955
3707003
3706946
3707256
3688611
3707355
3707531
3707791
3707892
3724033
3707812
3707620
3724104
3689133
3724342
3707721
3724717
3725822
3725859
3725705
3726085
3726504
3725052
3725002
3726450
3725951
3726727
3759308
3759452
3759678
3759299
3727019
3759714
3782292
3811608
3811827
3841211
3841195
3841289
3759324
3841546
3841683
3841827
3841676
3841871
3841975
3841703
3841681
3841764
3842158
3842333
3842178
3842205
3842443
3842578
3842613
3842555
3842821
3842725
3842564
3842345
3842851
3842553
3843370
3843351
3843511
3842780
3843385
3843766
3844112
3844302
3843059
3844316
3845517
3844204
3842962
3871158
3933095
3927958
3871179
3871075
3933466
3933800
3933734
3934335
3934332
3934781
3933802
3934823
3934736
3934191
3934089
3934552
3935225
3935125
3935420
3935497
3935622
3933530
3935418
3936137
3936258
3937884
3938349
3937308
3938777
3938864
3938783
3938653
3938699
4016895
4016672
4016679
4016558
4017273
4017472
4018162
4018662
4018690
4017111
4018504
4016567
4018771
4019070
4019374
4017368
4018865
4019075
4019686
4019917
4019001
4019848
4020324
4020253
4020227
4019819
4051005
4020400
4020451
4051058
4051166
4051107
4020360
4051520
4052060
4051639
4076719
4076157
4076834
4076844
4077160
4076921
4076991
4077706
4078496
4078196
4078553
4077759
4078085
4078684
4078654
4076526
4078715
4078954
4078288
4079092
4080784
4081411
4081068
4079085
4081355
4079371
4080965
4323370
4323104
4324006
4082540
4324017
4324041
4432734
4432968
4432750
4433244
4434260
4434552
4434991
4435569
4436371
4435864
4435352
4436519
4530824
4436288
4436020
4531292
4530834
4587066
4619487
4619491
4529438
4619321
4619861
4620034
4619717
4620659
4620646
4620880
4618814
4641834
4640632
4619077
4641761
4704012
4704820
4704173
4640183
4704774
4704944
4704775
4704267
4704674
4704169
4705252
4705330
4731186
4705278
4731270
4757116
4791332
4791863
4791661
4863511
4731644
4791419
4866468
4866132
4928761
4929859
4929966
4929912
4931538
4928689
4931157
4933189
4933308
5136657
4730660
5136523
5136548
5136371
5136366
5136990
5136827
4928685
5138682
5136674
4932039
5315213
5312107
5315394
5315158
5314291
5371567
5371637
5371681
5371860
5371834
5371996
5372095
5137227
5321029
5372328
5372148
5372607
5372776
5372787
5372691
5372612
5372443
5372864
5373114
5373119
5373084
5373122
5372754
5372923
5373270
5373358
5373533
5373617
5373650
5373680
5373892
5373573
5373739
5373749
5374112
5373994
5374165
5374084
5374198
5374189
5374195
5374276
5374339
5374347
5374232
5374450
5374555
5374456
5374824
5374739
5374604
5374384
5374581
5374646
5374797
5375193
5376374
5375117
5376760
5376770
5376628
5375139
5376598
5376755
5376837
5376480
5377141
5377129
5376833
5377818
5377672
5377650
5376611
5377284
5377735
5377934
5377975
5377762
5378056
5377831
5377609
5377700
5378183
5377448
5378129
5378287
5378343
5378312
5378609
5378785
5378638
5378772
5378834
5378526
5378924
5378820
5378945
5378940
5379267
5379250
5378977
5379690
5379260
5379772
5379573
5380230
5380246
5379853
5380237
5380479
5380461
5380673
5380577
5380907
5380581
5380882
5381057
5380972
5381107
5380792
5381171
5381262
5381229
5381290
5381499
5381684
5381754
5381572
5381803
5381451
5381683
5381583
5381815
5381849
5381839
5381993
5382102
5382210
5382206
5382515
5382233
5382649
5382988
5382920
5382916
5383013
5383212
5383171
5382895
5383312
5383527
5383548
5383508
5383103
5383737
5383830
5383919
5383927
5384127
5383879
5384072
5383958
5384225
5384218
5384089
5384191
5384483
5384141
5384059
5384132
5384565
5384214
5384353
5384872
5384841
5384753
5384775
5384907
5385010
5385189
5385022
5385244
5385080
5384718
5384830
5385425
5385348
5385390
5385435
5384984
5385472
5385584
5385720
5385759
5385736
5385718
5385757
5385765
5385631
5386039
5385715
5385984
5386073
5386055
5386218
5386221
5386232
5386579
5386611
5386566
5386429
5386599
5386889
5386954
5387281
5387231
5387090
5386921
5387158
5386709
5387537
5387553
5387566
5387387
5387704
5387719
5387594
5387886
5387943
5387839
5387841
5387903
5387972
5387944
5387562
5387912
5388069
5388100
5387652
5388304
5388453
5388397
5388418
5388488
5388386
5393541
5393616
5388360
5393452
5393654
5388137
5393686
5393954
5393669
5393786
5394159
5394087
5394205
5394361
5394306
5388431
5394710
5394661
5394898
5394768
5394503
5395091
5395242
5395124
5395298
5395001
5395186
5394834
5395313
5395627
5395634
5395593
5395691
5395589
5395995
5396015
5396048
5395847
5395365
5396405
5396506
5396387
5396559
5396885
5396978
5397095
5397118
5397190
5397156
5397024
5397417
5397057
5397311
5397593
5397540
5397198
5396418
5397785
5397694
5397790
5397857
5397886
5397675
5397931
5398327
5398337
5398458
5398303
5398397
5398512
5398731
5398562
5398484
5398285
5398659
5398937
5398954
5399285
5398909
5399078
5399030
5399639
5399411
5398434
5399649
5399708
5399866
5399790
5399978
5399893
5399577
5399772
5400221
5400227
5400278
5400471
5400523
5400304
5400319
5400915
5400726
5400899
5400984
5400794
5401105
5400910
5401443
5401557
5401257
5401742
5401694
5401513
5402022
5402208
5402201
5402384
5402258
5402402
5402329
5402401
5402939
5402952
5402834
5402742
5401981
5402782
5403045
5403158
5403184
5402885
5403314
5402656
3629130
3629234
3629164
3629224
3649198
3636264
3649471
3649115
3649638
3650050
3649797
3649843
3649953
3650109
3650173
3662066
3662605
3662231
3662525
3662708
3661776
3662330
3662919
3662948
3662541
3662992
3663157
3662933
3663402
3663989
3662917
3688800
3663357
3663267
3663389
3688753
3688770
3689461
3689435
3708022
3689564
3689500
3689907
3708244
3708040
3708659
3708340
3727234
3708610
3727755
3727406
3726434
3727569
3727875
3727922
3727573
3727614
3729900
3760826
3760850
3760593
3761110
3761208
3761283
3782356
3761156
3689199
3761259
3783112
3727925
3783015
3783149
3783287
3783403
3783195
3783428
3783636
3783644
3783418
3783637
3784387
3784378
3812259
3811893
3783181
3812665
3782833
3812814
3811894
3813391
3813382
3813217
3813235
3813390
3813490
3813650
3813349
3814031
3814272
3815481
3813264
3814362
3813741
3813594
3813004
3844993
3845019
3845326
3845063
3845463
3845144
3845205
3846199
3845886
3845231
3846431
3845820
3845862
3845452
3846284
3870828
3846314
3871580
3872411
3872378
3872575
3872079
3872748
3872599
3872073
3873035
3872931
3873228
3846489
3873073
3872999
3873440
3873277
3873181
3873823
3873944
3874049
3874191
3873977
3874183
3874441
3874251
3874128
3874548
3874737
3874805
3874145
3874976
3874743
3874967
3874873
3875357
3875335
3874980
3875460
3874536
3875341
3875518
3875360
3874680
3875560
3873587
3875064
3875715
3875854
3875921
3875849
3875695
3875992
3936783
3875914
3970500
3948118
3970375
3970566
3970589
3970726
3971096
3970638
3971132
3971142
3972026
3972053
3971089
4052435
3971109
4053129
4052628
4053554
4053006
3971204
4053547
4052937
4053692
4054302
4053674
4054900
4054898
4054965
4054570
4056924
4056995
4077262
4077409
4077252
4056792
4057035
4077256
4056929
4077497
4077902
4056997
4079476
4077821
4079674
4079581
4080239
4080243
4080405
4080022
4080353
4080301
4081797
4081936
4080412
4081499
4079569
4081934
4082010
4082090
4080473
4082434
4082839
4083121
4083338
4083306
4082766
4083048
4083358
4324184
4080460
4324359
4324290
4324266
4329938
4329941
4335601
4329937
4335599
4336067
4329935
4403994
4464152
4532233
4532448
4532200
4532257
4464357
4532935
4532885
4532199
4464249
4533122
4533208
4533517
4533138
4533774
4533717
4533824
4587164
4533972
4587143
4587652
4587749
4587637
4588473
4588854
4588161
4588616
4589287
4589530
4589257
4588868
4589235
4589902
4704300
4704320
4640808
4706004
4706980
4756300
4705821
4758159
4757301
4708406
4757978
4758280
4641568
4864531
4865006
4708715
4870870
4873589
5018494
4872080
5019809
5138847
5020827
5140005
5019610
5019790
5140211
4873219
5018503
5141488
5316249
5322377
5140873
5327468
5324955
5327464
5388672
5388841
5389048
5389190
5389321
5389363
5389468
5389710
5389284
5389872
5389888
5390023
5390146
5389737
5389636
5390229
5390172
5390177
5390198
5389832
5390266
5390556
5390746
5390790
5390880
5391100
5391011
5390951
5391084
5391277
5391236
5391050
5391101
5390913
5391642
5391657
5391366
5391617
5391653
5391663
5391741
5391782
5391488
5391815
5391909
5391931
5392018
5392329
5391729
5392061
5392419
5392513
5392503
5391865
5392559
5391923
5392888
5392824
5392742
5392953
5392864
5393030
5392978
5393020
5393151
5393345
5393365
5393387
5403722
5403836
5404008
5403959
5404338
5404185
5404264
5404076
5404265
5404158
5404378
5404631
5404729
5404736
5405113
5405199
5405282
5404767
5405319
5404907
5405338
5405519
5405252
5405504
5405544
5404851
5405424
5405948
5405816
5404864
5406041
5406286
5406145
5406021
5406424
5406483
5406590
5406791
5406919
5405629
5407110
5406956
5406342
5406707
5406614
5407107
5407201
5407347
5407748
5407766
5407828
5407986
5408118
5408165
5407945
5408209
5408272
5408420
5408309
5408449
5408340
5408566
5408572
5408437
5408208
5408706
5408830
5408820
5408990
5409076
5409346
5409232
5409400
5409496
5409442
5409344
5409547
5409659
5409811
5409758
5409546
5409827
5409670
5409123
5409552
5409389
5408784
5409812
5409452
5409954
5409851
5409945
5410170
5410011
5410249
5410212
5410291
5410375
5410344
5410372
5410657
5410706
5410746
5410840
5410873
5410277
5410922
5410740
5411033
5411072
5411127
5411134
5411400
5411066
5411414
5411967
5412046
5411961
5412218
5412188
5412285
5412241
5412374
5412514
5412461
5412334
5412724
5412785
5412895
5412575
5413350
5412966
5413163
5413356
5413470
5413333
5413585
5413958
5414031
5414042
5414385
5413910
5414426
5414575
5414278
5415138
5415512
5415659
5415401
5415570
5415763
5415873
5415844
5416133
5416008
5416325
5416045
5415903
5416200
5415708
5416484
5416193
5416412
5417008
5417044
5417214
5417190
5417272
5416999
5417463
5416966
5417206
5417696
5417701
5417622
5417835
5417932
5418024
5417792
5418043
5418306
5418311
5418342
5418435
5418776
5418860
5418755
5418855
5419023
5419013
5419205
5419198
5419183
5419374
5418940
5419276
5419516
5419332
5419646
5419993
5419941
5420123
5419977
5420136
5420124
5420689
5420621
5420822
5420931
5420751
5420841
5421186
5420758
5421309
5421340
5420951
5421470
5421387
5420940
5420724
5421508
5421592
5421681
5421644
5421642
5421717
5421456
5421411
5422013
5422135
5422185
5422021
5422189
5422283
5422297
5422373
5422448
5422776
5422006
5422744
5422850
5422962
5422913
5422561
5423080
5422842
5422924
5423319
5423400
5423345
5422788
5436799
5436671
5437185
5437160
5436898
5437456
5437375
5437393
5437600
5437406
5487501
5482493
5487506
3636618
3636539
3636332
3636375
3636459
3629399
3637593
3637906
3637769
3663474
3663706
3663488
3664072
3663576
3664030
3664239
3663858
3664288
3664106
3664290
3664926
3664663
3665117
3690106
3664205
3690123
3690081
3664974
3690959
3690650
3690431
3690300
3690995
3690996
3728129
3728217
3728319
3728122
3728478
3729260
3728594
3729161
3729150
3729768
3730571
3730587
3730294
3730651
3730878
3729811
3730855
3730179
3761503
3761604
3730348
3761598
3761667
3761589
3761756
3762041
3762044
3762355
3761816
3762201
3761817
3761590
3761743
3761726
3783830
3761818
3762405
3784177
3784217
3783959
3784696
3784714
3785589
3785547
3785141
3814444
3785741
3814562
3814914
3814949
3815111
3815364
3815345
3815704
3816032
3815699
3816080
3847018
3815591
3847100
3847534
3847542
3847736
3816119
3876043
3847833
3847836
3847952
3847563
3876053
3847432
3846766
3876449
3876237
3876460
3876234
3876559
3876450
3876062
3876703
3847701
3876692
3876114
3876739
3876424
3877963
3877980
3876886
3846878
3877946
3878203
3878609
3878578
3877888
3878067
3878234
3878072
3940712
3940416
3941098
3940635
3940707
3941212
3878788
3946722
3941122
3878218
3946919
3946999
3947240
3947385
3947526
3947906
3947111
3948033
3948974
3948918
3949044
3949678
3948820
3949890
3947117
3947604
3948911
3950268
3950142
3949906
3949967
3951262
3950265
3972488
3970962
3950289
3972478
3972511
3972762
3972856
3973739
3972991
3973996
3974229
3974172
3973673
3974298
4021064
3974345
4020668
3974419
4020507
4020541
3973645
3972693
4021129
4020679
4054731
4021253
4056191
4055145
4084033
4056599
4083967
4084038
4021245
4083772
4056859
4083965
4085330
4085416
4084087
4085710
4085300
4084453
4085178
4055783
4085786
4086757
4086580
4086381
4336662
4402123
4403236
4402748
4402819
4403573
4403446
4507025
4507017
4466984
4507963
4403755
4465447
4507981
4465192
4403685
4507098
4402788
4508687
4508912
4508338
4402836
4509040
4509082
4508467
4509293
4509590
4509600
4509101
4509533
4534377
4509726
4566967
4567290
4567292
4567061
4567141
4567401
4567338
4567517
4568068
4589925
4622044
4621457
4622065
4568861
4708367
4590028
4642166
4710117
4708984
4710053
4710596
4710077
4709150
4710690
4710680
4708327
4710728
4710098
4711386
4710593
4711442
4711684
4711165
4710791
4711665
4712289
4711238
4712928
4712929
4732147
4566948
4623231
4712302
4732974
4758770
4713485
4712888
4712669
4793441
4793712
4793521
4792532
4794258
5022618
4732194
5023606
5143101
4874830
5147282
5020078
5149329
5150823
5329850
5147279
5330050
5333669
5333559
5333605
5335946
5423568
5423678
4936748
5423690
5423715
5149768
5423760
5423742
5424474
5424785
5425079
5425170
5425298
5425279
5425352
5425418
5425310
5425283
5425766
5425619
5425831
5425617
5425431
5426233
5426203
5426260
5425946
5426371
5426622
5426463
5426480
5426619
5426531
5426597
5426552
5426897
5426390
5426786
5426716
5426657
5426536
5426578
5426880
5426939
5427305
5426596
5427324
5427518
5427718
5427650
5427615
5427659
5427860
5427903
5428177
5428346
5428319
5428122
5428460
5428057
5428341
5428347
5428530
5428490
5428278
5427545
5428364
5428484
5428354
5428444
5428578
5428588
5428630
5428656
5428695
5428756
5428526
5428739
5429098
5429035
5429234
5429274
5429020
5429047
5429527
5429349
5429709
5429657
5429316
5429802
5429951
5430006
5429600
5429979
5430135
5430329
5430007
5430411
5430353
5430345
5429986
5430642
5430553
5430314
5430653
5430804
5430657
5430919
5430825
5430799
5430741
5431112
5430687
5431509
5431445
5431665
5431622
5431089
5431709
5431629
5431817
5431925
5432076
5431952
5431701
5432197
5432119
5432294
5432510
5432494
5432020
5432264
5431878
5432630
5432890
5432953
5432861
5432040
5433312
5433340
5433061
5433668
5433502
5433597
5433771
5433847
5433733
5433745
5434095
5434204
5434309
5434004
5434215
5434303
5434563
5434403
5434458
5434657
5434990
5434987
5434173
5435022
5434926
5435190
5435278
5435252
5435300
5435411
5435369
5435566
5435480
5435147
5435279
5435685
5435896
5435827
5435673
5435999
5436094
5436089
5436123
5436050
5436021
5441122
5441133
5441155
5441232
5441343
5441411
5441650
5441787
5441808
5441516
5441940
5441326
5442032
5441991
5442191
5441997
5442067
5442261
5442567
5442642
5442005
5442910
5442722
5442847
5442732
5442630
5442713
5442177
5443038
5443025
5442920
5442295
5443184
5443164
5443239
5443247
5442771
5443288
5443307
5443400
5443512
5443541
5443710
5443928
5443575
5444216
5444539
5444145
5444642
5444208
5444705
5444973
5444710
5444337
5444879
5445374
5444589
5444841
5445207
5445387
5445055
5445789
5445811
5446125
5445845
5445983
5446024
5445675
5445798
5445561
5446049
5446212
5445842
5446153
5446410
5445965
5446458
5446629
5446639
5446395
5446807
5446999
5447154
5447194
5446876
5446942
5446896
5447266
5447252
5447032
5446795
5447087
5447274
5447134
5447525
5447630
5447979
5447786
5448023
5447677
5447815
5447718
5447726
5448152
5447836
5448237
5448379
5448412
5448407
5448552
5448612
5448886
5448803
5448726
5448970
5448881
5449253
5449268
5448902
5448973
5449282
5448964
5449342
5449019
5449075
5448736
5449290
5449600
5449396
5449868
5449884
5449859
5449982
5449546
5449832
5450011
5450246
5449902
5450226
5450335
5450489
5450496
5450743
5450771
5450872
5450615
5449613
5449848
5451220
5451059
5451410
5451388
5451344
5451507
5450748
5451695
5451766
5451883
5451023
5451906
5451498
5451547
5452204
5452257
5452332
5452412
5452287
5452441
5452539
5452637
5452751
5452760
5452827
5452846
5452803
5452988
5516248
3624020
5506590
3636964
3636963
3637153
3638026
3639421
3650325
3650340
3650654
3650591
3664521
3665175
3665132
3665505
3665176
3665221
3665502
3665603
3665620
3665887
3666292
3665799
3690741
3691214
3666368
3691394
3690872
3690861
3691768
3691798
3708724
3691941
3709080
3708803
3708994
3709139
3709119
3709455
3708874
3709409
3709501
3709198
3731080
3709681
3731647
3709416
3708933
3762784
3762740
3762612
3762719
3761422
3761475
3762944
3762885
3763341
3763111
3763137
3763140
3763229
3763092
3763313
3764073
3764121
3764119
3764162
3784886
3764182
3763498
3784861
3764156
3764185
3786586
3786161
3786637
3785991
3786281
3787023
3786859
3787004
3787052
3786751
3786709
3802211
3816400
3816579
3816301
3816653
3816375
3816893
3816599
3816822
3816887
3817251
3817209
3817091
3817335
3849176
3877196
3877342
3877409
3877366
3878976
3876990
3879177
3877147
3879168
3879456
3879358
3879471
3879301
3880401
3880998
3950450
3879402
3950791
3880974
3950814
3950842
3951742
3950423
3974850
3950908
3975490
3951319
3975560
3974703
3880727
3975297
3975868
3975282
3975893
3975516
4021680
4021664
3975856
4021769
4021899
4022020
4022023
4022939
4022906
4022518
4021403
4023129
4023023
4022689
4023052
4024439
4024028
4023785
4057979
4025684
4025744
4086223
4057986
4086075
4086675
4086275
4025599
4086608
4087516
4087756
4087852
4023808
4087735
4088261
4088074
4088687
4088826
4088808
4088773
4404365
4404722
4402406
4402396
4436590
4404475
4436732
4464505
4436897
4466116
4464653
4024232
4436827
4465613
4466764
4467188
4466105
4467212
4466348
4436907
4467572
4467652
4468145
4468525
4468493
4467781
4467909
4467720
4468566
4468707
4468010
4468834
4469029
4469131
4469525
4469543
4469768
4469926
4469701
4506921
4469667
4470622
4469351
4506838
4534069
4534458
4534660
4468996
4534622
4534470
4535562
4535146
4535559
4536157
4536212
4536680
4536802
4536291
4536755
4537275
4569430
4536363
4569548
4569701
4569681
4535156
4536942
4623206
4569818
4569566
4623310
4569446
4623406
4712360
4712718
4624523
4712902
4713996
4714543
4714461
4714544
4714666
4733122
4760296
4734224
4761662
4760322
4795378
4733174
4624843
4761318
4761060
4796697
4797324
4797728
4797616
4797404
4797590
4799540
4799260
4836003
4836208
4875103
4937208
4938908
5024448
5023837
4875098
4939109
5027159
5026419
5151278
5025949
5150754
5152011
4938783
5153323
5345150
5344949
5152209
5344982
5345169
5025541
5342127
5344988
5345183
5345336
5345084
5345417
5345572
5345491
5345640
5345663
5345006
5345367
5345875
5345824
5345948
5346305
5346347
5345560
5346181
5346459
5346512
5346877
5346404
5346925
5346895
5346810
5347065
5346632
5347240
5347093
5347407
5347259
5347226
5347011
5347626
5347475
5347653
5347842
5347868
5347730
5347878
5348069
5346996
5348345
5348281
5348161
5348242
5348506
5348550
5348547
5348757
5348232
5348413
5349025
5349342
5349370
5349330
5349461
5349187
5349562
5349620
5349804
5437734
5349479
5437818
5437854
5437891
5437821
5349245
5438005
5349594
5437804
5438125
5438035
5438227
5438248
5438577
5438600
5438355
5438538
5438655
5438690
5438900
5439062
5439222
5438142
5439441
5439873
5439875
5439678
5440250
5440144
5439982
5440193
5438968
5440413
5440488
5440457
5440636
5440471
5441020
5440970
5453082
5441063
5441103
5453206
5441009
5453350
5453307
5453449
5453423
5453534
5453628
5453733
5453462
5453672
5454056
5454245
5454246
5453882
5454240
5454324
5454539
5454653
5454821
5454749
5454764
5454544
5454696
5454884
5455126
5455407
5455034
5455519
5455387
5455609
5455562
5455697
5455190
5455658
5455713
5455618
5455902
5455916
5455814
5455999
5455752
5456142
5456216
5456120
5456253
5455997
5455959
5456291
5455602
5456756
5456625
5456963
5457058
5456808
5457511
5457035
5457585
5457622
5457695
5457720
5457717
5458010
5458109
5458481
5458297
5458650
5458647
5458563
5458525
5458359
5459294
5459335
5459252
5459201
5459576
5459694
5460169
5459954
5460145
5460244
5460484
5460798
5460754
5460273
5460979
5461097
5461136
5461150
5461392
5460090
5461191
5461463
5461656
5461646
5461695
5461881
5461896
5461674
5462170
5462407
5462333
5462521
5462475
5462408
5462342
5462624
5462629
5462467
5462714
5462569
5462135
5463001
5462930
5462922
5463027
5462830
5463083
5463159
5462997
5463046
5463047
5463307
5463383
5462380
5463535
5463601
5463729
5463642
5463649
5463656
5463755
5463833
5463519
5463821
5463724
5464240
5464255
5464169
5464163
5464307
5464556
5464810
5464579
5464733
5464917
5465174
5464807
5465238
5465196
5465267
5465294
5465272
5465248
5465247
5465330
5465841
5465380
5466070
5466028
5475523
5475394
5475539
5475668
5475880
5475963
5475933
5475949
5476231
5476253
5476244
5476330
5476538
5476733
5476805
5477028
5476821
5477363
5477196
5477164
5477381
5477355
5477548
5477511
5477322
5477709
5477879
5477940
5478187
5478100
5478332
5478505
5478565
5478210
5478624
5478747
5478031
5478653
5478904
5478732
5479001
5478852
5479108
5478989
5479037
5479295
5479404
5479436
3629652
5491183
5479468
3638326
5522221
3638647
3638400
3639124
3639409
3666376
3638839
3666819
3666660
3666940
3639170
3667240
3638314
3667289
3667390
3677967
3667604
3667298
3667248
3639012
3692263
3692445
3692684
3692847
3693204
3693193
3710678
3710588
3731946
3732061
3710673
3732103
3732309
3710296
3732465
3732592
3732630
3732454
3732120
3763747
3764789
3765761
3765029
3765782
3732823
3765900
3766450
3767605
3765130
3767774
3767715
3768531
3768696
3787704
3768250
3787557
3787829
3787772
3788030
3787975
3788269
3788381
3788343
3817956
3817939
3817948
3818145
3818724
3817949
3818744
3787430
3819190
3819256
3819109
3818897
3819338
3819367
3818305
3819456
3819420
3819593
3848032
3819678
3848074
3848522
3848722
3848599
3849346
3849353
3848916
3848511
3848638
3849311
3880321
3881093
3881171
3880179
3880228
3881475
3881455
3881979
3881941
3882082
3849266
3882425
3881459
3882376
3881135
3882592
3882479
3883058
3883019
3883062
3883119
3882829
3951369
3951149
3951513
3951768
3951201
3951893
3952153
3951196
3952237
3976213
3976133
3976452
3977152
3976928
3976875
3952008
3977379
4024828
4026433
4026412
4057097
4057156
4026436
4057912
4057803
4026615
4057652
4059033
4059079
4059292
4057669
4059399
4059359
4089818
4112224
4113919
4113391
4090065
4059293
4113478
4114540
4114062
4405481
4405486
4406098
4405813
4406355
4405961
4405797
4405983
4436969
4406373
4437718
4437379
4470040
4437850
4470248
4437874
4470086
4470853
4471603
4471394
4471206
4470814
4471400
4437095
4509937
4471615
4510364
4537605
4537736
4510197
4510439
4538664
4539017
4470700
4570009
4569997
4591371
4538724
4592117
4592332
4592475
4591716
4592374
4624655
4592481
4624822
4592270
4625635
4642415
4625688
4625459
4733878
4734243
4625725
4735197
4734666
4762037
4839113
4839019
4839205
4839018
4836379
4839221
4940000
4839529
5029730
4942668
4836374
4839437
4839440
4878154
5029834
4942664
4878110
5034574
5034571
5032291
5034630
5156201
5155583
5155625
5156273
5157330
5157378
4878153
5466461
5466583
5466863
5467006
5467321
5467291
5466845
5466895
5467405
5467410
5467281
5467476
5467383
5467202
5467676
5467609
5467839
5468213
5468234
5468381
5468415
5468143
5468332
5468202
5468473
5468834
5468540
5468707
5468958
5468717
5469085
5468733
5469190
5469547
5468885
5469354
5469794
5469615
5469736
5469626
5469956
5469914
5469753
5469760
5470179
5470164
5470062
5470057
5470047
5470914
5470605
5470621
5471073
5470776
5471169
5471201
5471091
5471139
5471161
5471529
5471286
5471572
5471198
5471634
5471488
5471652
5471961
5471951
5472061
5471925
5472044
5471377
5472154
5472273
5472269
5472418
5472286
5472487
5472679
5472481
5472800
5472277
5472761
5472634
5472860
5472981
5472833
5473437
5473228
5473544
5473737
5473776
5473861
5472949
5474200
5474236
5474727
5474670
5474731
5474789
5474679
5474775
5474957
5474709
5474876
5473253
5475099
5475153
5475289
5475103
5474998
5475293
5475252
5475324
5479806
5480032
5475305
5479868
5479986
5480356
5480288
5480511
5480390
5480503
5480707
5480451
5480668
5480806
5480600
5480965
5480891
5481113
5481086
5480813
5481253
5481292
5481356
5481239
5481846
5481659
5481917
5481725
5482169
5482161
5482363
5482054
5482634
5482643
5482683
5482729
5482804
5483032
5483212
5483297
5482914
5483195
5483002
5482033
5483433
5483432
5483559
5483528
5483479
5483758
5483756
5483775
5483864
5483886
5483977
5483951
5483630
5483830
5484383
5483925
5483667
5484340
5484396
5484492
5484518
5484620
5484761
5484706
5484806
5484684
5484867
5484986
5485194
5485034
5484040
5485268
5485336
5485528
5485678
5486315
5486379
5486229
5486101
5486700
5486546
5486232
5486632
5486745
5486607
5486989
5486849
5486740
5486916
5486023
5487082
5487097
5487227
5487438
5487371
5487516
5486948
5487809
5487678
5488054
5488006
5488011
5488086
5488082
5487645
5487814
5488403
5488134
5488378
5488160
5488429
5488498
5488623
5488229
5488749
5488822
5488859
5488733
5489130
5488742
5488766
5489380
5489034
5489502
5489487
5489162
5489528
5489630
5489615
5489635
5489722
5489780
5489540
5489823
5489854
5489803
5489788
5489724
5490248
5490226
5490545
5490321
5490500
5490291
5490777
5490787
5490615
5490315
5490848
5490806
5490894
5490994
5490743
5490947
5491266
5491267
5491007
5491057
5491222
5491490
5491582
5491825
5491884
5491653
5492127
5492186
5491913
5490549
5492252
5492427
5491931
5492388
5491975
5492451
5492075
5492630
5492306
5492739
5492864
5492838
5492926
5492911
5493032
5492748
5492936
5493162
5493079
5493056
5493334
5493388
5496777
5493611
5493614
5496834
5497000
5497172
5497227
5496981
5497182
5497298
5497331
5497347
5496740
5497269
5497491
5497656
5497624
5497715
5497578
5497924
5498163
5498350
5498168
5497741
5498070
5498448
5498253
5498688
5498575
5498853
5498891
5498911
5498807
5499153
5499187
5499183
5499300
5499342
5499402
5499521
5499467
5499612
5499690
5499769
5499811
5499871
5499973
5500135
5499655
5500219
5500314
5500287
5500302
5500436
5500483
5500457
5500070
5535066
5500466
5500868
3639309
3639287
3639969
3640498
3639921
3639449
3651008
3650966
3639926
3651016
3640491
3667877
3651293
3651561
3667884
3651541
3667762
3678435
3678589
3678523
3678309
3651466
3678511
3678914
3678818
3693599
3693407
3694010
3694087
3694024
3693849
3694033
3693852
3694059
3693613
3694412
3733154
3733238
3733173
3733170
3710697
3733296
3733258
3733637
3733965
3765410
3765493
3767509
3767389
3788546
3788631
3788671
3788750
3818556
3788644
3790377
3788583
3790407
3790525
3820017
3820062
3820188
3820085
3820525
3820706
3821290
3821350
3821333
3821177
3820393
3821330
3820694
3821707
3821391
3822059
3821785
3821625
3822413
3822681
3822717
3822477
3822647
3822835
3823038
3822428
3849520
3850035
3849937
3849919
3822932
3850194
3850044
3850344
3850089
3850058
3850056
3850104
3883813
3883830
3884286
3884775
3884854
3883951
3884848
3849915
3883790
3884205
3885134
3885425
3885227
3849652
3885713
3885767
3886050
3885697
3886069
3886156
3885205
3885030
3886988
3886599
3886924
3886588
3952403
3887150
3952581
3952346
3885859
3952728
3954069
3953979
3954085
3954121
3954371
3954388
3885041
3954068
3978088
3978153
4028408
4027937
4029032
4029060
4029154
4031440
4030501
4030131
4059727
4060143
4060246
4090278
4090445
4060214
4090687
4059971
4091681
4090292
4092064
4090153
4093192
4092246
4091792
4092303
4113051
4091639
4115446
4112962
4113213
4406656
4406853
4406768
4412025
4406627
4413204
4414314
4414313
4414654
4413130
4414568
4415295
4415083
4439408
4439149
4439462
4438855
4438866
4472661
4472208
4472044
4473371
4473705
4539587
4539507
4473268
4539914
4539984
4540424
4540216
4540366
4539836
4539700
4540774
4540023
4540294
4539637
4540808
4570776
4571160
4571079
4571001
4571275
4571084
4591028
4571360
4591507
4570986
4571234
4591038
4593346
4591511
4593517
4642205
4649045
4648958
4649116
4649029
4648843
4715213
4571059
4649232
4715343
4735675
4648780
4648830
4735944
4736028
4735880
4735898
4762980
4764154
4735878
4736534
4838973
4879540
4879556
4880010
4882992
4838808
4882466
4883237
4883274
4945148
4945563
4881103
5036101
5036657
5037425
5038739
5038368
5039172
5164604
5038162
5165483
5165469
5163178
5493793
5494270
5493880
5494133
5494577
5494279
5494362
5494555
5494534
5494606
5494635
5494540
5494792
5494624
5494892
5494933
5494766
5494772
5495092
5495178
5495324
5495498
5495532
5495511
5495821
5495654
5495590
5495530
5496161
5496203
5495824
5496499
5496234
5495962
5496453
5496285
5501141
5501012
5500997
5501465
5501308
5495837
5501376
5496630
5501862
5501759
5501763
5501788
5501799
5501965
5502360
5501974
5502231
5502340
5502511
5501901
5502588
5502473
5502621
5502779
5502563
5502764
5502939
5502218
5502529
5502275
5502850
5503015
5502963
5502715
5503018
5503182
5503142
5503124
5503024
5503232
5503167
5503164
5503168
5503211
5503091
5503072
5503545
5503495
5503356
5503513
5503669
5503162
5503555
5503610
5502978
5503778
5503870
5503853
5503729
5504026
5503876
5503800
5503888
5503945
5504157
5504102
5504114
5504058
5504186
5504384
5504156
5504265
5504316
5504995
5504822
5505104
5504975
5505037
5504256
5505033
5504318
5505149
5504351
5505203
5505100
5505332
5504924
5504943
5505070
5506277
5506335
5506013
5506160
5506109
5506500
5506745
5506477
5506839
5506709
5506903
5506781
5507104
5506919
5506950
5507146
5507299
5506786
5507606
5507518
5507607
5507897
5507733
5507453
5508262
5508232
5508363
5508625
5508823
5508810
5508954
5508914
5508778
5509173
5509125
5509109
5508676
5509084
5509122
5509213
5509573
5509384
5509322
5509624
5509332
5509568
5509299
5509675
5509648
5509604
5509852
5510092
5510073
5510358
5510219
5510276
5509841
5510662
5509969
5510440
5510220
5510605
5511089
5510992
5511549
5511504
5511543
5511662
5511778
5511770
5511831
5511911
5511910
5512461
5512183
5512404
5512253
5512328
5512800
5512641
5512737
5512739
5512970
5513017
5512877
5513159
5513104
5512549
5513252
5513539
5513547
5513737
5513746
5513376
5513584
5513603
5513898
5513812
5513925
5514097
5513889
5513956
5514477
5514810
5514850
5514952
5515109
5514760
5514985
5515258
5515344
5515233
5515292
5515546
5515570
5515483
5515650
5515633
5515635
5515322
5515679
5515772
5515865
5515613
5515615
5516094
5516127
5516130
5516203
5516307
5516404
5515936
5515991
5516019
5516506
5516648
5516454
5516948
5516870
5517002
5516963
5517071
5517264
5517342
5517596
5517735
5517520
5517763
5517959
5518022
5517834
5518458
5518257
5518557
5518026
5518607
5518464
5518786
5518838
5518935
5518736
5518776
5518772
5524720
5524737
5518913
5524900
5525024
5525137
5525164
5525323
5525179
5525620
5525177
5525342
5525397
5525611
5525743
5525322
5525719
5525673
5525498
5525731
5525887
5526009
5525814
5526133
5525996
5526096
5526235
5526519
5526155
5526301
5526200
5527065
5526929
5526802
5527312
5527345
5527591
5527535
5527632
5527631
5528030
5528015
5528203
5528129
5528144
5528025
5528327
5528447
5528003
5528787
5528941
5529042
5528906
5529045
5529412
5529699
5529792
5529936
5530057
5530280
5530382
5530489
5530636
5530679
5530704
5530290
5530764
5530707
5530607
5536698
5530877
3622380
5530747
3622341
3624229
3629946
3629848
3629881
3630274
3640166
3640162
3630309
3629875
3640188
3629959
3640709
3640888
3640952
3640979
3629908
3641150
3641174
3640868
3641532
3641435
3641710
3641685
3641967
3640785
3641425
3668031
3679307
3679304
3641919
3679363
3694726
3694152
3694842
3695431
3668018
3695445
3695258
3695275
3695459
3695495
3711008
3711028
3711523
3711018
3711184
3711623
3711886
3712327
3712113
3712283
3712059
3712581
3711952
3712653
3734212
3734944
3712419
3734763
3734909
3712848
3735245
3735105
3735493
3735470
3735418
3735551
3735971
3736649
3735554
3789224
3788956
3789170
3789176
3789185
3789169
3789498
3789526
3789819
3789973
3789812
3789820
3790159
3736329
3789474
3790186
3789182
3790175
3790283
3790024
3789778
3790265
3790760
3790693
3790629
3791051
3790712
3790887
3791209
3791237
3791432
3791409
3790136
3791481
3791924
3791680
3791901
3791706
3791634
3791917
3791929
3791992
3791501
3823389
3792343
3823420
3823724
3791816
3823459
3823806
3823723
3823865
3850608
3850535
3850498
3823854
3850806
3851459
3851466
3851507
3850547
3851494
3851790
3851913
3851550
3851302
3823916
3850625
3888156
3888450
3888371
3889180
3889223
3889385
3888674
3953108
3952809
3952885
3952920
3953538
3953506
3889568
3792156
3953424
3953720
3889623
3954936
3955093
3954794
3954827
3978178
3888874
3979100
3978000
3979698
3978702
3980164
3979739
3955566
3980550
4029447
3980643
4029611
4031656
4029442
4031929
4032051
4032563
4032623
4033641
4033584
4093929
4093700
4093930
4032100
4092854
4093977
4093491
4033858
4094047
4116765
4117628
4417386
4416549
4417668
4438156
4418065
4416229
4416288
4417772
4439570
4439625
4418185
4439534
4440119
4417948
4440023
4440010
4440035
4440367
4570090
4439680
4440402
4440249
4570478
4570723
4570569
4570634
4440366
4571849
4573179
4573645
4573632
4571922
4573600
4593825
4593718
4570294
4594192
4649721
4594922
4649352
4594611
4650300
4573635
4595341
4650272
4651285
4651124
4651464
4651250
4651734
4651337
4574027
4651986
4651571
4651695
4651653
4653241
4653431
4653314
4651674
4653344
4653940
4653944
4764988
4654047
4653627
4764927
4763765
4764742
4765015
4840609
4764796
4884487
4884408
4944763
4883863
4944833
4946174
4945804
5039781
4946347
5169091
5169163
5169609
5170345
5519046
4885710
5519320
5519256
5519403
5169963
5519765
5519646
5519788
5169679
5520190
5520125
5520235
5520362
5520446
5520134
5520612
5520604
5520317
5520814
5520923
5520977
5521306
5521419
5521385
5521377
5521200
5521496
5521723
5521531
5521254
5521693
5521711
5521910
5521818
5521402
5521687
5522026
5521933
5522030
5522577
5522144
5522363
5522499
5522383
5522703
5522746
5522911
5523252
5523267
5523249
5523451
5523559
5522823
5522997
5523798
5523770
5523877
5523769
5524007
5524325
5523473
5530977
5524250
5531037
5531221
5531238
5531263
5531139
5531343
5531163
5531048
5531442
5531438
5531446
5531506
5531332
5531514
5531905
5532071
5532329
5532515
5532275
5532590
5532821
5532498
5532475
5532794
5532786
5532870
5533481
5533460
5533493
5533251
5533464
5533585
5533792
5533910
5533942
5533854
5533814
5534156
5533922
5534186
5534108
5534101
5533959
5533716
5534349
5534364
5534458
5534436
5534753
5534796
5534854
5534776
5534846
5534923
5534954
5534963
5535136
5535268
5535432
5535244
5535539
5535769
5535472
5535647
5535730
5535716
5535870
5535901
5536009
5535917
5535812
5536065
5536249
5536211
5536173
5536275
5536418
5536538
5536516
5536150
5536588
5536610
5536653
5536585
5536953
5536330
5536600
5536961
5537138
5537176
5537258
5537182
5537475
5537418
5537559
5536603
5537648
5537392
5537473
5537762
5537989
5537804
5537793
5538165
5538024
5538053
5538042
5538464
5538162
5538193
5538354
5538443
5538433
5538154
5538784
5538693
5538382
5538801
5539075
5538968
5538948
5538899
5537061
5539032
5539163
5539178
5539265
5539698
5539403
5539583
5539793
5539904
5539944
5540130
5540339
5540348
5540254
5540574
5540601
5540078
5540216
5540843
5540274
5540674
5541254
5541614
5541640
5541700
5541761
5542011
5542052
5542140
5542262
5542224
5542229
5542328
5542312
5542105
5542561
5542125
5542696
5542722
5542572
5542867
5542861
5542880
5542902
5543275
5543179
5543224
5543212
5543625
5543848
5543832
5543517
5543968
5543953
5543907
5543575
5543959
5544004
5544124
5543750
5544188
5544042
5544605
5544727
5544584
5544657
5544696
5544633
5544782
5545089
5545070
5547493
5544905
5545093
5547498
5547862
5547803
5545186
5547984
5548369
5548581
5547872
5548827
5548465
5548362
5548898
5548674
5548590
5549064
5549076
5549268
5548802
5549196
5549413
5549162
5549517
5550059
5550153
5550267
5550268
5549362
5550271
5550389
5550503
5550594
5550737
5551024
5551069
5551000
5551020
5551059
5551036
5551441
5551617
5551567
5551645
5551642
5552056
5552025
5552328
5552377
5552180
5552105
5552301
5552011
5551602
5552329
5552662
5552197
5552690
5552740
5552829
5553176
5553233
5553269
5553532
5553591
5553566
5553543
5553820
5554177
5553331
5553641
5553305
5554166
5554255
5554122
5553979
5554436
5554498
5554583
5554569
3622494
3622426
3622487
3624578
3624584
3624626
3624770
5554603
3642038
3642261
3642233
3642227
3642071
3651509
3651476
3652320
3651830
3651608
3652685
3653026
3652410
3652780
3652976
3653082
3653236
3654071
3653227
3668319
3679632
3653191
3679715
3668421
3668496
3679631
3652572
3668264
3679863
3652838
3679489
3668478
3679876
3679873
3680159
3680133
3679821
3680241
3680251
3695774
3695637
3695823
3696578
3712739
3696279
3712821
3713111
3713126
3696250
3713149
3713185
3713217
3736143
3736203
3736139
3736707
3736684
3736774
3736788
3737325
3736150
3737383
3737586
3737417
3737923
3737946
3736777
3738164
3738343
3739431
3768916
3766503
3792261
3792393
3792078
3792474
3792716
3792696
3793103
3792072
3793319
3792963
3792204
3766500
3792968
3793507
3793632
3793880
3793722
3793871
3793552
3794075
3793540
3794013
3793914
3794177
3794379
3794473
3794050
3795615
3795703
3794524
3794052
3794936
3796074
3795875
3794741
3795856
3795758
3796168
3796170
3794633
3796332
3796451
3796247
3796640
3796778
3796587
3796688
3796562
3824541
3824651
3797095
3797027
3824978
3852137
3852080
3852786
3852686
3853039
3852945
3853308
3852763
3852556
3853449
3853143
3852728
3853144
3852546
3854671
3887353
3853809
3887368
3853853
3887552
3887387
3887999
3887866
3887918
3889927
3887637
3890148
3890265
3890012
3955403
3955181
3981239
3955412
3889973
3981900
3982140
3982584
3982451
3983052
3983447
3983568
3983961
3984222
3984080
3983959
3984212
3985273
3984259
3985389
3984255
3985444
3983796
3985495
3985987
4034257
3985941
3985805
3985395
3984053
4060668
4060783
4060915
4060956
4061232
4061178
4060312
4061364
4060651
4061327
4060849
4034326
4094386
4060761
3985467
4095089
4095903
3986639
4095104
4095828
4096432
4095253
4118148
4118106
4118547
4118926
4119017
4119122
4119095
4119139
4119586
4119123
4119300
4119098
4120301
4121274
4124710
4187102
4121275
4186843
4187115
4126358
4192729
4187216
4187018
4415985
4417324
4417364
4418394
4121277
4440855
4418404
4415932
4440663
4417362
4541412
4474402
4541426
4541765
4542137
4474403
4542340
4542461
4541811
4572973
4542096
4594579
4595604
4595424
4595867
4596155
4596315
4596317
4597049
4597312
4597070
4597083
4596849
4597689
4597335
4595513
4597732
4598028
4597271
4654483
4655104
4655397
4598034
4655656
4655369
4597754
4655080
4736767
4737889
4656778
4738101
4766045
4767056
4766628
4767471
4767067
4766642
4803429
4736743
4767151
4738528
4803824
4767716
4804433
4803051
4766201
4805741
4803316
4806230
4804874
4806298
4807167
4887138
4841459
4887270
4887988
4888812
4888422
4948465
4948043
4947926
5041809
4948933
5172299
5545255
5171228
5055816
5545222
5055822
5545364
5545649
5545916
5546018
5546276
5546100
5546182
5546249
5546527
5546274
5546665
5546450
5546934
5546955
5546673
5547096
5546881
5547261
5547087
5547471
5547136
5547457
5554751
5555109
5555151
5555283
5555428
5555298
5555469
5555476
5555721
5555525
5555956
5555882
5555894
5555712
5555828
5555967
5555935
5556130
5556024
5556246
5556222
5556541
5556405
5556713
5556649
5556400
5556763
5556752
5556844
5556482
5556899
5557264
5557218
5557543
5557718
5557637
5557687
5557605
5557819
5557900
5558170
5557738
5558075
5558095
5558256
5558578
5558422
5558968
5559047
5559092
5557838
5559145
5559189
5559618
5559121
5559568
5559546
5559771
5559900
5560124
5560129
5560090
5560270
5560298
5560259
5560359
5560508
5560718
5560833
5560448
5560920
5560590
5560852
5561003
5561180
5561165
5561254
5561067
5561056
5561564
5561619
5561857
5561882
5561902
5561795
5562124
5562305
5562394
5562636
5562397
5562555
5562187
5562720
5562445
5562575
5562642
5562622
5563152
5563174
5563181
5563193
5563647
5563318
5563633
5563613
5563546
5563795
5563871
5563783
5563824
5563917
5563937
5563927
5564103
5563617
5564107
5564093
5564708
5564550
5564584
5564616
5565081
5564766
5565079
5565422
5565660
5565766
5565681
5565515
5565563
5565712
5565836
5565542
5566183
5565750
5566206
5565303
5565864
5566105
5566421
5566475
5566259
5566164
5566938
5566884
5566989
5566847
5567365
5567279
5566653
5567398
5567482
5567730
5567978
5567931
5567577
5567595
5568098
5568014
5567816
5567483
5568104
5568404
5568389
5568376
5568823
5568662
5568607
5569267
5569352
5569302
5568903
5569511
5569408
5569802
5569696
5569416
5570072
5570073
5568570
5570716
5570461
5570601
5570998
5571097
5570795
5571271
5571593
5571620
5571308
5571461
5571430
5571038
5571345
5571887
5572077
5572395
5572171
5572660
5572672
5572092
5572791
5572048
5572850
5572556
5572468
5572773
5572877
5572927
5572901
5572702
5573167
5573280
5573388
5573401
5573132
5573529
5573476
5573438
5573570
5573483
5573708
5573299
5573951
5573541
5573814
5573598
5573903
5573878
5574119
5574126
5574147
5574143
5573609
5574289
5574652
5574507
5574256
5574710
5575080
5575030
5575281
5575034
5573999
5575483
5575658
5575788
5575730
5575859
5576116
5575657
5576057
5575822
5576092
5576397
5575806
5576161
3622761
3625023
3622682
3624990
3625226
3625397
2709428
3625174
3625424
3625601
3624920
3626057
3626036
3626080
3626174
3625979
3625845
3625785
3626089
3630473
3630509
3630399
3630647
3630939
3625823
3631040
3631010
3630614
3630974
3631239
3631011
3631378
3631266
3631664
3631413
3631261
3642733
3642755
3643040
3643065
3643177
3643246
3631953
3643279
3643603
3643562
3643695
3643358
3643405
3653477
3653900
3653663
3653398
3653751
3653882
3654036
3654070
3654597
3654356
3668765
3668533
3668852
3668098
3654120
3668875
3654632
3668609
3668596
3668648
3668660
3668199
3668754
3668978
3668541
3669067
3669058
3668549
3669006
3669016
3668962
3669254
3668936
3669307
3669555
3669550
3669346
3669700
3669703
3668870
3669796
3668940
3669451
3669502
3669794
3669330
3669708
3670137
3670294
3670073
3669648
3670055
3669976
3669735
3670377
3670006
3670463
3670537
3670394
3670448
3670542
3670648
3670213
3670498
3670635
3670276
3669601
3670770
3670859
3670584
3670683
3670578
3671123
3670785
3670964
3671172
3670820
3670974
3671295
3670661
3670946
3671112
3680650
3680653
3671314
3670894
3680748
3671204
3670936
3680711
3680921
3670214
3681568
3681130
3681752
3681899
3681905
3682317
3682090
3682046
3682237
3681835
3682077
3682492
3696954
3682521
3681968
3696798
3696803
3681629
3696698
3713846
3697403
3713950
3713892
3713893
3714223
3714087
3714565
3714458
3714455
3714848
3714799
3715138
3714070
3714058
3714343
3715122
3715078
3715285
3715773
3716020
3715089
3738594
3738727
3738807
3738864
3738954
3738908
3715658
3739844
3740229
3740226
3740021
3741010
3740729
3740834
3716048
3740964
3741240
3741114
3741713
3740967
3741399
3741537
3741818
3741220
3741669
3741819
3742266
3741715
3742007
3742311
3743251
3769097
3769208
3742269
3769301
3769384
3743249
3742151
3769576
3769913
3769947
3770256
3770668
3770404
3770301
3770704
3770779
3770567
3770341
3770792
3770136
3771135
3770924
3771305
3771550
3771219
3795210
3796790
3795129
3797338
3797637
3797223
3798102
3798553
3798211
3798654
3798874
3799094
3798043
3799629
3799388
3799682
3799255
3799125
3799761
3799711
3799537
3799974
3799998
3800275
3799916
3800877
3800252
3800643
3801097
3801601
3801107
3801617
3824137
3801345
3798076
3801533
3801558
3800642
3825202
3824345
3825199
3825311
3825245
3825595
3824718
3825290
3824401
3825074
3825483
3800832
3825293
3825665
3825247
3825844
3825898
3826097
3825874
3801635
3826265
3826255
3827076
3826298
3826212
3826600
3826254
3826787
3826050
3827194
3827252
3827489
3827805
3827543
3827527
3827055
3828005
3827926
3827960
3827950
3825523
3825780
3828016
3828256
3828010
3828006
3828483
3828559
3828695
3828665
3828640
3828868
3828754
3828642
3827473
3828963
3829154
3829181
3828884
3854771
3854349
3828944
3854890
3854868
3855064
3855264
3855300
3855297
3855519
3855492
3856026
3855728
3856142
3856435
3855557
3855507
3856425
3856558
3855748
3856589
3856060
3855656
3856688
3855747
3856991
3856013
3857503
3857400
3857450
3858379
3890498
3890422
3890529
3890815
3890838
3890350
3890884
3857630
3891926
3891115
3891101
3892360
3892171
3892135
3892461
3892952
3893659
3893620
3892269
3956008
3956153
3956219
3956241
3892335
3956575
3956066
3957397
3892794
3958024
3958228
3958442
3957576
3958732
3957418
3958237
3959219
3959712
3958823
3959755
3960216
3959818
3959813
3959969
3960020
3960881
3960941
3984641
3984866
3986831
3986960
3984969
3987545
3987482
3987353
3986828
3988197
3987727
3988363
3987985
3989455
3988910
3989489
3990301
3989418
3990151
3990504
3990187
3990806
3989519
3990835
3990812
3987816
3991276
3991350
3991831
3991823
3991319
3991716
3991192
3991893
3992409
3992473
3992379
3992523
3992584
3991650
3993128
3993247
3993315
3993303
3993781
3993797
3993955
3993861
3994514
3994967
3995031
3995103
3995393
3995802
3995598
3995354
3996020
3994547
3995806
3995526
3996197
3996060
3996113
3996081
3996331
3994963
3996341
3996317
4062299
3996714
4062362
4062167
4062719
4062352
4062272
4062614
4062960
4096932
4095734
4096988
4097285
4097068
4097860
4097865
4098013
4098399
4098656
4098705
4098710
4098870
4097963
4098965
4098992
4099065
4099279
4098968
4120838
4099952
4099411
4099185
4099518
4121766
4121519
4121438
4198288
4198242
4197929
4198155
4198868
4198409
4200312
4200369
4201080
4201261
4201130
4200843
4201472
4201693
4201127
4201852
4206506
4199845
4204330
4207191
4201347
4201028
4201424
4212577
4201416
4212563
4213344
4213571
4218859
4213326
4418564
4441640
4441859
4441860
4447096
4447474
4447368
4447351
4447742
4447530
4447599
4474844
4511334
4511872
4511242
4511209
4512502
4512421
4512297
4512715
4512611
4518439
4512838
4519124
4518528
4518530
4519472
4519105
4519513
4519461
4519488
4519322
4520801
4520125
4519805
4520400
4521082
4521611
4574143
4520391
4522044
4521818
4521591
4521999
4521489
4541373
4575110
4574827
4574929
4574615
4575129
4575459
4574338
4575789
4599322
4574271
4575367
4599731
4574795
4599222
4575792
4574549
4575198
4598294
4599891
4599384
4626206
4599899
4600093
4626396
4626211
4626615
4626737
4626434
4626848
4626540
4627193
4626849
4627272
4626766
4656034
4627671
4627683
4656254
4627910
4657910
4658750
4659791
4659358
4659204
4659919
4660105
4659703
4660570
4660281
4660311
4660772
4660728
4660708
4715688
4661271
4660312
4661669
4660778
4716878
4716618
4715864
4717115
4716399
4717754
4718551
4739236
4737828
4719354
4739290
4739567
4739439
4739308
4739474
4739816
4737940
4740470
4737246
4739360
4737470
4768319
4768346
4768850
4740399
4739200
4770248
4808592
4770209
4768578
4770233
4809967
4810246
4808532
4809097
4811619
4811528
4810524
4811944
4807197
4812694
4812926
4812811
4812894
4812921
4813376
4813461
4814213
4889304
4842880
4813353
4891658
4888885
4890436
4841353
4893347
4891698
4895311
4892357
4895397
4893957
4895897
4949554
4949795
4950184
4897172
4896492
4950519
4951100
4950093
4952454
4960698
4951975
5053889
4952368
4949714
4950201
5172941
5057654
5057994
5173039
5057982
5174080
5177564
5060166
5172938
5057671
5179749
5183850
5183408
5186328
5181731
5188287
5180344
5179882
2709627
5571534
2709648
2709777
2709750
2709753
2709876
2710045
2709976
5179439
2710197
2709854
2710146
2710116
2710302
2709470
2710198
2710293
2710315
2710468
2710807
2710696
2710862
2710729
2710777
2710286
2710900
2710688
2711134
2710307
2711345
2711169
2711519
2711537
2711472
2711756
2711669
2711615
2711969
2711762
2711465
2712021
2712010
2712102
2712192
2711947
2711568
2712376
2711996
2712131
2712229
2712412
2712435
2712368
2712426
2712465
2712382
2712601
2712436
2712784
2712886
2712410
2712455
2713040
2712801
2713251
2713249
2713211
2713585
2713270
2713587
2713625
2713675
2713370
2713628
2713559
2713265
2713967
2713884
2713751
2714018
2714072
2714120
2714123
2713796
2714170
2714518
2714832
2714838
2714530
2714882
2714455
2715058
2715038
2715389
2715430
2715439
2715516
2715629
2715275
2715552
2715885
2715907
2715937
2715897
2715639
2715847
2716102
2716222
2715664
2716199
2716435
2715618
2716350
2716322
2716493
2716319
2716714
2716765
2716828
2716570
2717452
2717583
2717584
2718136
2717841
2718582
2718169
2718510
2718570
2718648
2718635
2718753
2718307
2718854
2718342
2718737
2718588
2719209
2719323
2719325
2719370
2719420
2719469
2719388
2718650
2719599
2719235
2719607
2719666
2719752
2719703
2719711
2720099
2719769
2720137
2720430
2720373
2720668
2720640
2720886
2720913
2720875
2721017
2721271
2721227
2721160
2721302
2721240
2721397
2721421
2721395
2721431
2721153
2721632
2721639
2721745
2721564
2721530
2721407
2721701
2721633
2721719
2721961
3039353
3623001
2721952
2721931
3623177
3623114
3623027
3623376
3623288
3626221
3623423
3623342
3626259
3626238
3623063
3626252
3626415
3626417
3626249
3626333
3626502
3626358
3626497
3632075
3626348
3632036
3631705
3644001
3643564
3644610
3644796
3643471
3644419
3644875
3644609
3645095
3644446
3645432
3645278
3654803
3654692
3645255
3654933
3654872
3654732
3655438
3655301
3655722
3655680
3655752
3655727
3671341
3671391
3671527
3671717
3671396
3671539
3671949
3671747
3671492
3671670
3671678
3672019
3672116
3671937
3672051
3672387
3672292
3672297
3671485
3672391
3672030
3671827
3682668
3682793
3682808
3682891
3682936
3682941
3697487
3697765
3672021
3697870
3698463
3698542
3697853
3698018
3698391
3698254
3698781
3698480
3698772
3698774
3699017
3699323
3699435
3699651
3699926
3699582
3699806
3698556
3699910
3716286
3716178
3700100
3700285
3716520
3716576
3699989
3716388
3716637
3716711
3716765
3717134
3717183
3716628
3742413
3742389
3742726
3742882
3742951
3742581
3743308
3742412
3742945
3743298
3742387
3743563
3742580
3743533
3743037
3743830
3744085
3743930
3744027
3743455
3744175
3743821
3744637
3744005
3742885
3771858
3744745
3771731
3771996
3744652
3744348
3744588
3744873
3743678
3772366
3772319
3773248
3772824
3772742
3773095
3772995
3773488
3773335
3773440
3773030
3773694
3773692
3774279
3773884
3773736
3774311
3774386
3774089
3774395
3773902
3744888
3774641
3775203
3775095
3775181
3801700
3801859
3802274
3802647
3802758
3802526
3803042
3802382
3802767
3803688
3803419
3803516
3803719
3803764
3803914
3803699
3802373
3803929
3803116
3802720
3829233
3803942
3829480
3803935
3804124
3829275
3829763
3803597
3829485
3829748
3829220
3830410
3830797
3831260
3831397
3831875
3858199
3831707
3858079
3858403
3858568
3858285
3858648
3858321
3858849
3830413
3859003
3858993
3859342
3859560
3859193
3859895
3859818
3830407
3860084
3860077
3858702
3860249
3859572
3860652
3860377
3893072
3860717
3893686
3860086
3893861
3860517
3894369
3858839
3894320
3894194
3859295
3894790
3894990
3894880
3894557
3894070
3894247
3895612
3896017
3895879
3895743
3893096
3895611
3961086
3961366
3960501
3961194
3961799
3962400
3961776
3962121
3962589
3962827
3961242
3962988
3963413
3963349
3963178
3963828
3964039
3964288
3964290
3964373
3964252
3964891
3964027
3965685
3965883
3965425
3966421
3966617
3966540
3996816
3996903
3965727
3996910
3997218
3965763
3997171
3997527
3997318
3997697
3996952
3997351
3997592
3997476
3963048
3998178
3998979
3998532
3998387
3999217
3998648
4000073
4000791
4000796
4001209
4000855
4000960
4034411
4034851
4001374
4001418
4035095
4000074
4034559
4001351
4035399
4035415
4035990
4035582
4036496
4037066
4036694
4037019
4036142
4038053
4038020
4038691
4038487
4035550
4038621
4038277
4063508
4063512
4064131
4063261
4063675
4064203
4064940
4065240
4065229
4038741
4063617
4063622
4064464
4065007
4065783
4065728
4066284
4066688
4065666
4100748
4100839
4100863
4219153
4219154
4065526
4101208
4219467
4219626
4219899
4225356
4219718
4226182
4221791
4225917
4419288
4418988
4418948
4419089
4419058
4220087
4419964
4420292
4420713
4420701
4420147
4448558
4448735
4449174
4449731
4475159
4448592
4449136
4475887
4476584
4476588
4475838
4476572
4475393
4475025
4477507
4476593
4477595
4477188
4475339
4477972
4478548
4478488
4479240
4479819
4479532
4477950
4479938
4479820
4479258
4480518
4477680
4481088
4479792
4543436
4523797
4523682
4480749
4522999
4481074
4523810
4481060
4480588
4545346
4547338
4543440
4576733
4576767
4576984
4576114
4577228
4577457
4577272
4577673
4577724
4601229
4577902
4600328
4577665
4601785
4601845
4667102
4673820
4673783
4673165
4674324
4674540
4674321
4673695
4673819
4601896
4675251
4673663
4719517
4674437
4720151
4674447
4721179
4721155
4721101
4674623
4721186
4740974
4741027
4741507
4741250
4741988
4741693
4722027
4771622
4742551
4772265
4721562
4771899
4721820
4774394
4741275
4815441
4774591
4844450
4897746
4815412
4898087
4897759
4773831
4843039
4815372
4898270
4814426
4897752
4953031
4953916
4742358
4898050
4961000
4962764
4954761
4960864
5062681
4961845
4962422
5062747
5065351
4961716
5190016
5192797
5065601
5191864
5194141
5193135
